Usuario,Proyecto,Fecha,Horas,Issue
5c8bd7984c5068698da7b839,TEMPO WORKLOAD,2025-06-01,3.9,TEM-5
712020:5e29a15d-dadb-41b1-bd51-d65cb73a9a3e,TEMPO WORKLOAD,2025-06-01,8.0,TEM-9
712020:34c5700f-f485-4468-b4d7-06a7a3e2942b,TEMPO WORKLOAD,2025-06-01,1.5,TEM-7
5c8bd7984c5068698da7b839,TEMPO WORKLOAD,2025-06-01,4.916666666666667,TEM-8
712020:34c5700f-f485-4468-b4d7-06a7a3e2942b,TEMPO WORKLOAD,2025-06-01,0.6666666666666666,TEM-7
712020:1e3eed0c-846c-4ebd-bec7-51d04bbb59c0,TEMPO WORKLOAD,2025-06-02,1.0,TEM-30
5eb2db0fa4c57d0b8b13eecb,TEMPO WORKLOAD,2025-06-02,1.75,TEM-28
6324d3f3ce3e476e42ae2595,TEMPO WORKLOAD,2025-06-02,1.0,TEM-18
712020:267d13ec-de62-4d6f-95f6-db9acfb88e84,TEMPO WORKLOAD,2025-06-02,2.25,TEM-30
6324d3f3ce3e476e42ae2595,TEMPO WORKLOAD,2025-06-02,1.0,TEM-18
712020:1e3eed0c-846c-4ebd-bec7-51d04bbb59c0,TEMPO WORKLOAD,2025-06-02,0.5,TEM-30
5eb2db0fa4c57d0b8b13eecb,TEMPO WORKLOAD,2025-06-02,1.25,TEM-28
557058:c310fa79-8a55-492f-a2fe-6e69a7d7c4eb,TEMPO WORKLOAD,2025-06-02,0.25,TEM-19
5c5857d6036b380b84dc8212,TEMPO WORKLOAD,2025-06-02,0.5,TEM-31
712020:00e94d7a-1f49-4891-bbf9-a2bf827bd258,TEMPO WORKLOAD,2025-06-02,2.5,TEM-9
5eb2e91b96bbcb0b857bfa58,TEMPO WORKLOAD,2025-06-02,6.75,TEM-14
5eb2e91b96bbcb0b857bfa58,TEMPO WORKLOAD,2025-06-02,0.5,TEM-14
712020:a3240ec7-ccb7-4e31-81ed-5338bd11acc2,TEMPO WORKLOAD,2025-06-02,5.0,TEM-8
6310a896316bbc56c4249184,TEMPO WORKLOAD,2025-06-02,0.5,TEM-13
5c8132a6e6e3160b9b6fd44d,TEMPO WORKLOAD,2025-06-02,1.0,TEM-10
712020:50a28763-7675-4ba8-9f58-305b20af5172,TEMPO WORKLOAD,2025-06-02,8.0,TEM-7
712020:ca798410-124d-40e3-9954-420f35eb4d5c,TEMPO WORKLOAD,2025-06-02,7.2,TEM-7
6310a8976856bdd60a9eddae,TEMPO WORKLOAD,2025-06-02,0.5,TEM-14
712020:d26e58e6-874b-4243-ac4e-1d4cb867a542,TEMPO WORKLOAD,2025-06-02,8.0,TEM-8
6310a8963e578bb3b5feb9f3,TEMPO WORKLOAD,2025-06-02,0.5,TEM-13
712020:f50b1e80-f1ef-440b-b954-716fbfdbc927,TEMPO WORKLOAD,2025-06-02,8.0,TEM-9
5f45400afdc3f5003fee080b,TEMPO WORKLOAD,2025-06-02,3.5,TEM-14
62fbddc8bb0704a2a808bd57,TEMPO WORKLOAD,2025-06-02,8.0,TEM-5
5c5857d6036b380b84dc8212,TEMPO WORKLOAD,2025-06-02,0.5,TEM-31
6411cc617222b08f3e70f716,TEMPO WORKLOAD,2025-06-02,0.25,TEM-18
61ddc1dcf3037f0069656c13,TEMPO WORKLOAD,2025-06-02,3.5,TEM-22
712020:02ccfc0c-5c0f-4e48-8f91-fb3bb584a2dc,TEMPO WORKLOAD,2025-06-02,8.0,TEM-7
605e40fd2f7d900070bce962,TEMPO WORKLOAD,2025-06-02,4.0,TEM-26
5dbc42d12757660db6144b56,TEMPO WORKLOAD,2025-06-02,1.0,TEM-13
557058:b0ab43f7-2329-4796-9a63-2abcf978b413,TEMPO WORKLOAD,2025-06-02,4.0,TEM-26
6356e77976b91b62562d4fea,TEMPO WORKLOAD,2025-06-02,6.0,TEM-26
712020:31918087-5a23-4883-b0d2-134f05828b32,TEMPO WORKLOAD,2025-06-02,2.5,TEM-14
5c8bd79686c36970e812b609,TEMPO WORKLOAD,2025-06-02,4.0,TEM-7
5c8bd79686c36970e812b609,TEMPO WORKLOAD,2025-06-02,4.0,TEM-9
62e433730b4bf7ad924bcbe5,TEMPO WORKLOAD,2025-06-02,8.0,TEM-7
712020:ab3c5ef0-a515-47fc-9cdd-3b5d0c219224,TEMPO WORKLOAD,2025-06-02,8.0,TEM-9
712020:b6588882-6f04-4ee1-8c9d-7bdd4569e704,TEMPO WORKLOAD,2025-06-02,8.0,TEM-25
712020:39d78a45-5732-4153-afaa-dc9227f4dfe3,TEMPO WORKLOAD,2025-06-02,3.0,TEM-9
607829da95f6fc006aab9e92,TEMPO WORKLOAD,2025-06-02,0.25,TEM-19
712020:1e3eed0c-846c-4ebd-bec7-51d04bbb59c0,TEMPO WORKLOAD,2025-06-02,1.0,TEM-30
712020:f5cdecd9-64db-4d5e-b4a2-c8f4b7201212,TEMPO WORKLOAD,2025-06-02,8.0,TEM-7
63d916c4bf837c6893d6fbad,TEMPO WORKLOAD,2025-06-02,8.0,TEM-7
6299079acd636500697d4701,TEMPO WORKLOAD,2025-06-02,8.0,TEM-21
613fb383e057c6006a1ccade,TEMPO WORKLOAD,2025-06-02,8.0,TEM-8
70121:2c1e0513-4f21-4c96-adc1-8c318e30bc0e,TEMPO WORKLOAD,2025-06-02,3.0,TEM-7
70121:2c1e0513-4f21-4c96-adc1-8c318e30bc0e,TEMPO WORKLOAD,2025-06-02,3.0,TEM-8
712020:98295f35-86b1-4d23-a51b-30dbe7170d11,TEMPO WORKLOAD,2025-06-02,7.2,TEM-7
5c8bd7984c5068698da7b839,TEMPO WORKLOAD,2025-06-02,5.45,TEM-5
712020:15482282-a769-4a4d-a4c2-0424a3a2e0d8,TEMPO WORKLOAD,2025-06-02,3.0,TEM-8
5e751b85fad9000c325d9aae,TEMPO WORKLOAD,2025-06-02,7.5,TEM-8
61e572d77ae0dc006a8b4e9b,TEMPO WORKLOAD,2025-06-02,8.0,TEM-15
70121:e997c5d5-1d6e-4973-80cb-28bfe7343a3f,TEMPO WORKLOAD,2025-06-02,2.25,TEM-15
70121:2c1e0513-4f21-4c96-adc1-8c318e30bc0e,TEMPO WORKLOAD,2025-06-02,1.5,TEM-28
70121:2c1e0513-4f21-4c96-adc1-8c318e30bc0e,TEMPO WORKLOAD,2025-06-02,0.5,TEM-5
557058:c310fa79-8a55-492f-a2fe-6e69a7d7c4eb,TEMPO WORKLOAD,2025-06-02,7.75,TEM-19
6411cc617222b08f3e70f716,TEMPO WORKLOAD,2025-06-02,0.25,TEM-18
607829da95f6fc006aab9e92,TEMPO WORKLOAD,2025-06-02,3.8833333333333333,TEM-19
5c5857d6036b380b84dc8212,TEMPO WORKLOAD,2025-06-02,4.0,TEM-28
6310a896316bbc56c4249184,TEMPO WORKLOAD,2025-06-02,0.25,TEM-10
6310a8976856bdd60a9eddae,TEMPO WORKLOAD,2025-06-02,0.5,TEM-14
6310a8963e578bb3b5feb9f3,TEMPO WORKLOAD,2025-06-02,2.5,TEM-13
6411cc617222b08f3e70f716,TEMPO WORKLOAD,2025-06-02,0.5,TEM-18
5dea6ce9b95b180d17cfc7df,TEMPO WORKLOAD,2025-06-02,1.5,TEM-28
712020:91b42101-19bb-498d-9942-8850a5540c96,TEMPO WORKLOAD,2025-06-02,5.5,TEM-25
6324d3f3ce3e476e42ae2595,TEMPO WORKLOAD,2025-06-02,1.0,TEM-18
70121:272d7cde-e8e4-4a3f-9333-8e1247180871,TEMPO WORKLOAD,2025-06-02,2.5,TEM-18
6310a896316bbc56c4249184,TEMPO WORKLOAD,2025-06-02,0.5,TEM-13
712020:05c80f08-99ab-4608-9ac1-8c3c43fbef01,TEMPO WORKLOAD,2025-06-02,0.5,TEM-25
61ddc1dcf3037f0069656c13,TEMPO WORKLOAD,2025-06-02,2.5,TEM-24
6022a0ace7deee0069225fbd,TEMPO WORKLOAD,2025-06-02,2.0,TEM-13
712020:76b2ab6b-f08d-4fef-9ced-52ff15fad7a0,TEMPO WORKLOAD,2025-06-02,0.13333333333333333,TEM-21
6310a8954fbe9c4bd0edf82a,TEMPO WORKLOAD,2025-06-02,0.5,TEM-19
712020:3268e7ac-2411-4ef8-a85a-d619f040639c,TEMPO WORKLOAD,2025-06-02,2.0,TEM-25
712020:f71fff89-9283-4b8c-afc6-a4ccda67573c,TEMPO WORKLOAD,2025-06-02,8.0,TEM-7
712020:f518f4e7-7314-45a9-a3ef-723ad3fd6d7f,TEMPO WORKLOAD,2025-06-02,6.75,TEM-7
5c8132a6e6e3160b9b6fd44d,TEMPO WORKLOAD,2025-06-02,2.0,TEM-13
712020:a7ee73c4-a6b3-4a8b-b22b-97aa3edf3ff7,TEMPO WORKLOAD,2025-06-02,4.0,TEM-8
6310a8976856bdd60a9eddae,TEMPO WORKLOAD,2025-06-02,1.0,TEM-14
5d6fae7bab129d0c306da857,TEMPO WORKLOAD,2025-06-02,1.0,TEM-13
613fb43fe6c39d00721944a0,TEMPO WORKLOAD,2025-06-02,2.0,TEM-13
5e0de9b99af3650e9e3ffc97,TEMPO WORKLOAD,2025-06-02,4.0,TEM-14
712020:5ee2f3fa-371b-4e6b-b912-594fc836bd92,TEMPO WORKLOAD,2025-06-02,4.0,TEM-2
63b6c257d3aeefa405443cf9,TEMPO WORKLOAD,2025-06-02,6.0,TEM-24
712020:34c5700f-f485-4468-b4d7-06a7a3e2942b,TEMPO WORKLOAD,2025-06-02,4.0,TEM-7
6411cc617222b08f3e70f716,TEMPO WORKLOAD,2025-06-02,0.25,TEM-18
712020:5912aa5b-0476-4091-834a-994381177d1a,TEMPO WORKLOAD,2025-06-02,6.0,TEM-2
5f03aab970b8a90025641824,TEMPO WORKLOAD,2025-06-02,6.0,TEM-26
712020:6c5881b3-26a9-4223-a18b-14414e7b9d3a,TEMPO WORKLOAD,2025-06-02,8.0,TEM-7
637d1ac0f48fbd9b62d50fc3,TEMPO WORKLOAD,2025-06-02,8.0,TEM-7
5dbc42d12757660db6144b56,TEMPO WORKLOAD,2025-06-02,2.5,TEM-17
712020:c2d6f64b-7c18-4b58-9189-57c8823f4f64,TEMPO WORKLOAD,2025-06-02,8.0,TEM-5
712020:11e8ce5a-06a7-43cf-9c5a-858eed6f0a07,TEMPO WORKLOAD,2025-06-02,8.0,TEM-5
6310a898316bbc56c4249187,TEMPO WORKLOAD,2025-06-02,4.0,TEM-21
712020:2fd5ca9e-c92c-426e-b141-c27cdf46a539,TEMPO WORKLOAD,2025-06-02,6.0,TEM-7
712020:d8a16146-bc5b-4c61-9c5d-af3eaddace2b,TEMPO WORKLOAD,2025-06-02,8.0,TEM-5
70121:716f3beb-9b1e-4b9c-bb75-d5716c9878b0,TEMPO WORKLOAD,2025-06-02,1.0,TEM-17
62fbd97aeec8d4a478d41a3b,TEMPO WORKLOAD,2025-06-02,8.0,TEM-18
712020:e09a2eee-2fe3-41a8-8a9c-29acd2258249,TEMPO WORKLOAD,2025-06-02,1.5,TEM-8
63600fdb1cc605b1fd177862,TEMPO WORKLOAD,2025-06-02,2.0,TEM-6
712020:d1c53603-3e65-4881-b493-a128394d565e,TEMPO WORKLOAD,2025-06-02,9.0,TEM-7
712020:448afbe2-d875-40e8-9541-835a59cdf0a7,TEMPO WORKLOAD,2025-06-02,8.0,TEM-7
712020:5e29a15d-dadb-41b1-bd51-d65cb73a9a3e,TEMPO WORKLOAD,2025-06-02,8.0,TEM-7
5eb2db0fa4c57d0b8b13eecb,TEMPO WORKLOAD,2025-06-02,1.0,TEM-28
712020:76b2ab6b-f08d-4fef-9ced-52ff15fad7a0,TEMPO WORKLOAD,2025-06-02,2.0833333333333335,TEM-21
6310a896316bbc56c4249184,TEMPO WORKLOAD,2025-06-02,1.0,TEM-13
6411cc617222b08f3e70f716,TEMPO WORKLOAD,2025-06-02,0.25,TEM-18
6310a8954fbe9c4bd0edf82a,TEMPO WORKLOAD,2025-06-02,0.5,TEM-19
712020:05c80f08-99ab-4608-9ac1-8c3c43fbef01,TEMPO WORKLOAD,2025-06-02,8.0,TEM-25
63e1170728cddcc70773cbd6,TEMPO WORKLOAD,2025-06-02,6.0,TEM-14
6411cc617222b08f3e70f716,TEMPO WORKLOAD,2025-06-02,0.25,TEM-18
6324d3f3ce3e476e42ae2595,TEMPO WORKLOAD,2025-06-02,1.0,TEM-18
712020:267d13ec-de62-4d6f-95f6-db9acfb88e84,TEMPO WORKLOAD,2025-06-02,1.0,TEM-30
712020:6b82bca4-7ae3-4417-b5b5-76024cf32617,TEMPO WORKLOAD,2025-06-02,0.5,TEM-22
5eb2db0fa4c57d0b8b13eecb,TEMPO WORKLOAD,2025-06-02,1.0,TEM-28
6411cc617222b08f3e70f716,TEMPO WORKLOAD,2025-06-02,0.75,TEM-18
6310a8954fbe9c4bd0edf82a,TEMPO WORKLOAD,2025-06-02,5.0,TEM-19
6310a8976856bdd60a9eddae,TEMPO WORKLOAD,2025-06-02,0.5,TEM-14
5f4d8530d0884f00492507dd,TEMPO WORKLOAD,2025-06-02,3.5,TEM-26
5dea6ce9b95b180d17cfc7df,TEMPO WORKLOAD,2025-06-02,2.0,TEM-26
712020:460f9b37-2b1d-4960-8575-5dc964940e8f,TEMPO WORKLOAD,2025-06-02,2.0,TEM-26
712020:c24d4628-d885-44d1-8ec8-dd76d416436a,TEMPO WORKLOAD,2025-06-02,2.0,TEM-26
64076b2b4d5e4b44e233faf6,TEMPO WORKLOAD,2025-06-02,3.0,TEM-26
636e3660c383ad842147234a,TEMPO WORKLOAD,2025-06-02,2.5,TEM-26
712020:6b82bca4-7ae3-4417-b5b5-76024cf32617,TEMPO WORKLOAD,2025-06-02,2.0,TEM-22
6310a896316bbc56c4249184,TEMPO WORKLOAD,2025-06-02,0.5,TEM-13
70121:e997c5d5-1d6e-4973-80cb-28bfe7343a3f,TEMPO WORKLOAD,2025-06-02,1.5,TEM-28
6310a8976856bdd60a9eddae,TEMPO WORKLOAD,2025-06-02,0.5,TEM-14
5d6fae7bab129d0c306da857,TEMPO WORKLOAD,2025-06-02,3.0,TEM-13
6411cc617222b08f3e70f716,TEMPO WORKLOAD,2025-06-02,3.25,TEM-18
712020:31918087-5a23-4883-b0d2-134f05828b32,TEMPO WORKLOAD,2025-06-02,4.5,TEM-14
712020:e09a2eee-2fe3-41a8-8a9c-29acd2258249,TEMPO WORKLOAD,2025-06-02,0.25,TEM-8
6310a896316bbc56c4249184,TEMPO WORKLOAD,2025-06-02,1.25,TEM-10
712020:e09a2eee-2fe3-41a8-8a9c-29acd2258249,TEMPO WORKLOAD,2025-06-02,2.5,TEM-8
6022a0ace7deee0069225fbd,TEMPO WORKLOAD,2025-06-02,1.0,TEM-14
712020:3268e7ac-2411-4ef8-a85a-d619f040639c,TEMPO WORKLOAD,2025-06-02,1.0,TEM-25
712020:00e94d7a-1f49-4891-bbf9-a2bf827bd258,TEMPO WORKLOAD,2025-06-02,1.0,TEM-9
5c8132a6e6e3160b9b6fd44d,TEMPO WORKLOAD,2025-06-02,2.0,TEM-13
712020:51261fb6-b689-4617-8eae-46a70a19df7c,TEMPO WORKLOAD,2025-06-02,6.5,TEM-9
6310a8976856bdd60a9eddae,TEMPO WORKLOAD,2025-06-02,0.5,TEM-14
6310a8963e578bb3b5feb9f3,TEMPO WORKLOAD,2025-06-02,4.5,TEM-13
613fb43fe6c39d00721944a0,TEMPO WORKLOAD,2025-06-02,0.5,TEM-13
70121:272d7cde-e8e4-4a3f-9333-8e1247180871,TEMPO WORKLOAD,2025-06-02,0.75,TEM-18
712020:39d78a45-5732-4153-afaa-dc9227f4dfe3,TEMPO WORKLOAD,2025-06-02,3.0,TEM-7
63600fdb1cc605b1fd177862,TEMPO WORKLOAD,2025-06-02,3.0,TEM-28
712020:15482282-a769-4a4d-a4c2-0424a3a2e0d8,TEMPO WORKLOAD,2025-06-02,2.5,TEM-7
5eb2db0fa4c57d0b8b13eecb,TEMPO WORKLOAD,2025-06-02,1.5,TEM-6
712020:76b2ab6b-f08d-4fef-9ced-52ff15fad7a0,TEMPO WORKLOAD,2025-06-02,1.85,TEM-21
6310a8976856bdd60a9eddae,TEMPO WORKLOAD,2025-06-02,0.5,TEM-14
613fb43fe6c39d00721944a0,TEMPO WORKLOAD,2025-06-02,2.0,TEM-13
5f45400afdc3f5003fee080b,TEMPO WORKLOAD,2025-06-02,1.0,TEM-14
5dbc42d12757660db6144b56,TEMPO WORKLOAD,2025-06-02,1.5,TEM-17
5c8bd7984c5068698da7b839,TEMPO WORKLOAD,2025-06-02,1.3,TEM-4
70121:272d7cde-e8e4-4a3f-9333-8e1247180871,TEMPO WORKLOAD,2025-06-02,0.25,TEM-18
70121:e997c5d5-1d6e-4973-80cb-28bfe7343a3f,TEMPO WORKLOAD,2025-06-02,0.5,TEM-28
6022a0ace7deee0069225fbd,TEMPO WORKLOAD,2025-06-02,1.0,TEM-13
712020:3268e7ac-2411-4ef8-a85a-d619f040639c,TEMPO WORKLOAD,2025-06-02,2.0,TEM-25
712020:00e94d7a-1f49-4891-bbf9-a2bf827bd258,TEMPO WORKLOAD,2025-06-02,2.5,TEM-9
712020:d6bab2e1-1616-4bfb-83a4-2be2aebf31ed,TEMPO WORKLOAD,2025-06-02,6.0,TEM-8
6310a896316bbc56c4249184,TEMPO WORKLOAD,2025-06-02,1.0,TEM-13
6310a8976856bdd60a9eddae,TEMPO WORKLOAD,2025-06-02,2.0,TEM-14
5dea6ce9b95b180d17cfc7df,TEMPO WORKLOAD,2025-06-02,1.0,TEM-28
712020:c24d4628-d885-44d1-8ec8-dd76d416436a,TEMPO WORKLOAD,2025-06-02,2.0,TEM-26
70121:272d7cde-e8e4-4a3f-9333-8e1247180871,TEMPO WORKLOAD,2025-06-02,0.25,TEM-18
712020:267d13ec-de62-4d6f-95f6-db9acfb88e84,TEMPO WORKLOAD,2025-06-02,1.0,TEM-30
712020:6b82bca4-7ae3-4417-b5b5-76024cf32617,TEMPO WORKLOAD,2025-06-02,3.5,TEM-22
607829da95f6fc006aab9e92,TEMPO WORKLOAD,2025-06-02,1.8666666666666667,TEM-19
70121:272d7cde-e8e4-4a3f-9333-8e1247180871,TEMPO WORKLOAD,2025-06-02,0.25,TEM-18
70121:e997c5d5-1d6e-4973-80cb-28bfe7343a3f,TEMPO WORKLOAD,2025-06-02,2.0,TEM-15
5f45400afdc3f5003fee080b,TEMPO WORKLOAD,2025-06-02,2.0,TEM-14
5c5857d6036b380b84dc8212,TEMPO WORKLOAD,2025-06-02,1.0,TEM-28
6022a0ace7deee0069225fbd,TEMPO WORKLOAD,2025-06-02,1.0,TEM-14
712020:a3240ec7-ccb7-4e31-81ed-5338bd11acc2,TEMPO WORKLOAD,2025-06-02,3.0,TEM-8
5c8132a6e6e3160b9b6fd44d,TEMPO WORKLOAD,2025-06-02,2.0,TEM-13
5e0de9b99af3650e9e3ffc97,TEMPO WORKLOAD,2025-06-02,4.0,TEM-14
5dea6ce9b95b180d17cfc7df,TEMPO WORKLOAD,2025-06-02,0.5,TEM-26
64076b2b4d5e4b44e233faf6,TEMPO WORKLOAD,2025-06-02,1.5,TEM-26
5dbc42d12757660db6144b56,TEMPO WORKLOAD,2025-06-02,0.5,TEM-17
6324d3f3ce3e476e42ae2595,TEMPO WORKLOAD,2025-06-02,4.0,TEM-18
70121:716f3beb-9b1e-4b9c-bb75-d5716c9878b0,TEMPO WORKLOAD,2025-06-02,2.0,TEM-17
5c8bd7984c5068698da7b839,TEMPO WORKLOAD,2025-06-02,1.1166666666666667,TEM-8
712020:76b2ab6b-f08d-4fef-9ced-52ff15fad7a0,TEMPO WORKLOAD,2025-06-02,3.2333333333333334,TEM-21
5eb2db0fa4c57d0b8b13eecb,TEMPO WORKLOAD,2025-06-02,1.5,TEM-6
5d6fae7bab129d0c306da857,TEMPO WORKLOAD,2025-06-02,1.0,TEM-13
613fb43fe6c39d00721944a0,TEMPO WORKLOAD,2025-06-02,0.5,TEM-13
5dbc42d12757660db6144b56,TEMPO WORKLOAD,2025-06-02,1.0,TEM-14
712020:15482282-a769-4a4d-a4c2-0424a3a2e0d8,TEMPO WORKLOAD,2025-06-02,2.5,TEM-9
5c5857d6036b380b84dc8212,TEMPO WORKLOAD,2025-06-02,0.5,TEM-17
6411cc617222b08f3e70f716,TEMPO WORKLOAD,2025-06-02,0.75,TEM-18
5dea6ce9b95b180d17cfc7df,TEMPO WORKLOAD,2025-06-02,1.25,TEM-28
6022a0ace7deee0069225fbd,TEMPO WORKLOAD,2025-06-02,0.5,TEM-13
712020:3268e7ac-2411-4ef8-a85a-d619f040639c,TEMPO WORKLOAD,2025-06-02,0.5,TEM-25
6310a896316bbc56c4249184,TEMPO WORKLOAD,2025-06-02,1.0,TEM-13
712020:a7ee73c4-a6b3-4a8b-b22b-97aa3edf3ff7,TEMPO WORKLOAD,2025-06-02,4.0,TEM-8
6310a8976856bdd60a9eddae,TEMPO WORKLOAD,2025-06-02,2.0,TEM-14
613fb43fe6c39d00721944a0,TEMPO WORKLOAD,2025-06-02,1.0,TEM-13
712020:5ee2f3fa-371b-4e6b-b912-594fc836bd92,TEMPO WORKLOAD,2025-06-02,4.0,TEM-2
712020:34c5700f-f485-4468-b4d7-06a7a3e2942b,TEMPO WORKLOAD,2025-06-02,3.0,TEM-7
712020:91b42101-19bb-498d-9942-8850a5540c96,TEMPO WORKLOAD,2025-06-02,0.5,TEM-25
712020:c24d4628-d885-44d1-8ec8-dd76d416436a,TEMPO WORKLOAD,2025-06-02,2.0,TEM-26
712020:39d78a45-5732-4153-afaa-dc9227f4dfe3,TEMPO WORKLOAD,2025-06-02,2.0,TEM-8
712020:26c0a83a-807d-4a6f-8383-61ccef4b9c44,TEMPO WORKLOAD,2025-06-02,6.0,TEM-37
712020:e09a2eee-2fe3-41a8-8a9c-29acd2258249,TEMPO WORKLOAD,2025-06-02,0.5,TEM-8
63600fdb1cc605b1fd177862,TEMPO WORKLOAD,2025-06-02,3.0,TEM-28
5c5857d6036b380b84dc8212,TEMPO WORKLOAD,2025-06-02,0.5,TEM-28
5c8bd7984c5068698da7b839,TEMPO WORKLOAD,2025-06-02,3.7,TEM-5
6022a0ace7deee0069225fbd,TEMPO WORKLOAD,2025-06-02,0.5,TEM-14
712020:3268e7ac-2411-4ef8-a85a-d619f040639c,TEMPO WORKLOAD,2025-06-02,1.5,TEM-13
5d6fae7bab129d0c306da857,TEMPO WORKLOAD,2025-06-02,1.0,TEM-13
5f45400afdc3f5003fee080b,TEMPO WORKLOAD,2025-06-02,1.0,TEM-14
6411cc617222b08f3e70f716,TEMPO WORKLOAD,2025-06-02,2.5,TEM-18
712020:91b42101-19bb-498d-9942-8850a5540c96,TEMPO WORKLOAD,2025-06-02,2.0,TEM-25
5dbc42d12757660db6144b56,TEMPO WORKLOAD,2025-06-02,0.5,TEM-13
712020:e09a2eee-2fe3-41a8-8a9c-29acd2258249,TEMPO WORKLOAD,2025-06-02,3.25,TEM-8
6310a896316bbc56c4249184,TEMPO WORKLOAD,2025-06-02,1.0,TEM-13
5c8132a6e6e3160b9b6fd44d,TEMPO WORKLOAD,2025-06-02,1.0,TEM-13
613fb43fe6c39d00721944a0,TEMPO WORKLOAD,2025-06-02,1.0,TEM-13
5dbc42d12757660db6144b56,TEMPO WORKLOAD,2025-06-02,1.0,TEM-36
712020:31918087-5a23-4883-b0d2-134f05828b32,TEMPO WORKLOAD,2025-06-02,0.5,TEM-14
70121:716f3beb-9b1e-4b9c-bb75-d5716c9878b0,TEMPO WORKLOAD,2025-06-02,1.0,TEM-6
6310a8954fbe9c4bd0edf82a,TEMPO WORKLOAD,2025-06-02,2.0,TEM-23
5dea6ce9b95b180d17cfc7df,TEMPO WORKLOAD,2025-06-02,0.25,TEM-15
6310a8963e578bb3b5feb9f3,TEMPO WORKLOAD,2025-06-02,0.5,TEM-13
63e1170728cddcc70773cbd6,TEMPO WORKLOAD,2025-06-02,0.5,TEM-14
5f45400afdc3f5003fee080b,TEMPO WORKLOAD,2025-06-02,0.5,TEM-14
5f4d8530d0884f00492507dd,TEMPO WORKLOAD,2025-06-02,1.0,TEM-26
5dea6ce9b95b180d17cfc7df,TEMPO WORKLOAD,2025-06-02,1.0,TEM-26
64076b2b4d5e4b44e233faf6,TEMPO WORKLOAD,2025-06-02,1.5,TEM-26
636e3660c383ad842147234a,TEMPO WORKLOAD,2025-06-02,1.5,TEM-26
712020:31918087-5a23-4883-b0d2-134f05828b32,TEMPO WORKLOAD,2025-06-02,0.5,TEM-14
5e751b85fad9000c325d9aae,TEMPO WORKLOAD,2025-06-02,7.5,TEM-8
712020:267d13ec-de62-4d6f-95f6-db9acfb88e84,TEMPO WORKLOAD,2025-06-02,2.0,TEM-30
712020:6b82bca4-7ae3-4417-b5b5-76024cf32617,TEMPO WORKLOAD,2025-06-02,2.0,TEM-22
712020:1e3eed0c-846c-4ebd-bec7-51d04bbb59c0,TEMPO WORKLOAD,2025-06-02,2.0,TEM-30
712020:3268e7ac-2411-4ef8-a85a-d619f040639c,TEMPO WORKLOAD,2025-06-02,0.5,TEM-13
5d6fae7bab129d0c306da857,TEMPO WORKLOAD,2025-06-02,1.0,TEM-13
6310a896316bbc56c4249184,TEMPO WORKLOAD,2025-06-02,1.0,TEM-13
63e1170728cddcc70773cbd6,TEMPO WORKLOAD,2025-06-02,1.5,TEM-14
712020:460f9b37-2b1d-4960-8575-5dc964940e8f,TEMPO WORKLOAD,2025-06-02,1.0,TEM-26
712020:76b2ab6b-f08d-4fef-9ced-52ff15fad7a0,TEMPO WORKLOAD,2025-06-02,0.7,TEM-21
712020:3268e7ac-2411-4ef8-a85a-d619f040639c,TEMPO WORKLOAD,2025-06-02,0.5,TEM-13
5dea6ce9b95b180d17cfc7df,TEMPO WORKLOAD,2025-06-02,0.5,TEM-28
5d6fae7bab129d0c306da857,TEMPO WORKLOAD,2025-06-02,1.0,TEM-13
712020:76b2ab6b-f08d-4fef-9ced-52ff15fad7a0,TEMPO WORKLOAD,2025-06-02,2.0,TEM-27
5c8bd7984c5068698da7b839,TEMPO WORKLOAD,2025-06-02,0.2833333333333333,TEM-8
6324d3f3ce3e476e42ae2595,TEMPO WORKLOAD,2025-06-03,3.5,TEM-18
712020:e09a2eee-2fe3-41a8-8a9c-29acd2258249,TEMPO WORKLOAD,2025-06-03,2.0,TEM-8
557058:c310fa79-8a55-492f-a2fe-6e69a7d7c4eb,TEMPO WORKLOAD,2025-06-03,0.25,TEM-19
5c5857d6036b380b84dc8212,TEMPO WORKLOAD,2025-06-03,0.5,TEM-31
712020:00e94d7a-1f49-4891-bbf9-a2bf827bd258,TEMPO WORKLOAD,2025-06-03,2.5,TEM-9
5eb2e91b96bbcb0b857bfa58,TEMPO WORKLOAD,2025-06-03,6.5,TEM-14
712020:a3240ec7-ccb7-4e31-81ed-5338bd11acc2,TEMPO WORKLOAD,2025-06-03,8.0,TEM-8
6310a896316bbc56c4249184,TEMPO WORKLOAD,2025-06-03,0.5,TEM-13
5c8132a6e6e3160b9b6fd44d,TEMPO WORKLOAD,2025-06-03,3.0,TEM-10
712020:50a28763-7675-4ba8-9f58-305b20af5172,TEMPO WORKLOAD,2025-06-03,8.0,TEM-7
712020:3268e7ac-2411-4ef8-a85a-d619f040639c,TEMPO WORKLOAD,2025-06-03,2.5,TEM-13
712020:ca798410-124d-40e3-9954-420f35eb4d5c,TEMPO WORKLOAD,2025-06-03,7.2,TEM-7
6310a8976856bdd60a9eddae,TEMPO WORKLOAD,2025-06-03,1.75,TEM-14
712020:d26e58e6-874b-4243-ac4e-1d4cb867a542,TEMPO WORKLOAD,2025-06-03,8.0,TEM-8
6310a8963e578bb3b5feb9f3,TEMPO WORKLOAD,2025-06-03,0.5,TEM-13
712020:f50b1e80-f1ef-440b-b954-716fbfdbc927,TEMPO WORKLOAD,2025-06-03,8.0,TEM-9
62fbddc8bb0704a2a808bd57,TEMPO WORKLOAD,2025-06-03,8.0,TEM-5
5f45400afdc3f5003fee080b,TEMPO WORKLOAD,2025-06-03,1.0,TEM-14
5c5857d6036b380b84dc8212,TEMPO WORKLOAD,2025-06-03,0.5,TEM-31
6411cc617222b08f3e70f716,TEMPO WORKLOAD,2025-06-03,0.5,TEM-18
712020:02ccfc0c-5c0f-4e48-8f91-fb3bb584a2dc,TEMPO WORKLOAD,2025-06-03,8.0,TEM-7
61ddc1dcf3037f0069656c13,TEMPO WORKLOAD,2025-06-03,1.5,TEM-22
61ddc1dcf3037f0069656c13,TEMPO WORKLOAD,2025-06-03,0.25,TEM-22
605e40fd2f7d900070bce962,TEMPO WORKLOAD,2025-06-03,0.25,TEM-26
557058:b0ab43f7-2329-4796-9a63-2abcf978b413,TEMPO WORKLOAD,2025-06-03,0.3333333333333333,TEM-26
5dbc42d12757660db6144b56,TEMPO WORKLOAD,2025-06-03,0.75,TEM-13
6356e77976b91b62562d4fea,TEMPO WORKLOAD,2025-06-03,6.0,TEM-26
5eb2e91b96bbcb0b857bfa58,TEMPO WORKLOAD,2025-06-03,0.75,TEM-14
712020:31918087-5a23-4883-b0d2-134f05828b32,TEMPO WORKLOAD,2025-06-03,3.0,TEM-14
5c8bd79686c36970e812b609,TEMPO WORKLOAD,2025-06-03,4.0,TEM-7
5c8bd79686c36970e812b609,TEMPO WORKLOAD,2025-06-03,4.0,TEM-9
62e433730b4bf7ad924bcbe5,TEMPO WORKLOAD,2025-06-03,8.0,TEM-7
5dea6ce9b95b180d17cfc7df,TEMPO WORKLOAD,2025-06-03,3.75,TEM-28
712020:39d78a45-5732-4153-afaa-dc9227f4dfe3,TEMPO WORKLOAD,2025-06-03,3.0,TEM-7
712020:267d13ec-de62-4d6f-95f6-db9acfb88e84,TEMPO WORKLOAD,2025-06-03,1.0,TEM-30
607829da95f6fc006aab9e92,TEMPO WORKLOAD,2025-06-03,0.25,TEM-19
712020:b6588882-6f04-4ee1-8c9d-7bdd4569e704,TEMPO WORKLOAD,2025-06-03,8.0,TEM-25
712020:1e3eed0c-846c-4ebd-bec7-51d04bbb59c0,TEMPO WORKLOAD,2025-06-03,1.0,TEM-30
712020:ab3c5ef0-a515-47fc-9cdd-3b5d0c219224,TEMPO WORKLOAD,2025-06-03,8.0,TEM-9
712020:f5cdecd9-64db-4d5e-b4a2-c8f4b7201212,TEMPO WORKLOAD,2025-06-03,8.0,TEM-7
63d916c4bf837c6893d6fbad,TEMPO WORKLOAD,2025-06-03,9.0,TEM-7
6299079acd636500697d4701,TEMPO WORKLOAD,2025-06-03,8.0,TEM-21
613fb383e057c6006a1ccade,TEMPO WORKLOAD,2025-06-03,8.0,TEM-8
63600fdb1cc605b1fd177862,TEMPO WORKLOAD,2025-06-03,2.0,TEM-28
70121:2c1e0513-4f21-4c96-adc1-8c318e30bc0e,TEMPO WORKLOAD,2025-06-03,3.0,TEM-7
70121:2c1e0513-4f21-4c96-adc1-8c318e30bc0e,TEMPO WORKLOAD,2025-06-03,3.0,TEM-8
712020:98295f35-86b1-4d23-a51b-30dbe7170d11,TEMPO WORKLOAD,2025-06-03,7.2,TEM-7
712020:15482282-a769-4a4d-a4c2-0424a3a2e0d8,TEMPO WORKLOAD,2025-06-03,3.0,TEM-8
5c8bd7984c5068698da7b839,TEMPO WORKLOAD,2025-06-03,2.3833333333333333,TEM-4
61e572d77ae0dc006a8b4e9b,TEMPO WORKLOAD,2025-06-03,8.0,TEM-15
70121:e997c5d5-1d6e-4973-80cb-28bfe7343a3f,TEMPO WORKLOAD,2025-06-03,2.75,TEM-15
70121:2c1e0513-4f21-4c96-adc1-8c318e30bc0e,TEMPO WORKLOAD,2025-06-03,2.5,TEM-28
70121:2c1e0513-4f21-4c96-adc1-8c318e30bc0e,TEMPO WORKLOAD,2025-06-03,0.5,TEM-5
557058:c310fa79-8a55-492f-a2fe-6e69a7d7c4eb,TEMPO WORKLOAD,2025-06-03,2.0,TEM-23
605e40fd2f7d900070bce962,TEMPO WORKLOAD,2025-06-03,2.75,TEM-26
607829da95f6fc006aab9e92,TEMPO WORKLOAD,2025-06-03,7.75,TEM-19
557058:b0ab43f7-2329-4796-9a63-2abcf978b413,TEMPO WORKLOAD,2025-06-03,1.0,TEM-26
5c5857d6036b380b84dc8212,TEMPO WORKLOAD,2025-06-03,5.0,TEM-28
6310a896316bbc56c4249184,TEMPO WORKLOAD,2025-06-03,0.25,TEM-10
6310a8963e578bb3b5feb9f3,TEMPO WORKLOAD,2025-06-03,2.5,TEM-13
6411cc617222b08f3e70f716,TEMPO WORKLOAD,2025-06-03,1.5,TEM-18
712020:91b42101-19bb-498d-9942-8850a5540c96,TEMPO WORKLOAD,2025-06-03,5.5,TEM-25
70121:272d7cde-e8e4-4a3f-9333-8e1247180871,TEMPO WORKLOAD,2025-06-03,1.0,TEM-18
712020:05c80f08-99ab-4608-9ac1-8c3c43fbef01,TEMPO WORKLOAD,2025-06-03,0.5,TEM-25
6310a896316bbc56c4249184,TEMPO WORKLOAD,2025-06-03,3.0,TEM-10
61ddc1dcf3037f0069656c13,TEMPO WORKLOAD,2025-06-03,1.0,TEM-24
61ddc1dcf3037f0069656c13,TEMPO WORKLOAD,2025-06-03,2.0,TEM-24
5dbc42d12757660db6144b56,TEMPO WORKLOAD,2025-06-03,0.25,TEM-17
6022a0ace7deee0069225fbd,TEMPO WORKLOAD,2025-06-03,1.0,TEM-13
6310a8954fbe9c4bd0edf82a,TEMPO WORKLOAD,2025-06-03,0.5,TEM-19
712020:76b2ab6b-f08d-4fef-9ced-52ff15fad7a0,TEMPO WORKLOAD,2025-06-03,0.3333333333333333,TEM-21
712020:f71fff89-9283-4b8c-afc6-a4ccda67573c,TEMPO WORKLOAD,2025-06-03,8.0,TEM-7
712020:f518f4e7-7314-45a9-a3ef-723ad3fd6d7f,TEMPO WORKLOAD,2025-06-03,7.0,TEM-7
712020:a7ee73c4-a6b3-4a8b-b22b-97aa3edf3ff7,TEMPO WORKLOAD,2025-06-03,4.0,TEM-8
613fb43fe6c39d00721944a0,TEMPO WORKLOAD,2025-06-03,1.0,TEM-13
5d6fae7bab129d0c306da857,TEMPO WORKLOAD,2025-06-03,1.0,TEM-13
5e0de9b99af3650e9e3ffc97,TEMPO WORKLOAD,2025-06-03,4.0,TEM-14
5f45400afdc3f5003fee080b,TEMPO WORKLOAD,2025-06-03,1.0,TEM-14
712020:5ee2f3fa-371b-4e6b-b912-594fc836bd92,TEMPO WORKLOAD,2025-06-03,4.0,TEM-2
63b6c257d3aeefa405443cf9,TEMPO WORKLOAD,2025-06-03,6.0,TEM-24
712020:34c5700f-f485-4468-b4d7-06a7a3e2942b,TEMPO WORKLOAD,2025-06-03,4.0,TEM-7
712020:5912aa5b-0476-4091-834a-994381177d1a,TEMPO WORKLOAD,2025-06-03,0.5,TEM-18
5f03aab970b8a90025641824,TEMPO WORKLOAD,2025-06-03,3.0,TEM-15
712020:6c5881b3-26a9-4223-a18b-14414e7b9d3a,TEMPO WORKLOAD,2025-06-03,8.0,TEM-7
637d1ac0f48fbd9b62d50fc3,TEMPO WORKLOAD,2025-06-03,8.0,TEM-7
5dbc42d12757660db6144b56,TEMPO WORKLOAD,2025-06-03,0.75,TEM-13
712020:c2d6f64b-7c18-4b58-9189-57c8823f4f64,TEMPO WORKLOAD,2025-06-03,8.0,TEM-5
712020:11e8ce5a-06a7-43cf-9c5a-858eed6f0a07,TEMPO WORKLOAD,2025-06-03,8.0,TEM-5
6310a898316bbc56c4249187,TEMPO WORKLOAD,2025-06-03,4.0,TEM-21
62fbd97aeec8d4a478d41a3b,TEMPO WORKLOAD,2025-06-03,1.0,TEM-18
712020:2fd5ca9e-c92c-426e-b141-c27cdf46a539,TEMPO WORKLOAD,2025-06-03,6.0,TEM-7
712020:d8a16146-bc5b-4c61-9c5d-af3eaddace2b,TEMPO WORKLOAD,2025-06-03,8.0,TEM-5
70121:716f3beb-9b1e-4b9c-bb75-d5716c9878b0,TEMPO WORKLOAD,2025-06-03,2.0,TEM-17
712020:d1c53603-3e65-4881-b493-a128394d565e,TEMPO WORKLOAD,2025-06-03,9.0,TEM-7
712020:448afbe2-d875-40e8-9541-835a59cdf0a7,TEMPO WORKLOAD,2025-06-03,8.0,TEM-7
712020:5e29a15d-dadb-41b1-bd51-d65cb73a9a3e,TEMPO WORKLOAD,2025-06-03,8.0,TEM-9
5eb2db0fa4c57d0b8b13eecb,TEMPO WORKLOAD,2025-06-03,0.5,TEM-18
63e1170728cddcc70773cbd6,TEMPO WORKLOAD,2025-06-03,3.5,TEM-14
712020:76b2ab6b-f08d-4fef-9ced-52ff15fad7a0,TEMPO WORKLOAD,2025-06-03,6.633333333333334,TEM-21
6310a8954fbe9c4bd0edf82a,TEMPO WORKLOAD,2025-06-03,0.25,TEM-19
712020:05c80f08-99ab-4608-9ac1-8c3c43fbef01,TEMPO WORKLOAD,2025-06-03,8.0,TEM-25
712020:5912aa5b-0476-4091-834a-994381177d1a,TEMPO WORKLOAD,2025-06-03,0.5,TEM-18
6324d3f3ce3e476e42ae2595,TEMPO WORKLOAD,2025-06-03,3.0,TEM-18
70121:272d7cde-e8e4-4a3f-9333-8e1247180871,TEMPO WORKLOAD,2025-06-03,0.5,TEM-18
712020:6b82bca4-7ae3-4417-b5b5-76024cf32617,TEMPO WORKLOAD,2025-06-03,0.5,TEM-22
5eb2db0fa4c57d0b8b13eecb,TEMPO WORKLOAD,2025-06-03,2.0,TEM-28
5eb2db0fa4c57d0b8b13eecb,TEMPO WORKLOAD,2025-06-03,2.0,TEM-28
5eb2db0fa4c57d0b8b13eecb,TEMPO WORKLOAD,2025-06-03,2.0,TEM-28
6310a8954fbe9c4bd0edf82a,TEMPO WORKLOAD,2025-06-03,4.25,TEM-19
6310a8976856bdd60a9eddae,TEMPO WORKLOAD,2025-06-03,1.0,TEM-14
61ddc1dcf3037f0069656c13,TEMPO WORKLOAD,2025-06-03,2.5,TEM-18
5dbc42d12757660db6144b56,TEMPO WORKLOAD,2025-06-03,4.0,TEM-17
6022a0ace7deee0069225fbd,TEMPO WORKLOAD,2025-06-03,1.0,TEM-14
5f45400afdc3f5003fee080b,TEMPO WORKLOAD,2025-06-03,2.0,TEM-14
6411cc617222b08f3e70f716,TEMPO WORKLOAD,2025-06-03,0.25,TEM-18
62fbd97aeec8d4a478d41a3b,TEMPO WORKLOAD,2025-06-03,7.0,TEM-18
5f4d8530d0884f00492507dd,TEMPO WORKLOAD,2025-06-03,3.75,TEM-26
712020:5912aa5b-0476-4091-834a-994381177d1a,TEMPO WORKLOAD,2025-06-03,1.0,TEM-18
712020:460f9b37-2b1d-4960-8575-5dc964940e8f,TEMPO WORKLOAD,2025-06-03,3.0,TEM-26
712020:c24d4628-d885-44d1-8ec8-dd76d416436a,TEMPO WORKLOAD,2025-06-03,6.0,TEM-26
64076b2b4d5e4b44e233faf6,TEMPO WORKLOAD,2025-06-03,6.0,TEM-26
712020:6b82bca4-7ae3-4417-b5b5-76024cf32617,TEMPO WORKLOAD,2025-06-03,2.0,TEM-22
557058:c310fa79-8a55-492f-a2fe-6e69a7d7c4eb,TEMPO WORKLOAD,2025-06-03,6.75,TEM-19
6411cc617222b08f3e70f716,TEMPO WORKLOAD,2025-06-03,0.25,TEM-18
5c8bd7984c5068698da7b839,TEMPO WORKLOAD,2025-06-03,4.45,TEM-5
712020:3268e7ac-2411-4ef8-a85a-d619f040639c,TEMPO WORKLOAD,2025-06-03,3.0,TEM-25
5d6fae7bab129d0c306da857,TEMPO WORKLOAD,2025-06-03,0.5,TEM-13
6411cc617222b08f3e70f716,TEMPO WORKLOAD,2025-06-03,0.25,TEM-18
6310a8976856bdd60a9eddae,TEMPO WORKLOAD,2025-06-03,2.0,TEM-14
6411cc617222b08f3e70f716,TEMPO WORKLOAD,2025-06-03,1.5,TEM-18
70121:e997c5d5-1d6e-4973-80cb-28bfe7343a3f,TEMPO WORKLOAD,2025-06-03,0.25,TEM-28
6022a0ace7deee0069225fbd,TEMPO WORKLOAD,2025-06-03,1.0,TEM-13
712020:00e94d7a-1f49-4891-bbf9-a2bf827bd258,TEMPO WORKLOAD,2025-06-03,1.0,TEM-9
5c8132a6e6e3160b9b6fd44d,TEMPO WORKLOAD,2025-06-03,2.0,TEM-13
712020:51261fb6-b689-4617-8eae-46a70a19df7c,TEMPO WORKLOAD,2025-06-03,6.0,TEM-9
6310a8963e578bb3b5feb9f3,TEMPO WORKLOAD,2025-06-03,5.0,TEM-13
613fb43fe6c39d00721944a0,TEMPO WORKLOAD,2025-06-03,2.0,TEM-13
5d6fae7bab129d0c306da857,TEMPO WORKLOAD,2025-06-03,0.5,TEM-13
712020:5912aa5b-0476-4091-834a-994381177d1a,TEMPO WORKLOAD,2025-06-03,0.25,TEM-18
605e40fd2f7d900070bce962,TEMPO WORKLOAD,2025-06-03,1.0,TEM-26
712020:31918087-5a23-4883-b0d2-134f05828b32,TEMPO WORKLOAD,2025-06-03,4.5,TEM-14
70121:272d7cde-e8e4-4a3f-9333-8e1247180871,TEMPO WORKLOAD,2025-06-03,0.5,TEM-18
712020:39d78a45-5732-4153-afaa-dc9227f4dfe3,TEMPO WORKLOAD,2025-06-03,2.0,TEM-8
70121:716f3beb-9b1e-4b9c-bb75-d5716c9878b0,TEMPO WORKLOAD,2025-06-03,1.0,TEM-17
63600fdb1cc605b1fd177862,TEMPO WORKLOAD,2025-06-03,1.0,TEM-28
712020:15482282-a769-4a4d-a4c2-0424a3a2e0d8,TEMPO WORKLOAD,2025-06-03,2.5,TEM-7
70121:e997c5d5-1d6e-4973-80cb-28bfe7343a3f,TEMPO WORKLOAD,2025-06-03,0.25,TEM-27
712020:5912aa5b-0476-4091-834a-994381177d1a,TEMPO WORKLOAD,2025-06-03,1.5,TEM-1
70121:e997c5d5-1d6e-4973-80cb-28bfe7343a3f,TEMPO WORKLOAD,2025-06-03,0.75,TEM-28
5d6fae7bab129d0c306da857,TEMPO WORKLOAD,2025-06-03,1.0,TEM-13
70121:272d7cde-e8e4-4a3f-9333-8e1247180871,TEMPO WORKLOAD,2025-06-03,0.25,TEM-18
6310a896316bbc56c4249184,TEMPO WORKLOAD,2025-06-03,0.5,TEM-13
70121:272d7cde-e8e4-4a3f-9333-8e1247180871,TEMPO WORKLOAD,2025-06-03,0.25,TEM-18
6022a0ace7deee0069225fbd,TEMPO WORKLOAD,2025-06-03,1.0,TEM-13
712020:00e94d7a-1f49-4891-bbf9-a2bf827bd258,TEMPO WORKLOAD,2025-06-03,2.5,TEM-9
712020:d6bab2e1-1616-4bfb-83a4-2be2aebf31ed,TEMPO WORKLOAD,2025-06-03,6.0,TEM-8
5f45400afdc3f5003fee080b,TEMPO WORKLOAD,2025-06-03,2.0,TEM-14
5f03aab970b8a90025641824,TEMPO WORKLOAD,2025-06-03,0.25,TEM-26
636e3660c383ad842147234a,TEMPO WORKLOAD,2025-06-03,0.25,TEM-26
70121:272d7cde-e8e4-4a3f-9333-8e1247180871,TEMPO WORKLOAD,2025-06-03,0.75,TEM-18
5dea6ce9b95b180d17cfc7df,TEMPO WORKLOAD,2025-06-03,0.25,TEM-28
712020:6b82bca4-7ae3-4417-b5b5-76024cf32617,TEMPO WORKLOAD,2025-06-03,2.5,TEM-22
63600fdb1cc605b1fd177862,TEMPO WORKLOAD,2025-06-03,5.0,TEM-17
70121:e997c5d5-1d6e-4973-80cb-28bfe7343a3f,TEMPO WORKLOAD,2025-06-03,1.0,TEM-15
6310a896316bbc56c4249184,TEMPO WORKLOAD,2025-06-03,0.5,TEM-13
6411cc617222b08f3e70f716,TEMPO WORKLOAD,2025-06-03,3.75,TEM-18
5f03aab970b8a90025641824,TEMPO WORKLOAD,2025-06-03,2.75,TEM-15
5d6fae7bab129d0c306da857,TEMPO WORKLOAD,2025-06-03,1.0,TEM-13
5c5857d6036b380b84dc8212,TEMPO WORKLOAD,2025-06-03,1.5,TEM-28
5dea6ce9b95b180d17cfc7df,TEMPO WORKLOAD,2025-06-03,2.25,TEM-28
6324d3f3ce3e476e42ae2595,TEMPO WORKLOAD,2025-06-03,1.5,TEM-18
6310a8976856bdd60a9eddae,TEMPO WORKLOAD,2025-06-03,0.75,TEM-14
6310a896316bbc56c4249184,TEMPO WORKLOAD,2025-06-03,2.0,TEM-13
63e1170728cddcc70773cbd6,TEMPO WORKLOAD,2025-06-03,1.5,TEM-14
712020:5912aa5b-0476-4091-834a-994381177d1a,TEMPO WORKLOAD,2025-06-03,0.75,TEM-18
6022a0ace7deee0069225fbd,TEMPO WORKLOAD,2025-06-03,1.0,TEM-14
5c8132a6e6e3160b9b6fd44d,TEMPO WORKLOAD,2025-06-03,1.0,TEM-13
613fb43fe6c39d00721944a0,TEMPO WORKLOAD,2025-06-03,2.0,TEM-13
5e0de9b99af3650e9e3ffc97,TEMPO WORKLOAD,2025-06-03,1.0,TEM-14
636e3660c383ad842147234a,TEMPO WORKLOAD,2025-06-03,3.75,TEM-26
70121:272d7cde-e8e4-4a3f-9333-8e1247180871,TEMPO WORKLOAD,2025-06-03,0.75,TEM-18
712020:39d78a45-5732-4153-afaa-dc9227f4dfe3,TEMPO WORKLOAD,2025-06-03,3.0,TEM-9
5eb2db0fa4c57d0b8b13eecb,TEMPO WORKLOAD,2025-06-03,1.5,TEM-6
6310a8976856bdd60a9eddae,TEMPO WORKLOAD,2025-06-03,0.5,TEM-14
712020:3268e7ac-2411-4ef8-a85a-d619f040639c,TEMPO WORKLOAD,2025-06-03,2.0,TEM-25
5d6fae7bab129d0c306da857,TEMPO WORKLOAD,2025-06-03,1.0,TEM-13
712020:5912aa5b-0476-4091-834a-994381177d1a,TEMPO WORKLOAD,2025-06-03,0.5,TEM-18
712020:15482282-a769-4a4d-a4c2-0424a3a2e0d8,TEMPO WORKLOAD,2025-06-03,2.5,TEM-9
5dbc42d12757660db6144b56,TEMPO WORKLOAD,2025-06-03,2.25,TEM-17
6022a0ace7deee0069225fbd,TEMPO WORKLOAD,2025-06-03,1.0,TEM-14
712020:a7ee73c4-a6b3-4a8b-b22b-97aa3edf3ff7,TEMPO WORKLOAD,2025-06-03,4.0,TEM-8
5c8132a6e6e3160b9b6fd44d,TEMPO WORKLOAD,2025-06-03,2.0,TEM-13
6310a8976856bdd60a9eddae,TEMPO WORKLOAD,2025-06-03,2.0,TEM-14
5e0de9b99af3650e9e3ffc97,TEMPO WORKLOAD,2025-06-03,1.0,TEM-14
712020:5ee2f3fa-371b-4e6b-b912-594fc836bd92,TEMPO WORKLOAD,2025-06-03,4.0,TEM-2
5f45400afdc3f5003fee080b,TEMPO WORKLOAD,2025-06-03,1.0,TEM-14
712020:34c5700f-f485-4468-b4d7-06a7a3e2942b,TEMPO WORKLOAD,2025-06-03,4.0,TEM-7
712020:5912aa5b-0476-4091-834a-994381177d1a,TEMPO WORKLOAD,2025-06-03,0.5,TEM-18
712020:91b42101-19bb-498d-9942-8850a5540c96,TEMPO WORKLOAD,2025-06-03,0.5,TEM-25
6310a8954fbe9c4bd0edf82a,TEMPO WORKLOAD,2025-06-03,3.0,TEM-23
63e1170728cddcc70773cbd6,TEMPO WORKLOAD,2025-06-03,2.5,TEM-14
5d6fae7bab129d0c306da857,TEMPO WORKLOAD,2025-06-03,0.5,TEM-13
712020:5912aa5b-0476-4091-834a-994381177d1a,TEMPO WORKLOAD,2025-06-03,0.5,TEM-18
712020:91b42101-19bb-498d-9942-8850a5540c96,TEMPO WORKLOAD,2025-06-03,2.0,TEM-25
712020:6b82bca4-7ae3-4417-b5b5-76024cf32617,TEMPO WORKLOAD,2025-06-03,1.0,TEM-22
613fb43fe6c39d00721944a0,TEMPO WORKLOAD,2025-06-03,1.0,TEM-13
5e0de9b99af3650e9e3ffc97,TEMPO WORKLOAD,2025-06-03,2.0,TEM-14
5d6fae7bab129d0c306da857,TEMPO WORKLOAD,2025-06-03,2.0,TEM-13
5f45400afdc3f5003fee080b,TEMPO WORKLOAD,2025-06-03,1.0,TEM-14
5dea6ce9b95b180d17cfc7df,TEMPO WORKLOAD,2025-06-03,0.5,TEM-26
5e751b85fad9000c325d9aae,TEMPO WORKLOAD,2025-06-03,7.5,TEM-8
712020:31918087-5a23-4883-b0d2-134f05828b32,TEMPO WORKLOAD,2025-06-03,0.5,TEM-14
712020:6b82bca4-7ae3-4417-b5b5-76024cf32617,TEMPO WORKLOAD,2025-06-03,2.0,TEM-22
5dea6ce9b95b180d17cfc7df,TEMPO WORKLOAD,2025-06-03,1.25,TEM-28
712020:76b2ab6b-f08d-4fef-9ced-52ff15fad7a0,TEMPO WORKLOAD,2025-06-03,1.0333333333333334,TEM-21
712020:3268e7ac-2411-4ef8-a85a-d619f040639c,TEMPO WORKLOAD,2025-06-03,0.5,TEM-25
70121:716f3beb-9b1e-4b9c-bb75-d5716c9878b0,TEMPO WORKLOAD,2025-06-03,1.0,TEM-17
712020:e09a2eee-2fe3-41a8-8a9c-29acd2258249,TEMPO WORKLOAD,2025-06-03,6.0,TEM-8
712020:76b2ab6b-f08d-4fef-9ced-52ff15fad7a0,TEMPO WORKLOAD,2025-06-03,2.0,TEM-27
6324d3f3ce3e476e42ae2595,TEMPO WORKLOAD,2025-06-04,4.0,TEM-18
70121:272d7cde-e8e4-4a3f-9333-8e1247180871,TEMPO WORKLOAD,2025-06-04,0.25,TEM-18
70121:272d7cde-e8e4-4a3f-9333-8e1247180871,TEMPO WORKLOAD,2025-06-04,0.25,TEM-18
70121:272d7cde-e8e4-4a3f-9333-8e1247180871,TEMPO WORKLOAD,2025-06-04,0.75,TEM-18
712020:1e3eed0c-846c-4ebd-bec7-51d04bbb59c0,TEMPO WORKLOAD,2025-06-04,2.0,TEM-30
5eb2db0fa4c57d0b8b13eecb,TEMPO WORKLOAD,2025-06-04,1.0,TEM-6
557058:c310fa79-8a55-492f-a2fe-6e69a7d7c4eb,TEMPO WORKLOAD,2025-06-04,0.25,TEM-19
5c5857d6036b380b84dc8212,TEMPO WORKLOAD,2025-06-04,0.5,TEM-31
712020:00e94d7a-1f49-4891-bbf9-a2bf827bd258,TEMPO WORKLOAD,2025-06-04,2.5,TEM-9
5eb2e91b96bbcb0b857bfa58,TEMPO WORKLOAD,2025-06-04,0.5,TEM-14
712020:a3240ec7-ccb7-4e31-81ed-5338bd11acc2,TEMPO WORKLOAD,2025-06-04,8.0,TEM-8
6310a896316bbc56c4249184,TEMPO WORKLOAD,2025-06-04,0.5,TEM-13
5eb2e91b96bbcb0b857bfa58,TEMPO WORKLOAD,2025-06-04,5.25,TEM-14
712020:50a28763-7675-4ba8-9f58-305b20af5172,TEMPO WORKLOAD,2025-06-04,10.0,TEM-7
712020:ca798410-124d-40e3-9954-420f35eb4d5c,TEMPO WORKLOAD,2025-06-04,7.2,TEM-7
6310a8976856bdd60a9eddae,TEMPO WORKLOAD,2025-06-04,0.75,TEM-14
5c8132a6e6e3160b9b6fd44d,TEMPO WORKLOAD,2025-06-04,1.0,TEM-13
712020:d26e58e6-874b-4243-ac4e-1d4cb867a542,TEMPO WORKLOAD,2025-06-04,8.0,TEM-8
6310a8963e578bb3b5feb9f3,TEMPO WORKLOAD,2025-06-04,0.5,TEM-13
712020:f50b1e80-f1ef-440b-b954-716fbfdbc927,TEMPO WORKLOAD,2025-06-04,8.0,TEM-9
62fbddc8bb0704a2a808bd57,TEMPO WORKLOAD,2025-06-04,8.0,TEM-5
5f45400afdc3f5003fee080b,TEMPO WORKLOAD,2025-06-04,4.0,TEM-14
5c5857d6036b380b84dc8212,TEMPO WORKLOAD,2025-06-04,0.5,TEM-31
6411cc617222b08f3e70f716,TEMPO WORKLOAD,2025-06-04,0.25,TEM-18
712020:02ccfc0c-5c0f-4e48-8f91-fb3bb584a2dc,TEMPO WORKLOAD,2025-06-04,8.0,TEM-7
61ddc1dcf3037f0069656c13,TEMPO WORKLOAD,2025-06-04,0.5,TEM-18
61ddc1dcf3037f0069656c13,TEMPO WORKLOAD,2025-06-04,1.0,TEM-18
605e40fd2f7d900070bce962,TEMPO WORKLOAD,2025-06-04,0.25,TEM-26
557058:b0ab43f7-2329-4796-9a63-2abcf978b413,TEMPO WORKLOAD,2025-06-04,0.3333333333333333,TEM-26
5dbc42d12757660db6144b56,TEMPO WORKLOAD,2025-06-04,3.0,TEM-17
6356e77976b91b62562d4fea,TEMPO WORKLOAD,2025-06-04,6.0,TEM-26
5eb2e91b96bbcb0b857bfa58,TEMPO WORKLOAD,2025-06-04,1.5,TEM-14
712020:31918087-5a23-4883-b0d2-134f05828b32,TEMPO WORKLOAD,2025-06-04,0.5,TEM-14
70121:272d7cde-e8e4-4a3f-9333-8e1247180871,TEMPO WORKLOAD,2025-06-04,0.25,TEM-18
5c8bd79686c36970e812b609,TEMPO WORKLOAD,2025-06-04,4.0,TEM-7
5c8bd79686c36970e812b609,TEMPO WORKLOAD,2025-06-04,4.0,TEM-9
62e433730b4bf7ad924bcbe5,TEMPO WORKLOAD,2025-06-04,8.0,TEM-2
5dea6ce9b95b180d17cfc7df,TEMPO WORKLOAD,2025-06-04,1.0,TEM-28
5e751b85fad9000c325d9aae,TEMPO WORKLOAD,2025-06-04,8.0,TEM-8
712020:39d78a45-5732-4153-afaa-dc9227f4dfe3,TEMPO WORKLOAD,2025-06-04,3.0,TEM-7
712020:267d13ec-de62-4d6f-95f6-db9acfb88e84,TEMPO WORKLOAD,2025-06-04,1.5,TEM-30
607829da95f6fc006aab9e92,TEMPO WORKLOAD,2025-06-04,0.25,TEM-19
712020:b6588882-6f04-4ee1-8c9d-7bdd4569e704,TEMPO WORKLOAD,2025-06-04,8.0,TEM-25
712020:ab3c5ef0-a515-47fc-9cdd-3b5d0c219224,TEMPO WORKLOAD,2025-06-04,8.0,TEM-9
712020:f5cdecd9-64db-4d5e-b4a2-c8f4b7201212,TEMPO WORKLOAD,2025-06-04,8.0,TEM-7
63d916c4bf837c6893d6fbad,TEMPO WORKLOAD,2025-06-04,9.0,TEM-7
6299079acd636500697d4701,TEMPO WORKLOAD,2025-06-04,8.0,TEM-21
613fb383e057c6006a1ccade,TEMPO WORKLOAD,2025-06-04,8.0,TEM-8
70121:2c1e0513-4f21-4c96-adc1-8c318e30bc0e,TEMPO WORKLOAD,2025-06-04,3.0,TEM-7
70121:2c1e0513-4f21-4c96-adc1-8c318e30bc0e,TEMPO WORKLOAD,2025-06-04,3.0,TEM-8
712020:98295f35-86b1-4d23-a51b-30dbe7170d11,TEMPO WORKLOAD,2025-06-04,7.2,TEM-7
5c8bd7984c5068698da7b839,TEMPO WORKLOAD,2025-06-04,5.816666666666666,TEM-32
712020:15482282-a769-4a4d-a4c2-0424a3a2e0d8,TEMPO WORKLOAD,2025-06-04,3.0,TEM-8
61e572d77ae0dc006a8b4e9b,TEMPO WORKLOAD,2025-06-04,8.0,TEM-15
70121:2c1e0513-4f21-4c96-adc1-8c318e30bc0e,TEMPO WORKLOAD,2025-06-04,4.0,TEM-28
70121:2c1e0513-4f21-4c96-adc1-8c318e30bc0e,TEMPO WORKLOAD,2025-06-04,0.5,TEM-5
70121:e997c5d5-1d6e-4973-80cb-28bfe7343a3f,TEMPO WORKLOAD,2025-06-04,2.0,TEM-15
557058:c310fa79-8a55-492f-a2fe-6e69a7d7c4eb,TEMPO WORKLOAD,2025-06-04,2.0,TEM-17
6411cc617222b08f3e70f716,TEMPO WORKLOAD,2025-06-04,0.25,TEM-18
605e40fd2f7d900070bce962,TEMPO WORKLOAD,2025-06-04,1.75,TEM-26
70121:272d7cde-e8e4-4a3f-9333-8e1247180871,TEMPO WORKLOAD,2025-06-04,0.25,TEM-18
607829da95f6fc006aab9e92,TEMPO WORKLOAD,2025-06-04,7.75,TEM-19
557058:b0ab43f7-2329-4796-9a63-2abcf978b413,TEMPO WORKLOAD,2025-06-04,1.0,TEM-26
5c5857d6036b380b84dc8212,TEMPO WORKLOAD,2025-06-04,4.5,TEM-28
6310a896316bbc56c4249184,TEMPO WORKLOAD,2025-06-04,0.25,TEM-10
6310a8963e578bb3b5feb9f3,TEMPO WORKLOAD,2025-06-04,0.5,TEM-13
6411cc617222b08f3e70f716,TEMPO WORKLOAD,2025-06-04,0.25,TEM-18
712020:91b42101-19bb-498d-9942-8850a5540c96,TEMPO WORKLOAD,2025-06-04,5.5,TEM-25
712020:31918087-5a23-4883-b0d2-134f05828b32,TEMPO WORKLOAD,2025-06-04,3.5,TEM-14
70121:272d7cde-e8e4-4a3f-9333-8e1247180871,TEMPO WORKLOAD,2025-06-04,1.75,TEM-18
5eb2db0fa4c57d0b8b13eecb,TEMPO WORKLOAD,2025-06-04,2.0,TEM-28
6310a8976856bdd60a9eddae,TEMPO WORKLOAD,2025-06-04,2.0,TEM-14
712020:05c80f08-99ab-4608-9ac1-8c3c43fbef01,TEMPO WORKLOAD,2025-06-04,0.5,TEM-25
6310a896316bbc56c4249184,TEMPO WORKLOAD,2025-06-04,0.5,TEM-13
6411cc617222b08f3e70f716,TEMPO WORKLOAD,2025-06-04,0.25,TEM-18
61ddc1dcf3037f0069656c13,TEMPO WORKLOAD,2025-06-04,1.0,TEM-24
61ddc1dcf3037f0069656c13,TEMPO WORKLOAD,2025-06-04,2.0,TEM-24
6022a0ace7deee0069225fbd,TEMPO WORKLOAD,2025-06-04,0.5,TEM-13
6310a8954fbe9c4bd0edf82a,TEMPO WORKLOAD,2025-06-04,0.5,TEM-19
712020:76b2ab6b-f08d-4fef-9ced-52ff15fad7a0,TEMPO WORKLOAD,2025-06-04,0.8166666666666667,TEM-21
712020:f71fff89-9283-4b8c-afc6-a4ccda67573c,TEMPO WORKLOAD,2025-06-04,8.0,TEM-7
712020:f518f4e7-7314-45a9-a3ef-723ad3fd6d7f,TEMPO WORKLOAD,2025-06-04,6.75,TEM-7
712020:a7ee73c4-a6b3-4a8b-b22b-97aa3edf3ff7,TEMPO WORKLOAD,2025-06-04,4.0,TEM-8
6310a8963e578bb3b5feb9f3,TEMPO WORKLOAD,2025-06-04,6.0,TEM-13
712020:3268e7ac-2411-4ef8-a85a-d619f040639c,TEMPO WORKLOAD,2025-06-04,1.0,TEM-13
613fb43fe6c39d00721944a0,TEMPO WORKLOAD,2025-06-04,1.0,TEM-13
5e0de9b99af3650e9e3ffc97,TEMPO WORKLOAD,2025-06-04,4.0,TEM-14
712020:5ee2f3fa-371b-4e6b-b912-594fc836bd92,TEMPO WORKLOAD,2025-06-04,4.0,TEM-2
63b6c257d3aeefa405443cf9,TEMPO WORKLOAD,2025-06-04,6.0,TEM-2
712020:34c5700f-f485-4468-b4d7-06a7a3e2942b,TEMPO WORKLOAD,2025-06-04,1.5,TEM-7
6411cc617222b08f3e70f716,TEMPO WORKLOAD,2025-06-04,0.25,TEM-18
5dea6ce9b95b180d17cfc7df,TEMPO WORKLOAD,2025-06-04,0.5,TEM-28
712020:5912aa5b-0476-4091-834a-994381177d1a,TEMPO WORKLOAD,2025-06-04,0.5,TEM-18
5f03aab970b8a90025641824,TEMPO WORKLOAD,2025-06-04,2.0,TEM-15
712020:6c5881b3-26a9-4223-a18b-14414e7b9d3a,TEMPO WORKLOAD,2025-06-04,8.0,TEM-7
637d1ac0f48fbd9b62d50fc3,TEMPO WORKLOAD,2025-06-04,8.0,TEM-7
712020:c2d6f64b-7c18-4b58-9189-57c8823f4f64,TEMPO WORKLOAD,2025-06-04,8.0,TEM-5
712020:11e8ce5a-06a7-43cf-9c5a-858eed6f0a07,TEMPO WORKLOAD,2025-06-04,8.0,TEM-5
6310a898316bbc56c4249187,TEMPO WORKLOAD,2025-06-04,4.0,TEM-21
62fbd97aeec8d4a478d41a3b,TEMPO WORKLOAD,2025-06-04,1.0,TEM-18
712020:2fd5ca9e-c92c-426e-b141-c27cdf46a539,TEMPO WORKLOAD,2025-06-04,6.0,TEM-7
712020:d8a16146-bc5b-4c61-9c5d-af3eaddace2b,TEMPO WORKLOAD,2025-06-04,8.0,TEM-5
712020:e09a2eee-2fe3-41a8-8a9c-29acd2258249,TEMPO WORKLOAD,2025-06-04,1.25,TEM-8
63600fdb1cc605b1fd177862,TEMPO WORKLOAD,2025-06-04,2.0,TEM-28
712020:d1c53603-3e65-4881-b493-a128394d565e,TEMPO WORKLOAD,2025-06-04,9.0,TEM-7
712020:448afbe2-d875-40e8-9541-835a59cdf0a7,TEMPO WORKLOAD,2025-06-04,8.0,TEM-7
712020:5e29a15d-dadb-41b1-bd51-d65cb73a9a3e,TEMPO WORKLOAD,2025-06-04,8.0,TEM-7
5c8132a6e6e3160b9b6fd44d,TEMPO WORKLOAD,2025-06-04,1.0,TEM-13
6310a896316bbc56c4249184,TEMPO WORKLOAD,2025-06-04,0.5,TEM-13
6411cc617222b08f3e70f716,TEMPO WORKLOAD,2025-06-04,1.0,TEM-18
6310a8954fbe9c4bd0edf82a,TEMPO WORKLOAD,2025-06-04,0.25,TEM-19
6022a0ace7deee0069225fbd,TEMPO WORKLOAD,2025-06-04,0.75,TEM-13
712020:05c80f08-99ab-4608-9ac1-8c3c43fbef01,TEMPO WORKLOAD,2025-06-04,8.0,TEM-25
5dea6ce9b95b180d17cfc7df,TEMPO WORKLOAD,2025-06-04,0.5,TEM-28
712020:5912aa5b-0476-4091-834a-994381177d1a,TEMPO WORKLOAD,2025-06-04,0.25,TEM-18
5d6fae7bab129d0c306da857,TEMPO WORKLOAD,2025-06-04,1.0,TEM-13
712020:6b82bca4-7ae3-4417-b5b5-76024cf32617,TEMPO WORKLOAD,2025-06-04,0.5,TEM-22
6310a8954fbe9c4bd0edf82a,TEMPO WORKLOAD,2025-06-04,4.25,TEM-19
6310a896316bbc56c4249184,TEMPO WORKLOAD,2025-06-04,2.0,TEM-13
712020:5912aa5b-0476-4091-834a-994381177d1a,TEMPO WORKLOAD,2025-06-04,0.5,TEM-18
712020:76b2ab6b-f08d-4fef-9ced-52ff15fad7a0,TEMPO WORKLOAD,2025-06-04,7.183333333333334,TEM-21
613fb43fe6c39d00721944a0,TEMPO WORKLOAD,2025-06-04,1.5,TEM-13
712020:3268e7ac-2411-4ef8-a85a-d619f040639c,TEMPO WORKLOAD,2025-06-04,0.5,TEM-13
63e1170728cddcc70773cbd6,TEMPO WORKLOAD,2025-06-04,5.0,TEM-14
5f4d8530d0884f00492507dd,TEMPO WORKLOAD,2025-06-04,1.5,TEM-26
62fbd97aeec8d4a478d41a3b,TEMPO WORKLOAD,2025-06-04,7.0,TEM-18
712020:460f9b37-2b1d-4960-8575-5dc964940e8f,TEMPO WORKLOAD,2025-06-04,3.0,TEM-26
712020:c24d4628-d885-44d1-8ec8-dd76d416436a,TEMPO WORKLOAD,2025-06-04,6.0,TEM-26
64076b2b4d5e4b44e233faf6,TEMPO WORKLOAD,2025-06-04,3.0,TEM-26
636e3660c383ad842147234a,TEMPO WORKLOAD,2025-06-04,1.0,TEM-26
5dea6ce9b95b180d17cfc7df,TEMPO WORKLOAD,2025-06-04,1.0,TEM-26
712020:6b82bca4-7ae3-4417-b5b5-76024cf32617,TEMPO WORKLOAD,2025-06-04,1.0,TEM-22
70121:e997c5d5-1d6e-4973-80cb-28bfe7343a3f,TEMPO WORKLOAD,2025-06-04,0.5,TEM-28
557058:c310fa79-8a55-492f-a2fe-6e69a7d7c4eb,TEMPO WORKLOAD,2025-06-04,5.75,TEM-19
6022a0ace7deee0069225fbd,TEMPO WORKLOAD,2025-06-04,0.5,TEM-14
6411cc617222b08f3e70f716,TEMPO WORKLOAD,2025-06-04,1.25,TEM-18
712020:5912aa5b-0476-4091-834a-994381177d1a,TEMPO WORKLOAD,2025-06-04,0.75,TEM-18
6324d3f3ce3e476e42ae2595,TEMPO WORKLOAD,2025-06-04,0.5,TEM-18
712020:e09a2eee-2fe3-41a8-8a9c-29acd2258249,TEMPO WORKLOAD,2025-06-04,0.25,TEM-8
5c8132a6e6e3160b9b6fd44d,TEMPO WORKLOAD,2025-06-04,2.0,TEM-13
712020:3268e7ac-2411-4ef8-a85a-d619f040639c,TEMPO WORKLOAD,2025-06-04,0.5,TEM-13
712020:34c5700f-f485-4468-b4d7-06a7a3e2942b,TEMPO WORKLOAD,2025-06-04,2.5,TEM-7
5d6fae7bab129d0c306da857,TEMPO WORKLOAD,2025-06-04,2.0,TEM-13
712020:e09a2eee-2fe3-41a8-8a9c-29acd2258249,TEMPO WORKLOAD,2025-06-04,2.5,TEM-8
712020:1e3eed0c-846c-4ebd-bec7-51d04bbb59c0,TEMPO WORKLOAD,2025-06-04,0.5,TEM-30
5eb2db0fa4c57d0b8b13eecb,TEMPO WORKLOAD,2025-06-04,2.0,TEM-28
5eb2db0fa4c57d0b8b13eecb,TEMPO WORKLOAD,2025-06-04,2.0,TEM-28
70121:e997c5d5-1d6e-4973-80cb-28bfe7343a3f,TEMPO WORKLOAD,2025-06-04,1.0,TEM-28
6022a0ace7deee0069225fbd,TEMPO WORKLOAD,2025-06-04,1.0,TEM-14
6310a8976856bdd60a9eddae,TEMPO WORKLOAD,2025-06-04,5.25,TEM-14
712020:00e94d7a-1f49-4891-bbf9-a2bf827bd258,TEMPO WORKLOAD,2025-06-04,1.0,TEM-9
712020:51261fb6-b689-4617-8eae-46a70a19df7c,TEMPO WORKLOAD,2025-06-04,6.0,TEM-9
712020:3268e7ac-2411-4ef8-a85a-d619f040639c,TEMPO WORKLOAD,2025-06-04,2.0,TEM-25
712020:5912aa5b-0476-4091-834a-994381177d1a,TEMPO WORKLOAD,2025-06-04,0.25,TEM-18
5f03aab970b8a90025641824,TEMPO WORKLOAD,2025-06-04,1.0,TEM-26
5dbc42d12757660db6144b56,TEMPO WORKLOAD,2025-06-04,0.75,TEM-13
636e3660c383ad842147234a,TEMPO WORKLOAD,2025-06-04,1.0,TEM-26
6324d3f3ce3e476e42ae2595,TEMPO WORKLOAD,2025-06-04,3.0,TEM-18
70121:272d7cde-e8e4-4a3f-9333-8e1247180871,TEMPO WORKLOAD,2025-06-04,0.5,TEM-18
5dea6ce9b95b180d17cfc7df,TEMPO WORKLOAD,2025-06-04,0.75,TEM-28
712020:39d78a45-5732-4153-afaa-dc9227f4dfe3,TEMPO WORKLOAD,2025-06-04,2.0,TEM-8
712020:6b82bca4-7ae3-4417-b5b5-76024cf32617,TEMPO WORKLOAD,2025-06-04,1.0,TEM-22
712020:1e3eed0c-846c-4ebd-bec7-51d04bbb59c0,TEMPO WORKLOAD,2025-06-04,1.0,TEM-30
63600fdb1cc605b1fd177862,TEMPO WORKLOAD,2025-06-04,2.0,TEM-17
712020:15482282-a769-4a4d-a4c2-0424a3a2e0d8,TEMPO WORKLOAD,2025-06-04,2.5,TEM-7
712020:5912aa5b-0476-4091-834a-994381177d1a,TEMPO WORKLOAD,2025-06-04,3.25,TEM-1
613fb43fe6c39d00721944a0,TEMPO WORKLOAD,2025-06-04,0.5,TEM-13
6411cc617222b08f3e70f716,TEMPO WORKLOAD,2025-06-04,4.5,TEM-18
70121:e997c5d5-1d6e-4973-80cb-28bfe7343a3f,TEMPO WORKLOAD,2025-06-04,1.0,TEM-15
6022a0ace7deee0069225fbd,TEMPO WORKLOAD,2025-06-04,0.25,TEM-13
6310a896316bbc56c4249184,TEMPO WORKLOAD,2025-06-04,2.5,TEM-13
5dbc42d12757660db6144b56,TEMPO WORKLOAD,2025-06-04,2.0,TEM-17
5dea6ce9b95b180d17cfc7df,TEMPO WORKLOAD,2025-06-04,0.25,TEM-26
6022a0ace7deee0069225fbd,TEMPO WORKLOAD,2025-06-04,0.5,TEM-28
712020:00e94d7a-1f49-4891-bbf9-a2bf827bd258,TEMPO WORKLOAD,2025-06-04,2.5,TEM-9
712020:d6bab2e1-1616-4bfb-83a4-2be2aebf31ed,TEMPO WORKLOAD,2025-06-04,6.0,TEM-8
613fb43fe6c39d00721944a0,TEMPO WORKLOAD,2025-06-04,1.0,TEM-13
5f03aab970b8a90025641824,TEMPO WORKLOAD,2025-06-04,0.25,TEM-26
636e3660c383ad842147234a,TEMPO WORKLOAD,2025-06-04,0.25,TEM-26
712020:31918087-5a23-4883-b0d2-134f05828b32,TEMPO WORKLOAD,2025-06-04,2.0,TEM-14
5dea6ce9b95b180d17cfc7df,TEMPO WORKLOAD,2025-06-04,0.25,TEM-28
712020:6b82bca4-7ae3-4417-b5b5-76024cf32617,TEMPO WORKLOAD,2025-06-04,1.0,TEM-22
5f03aab970b8a90025641824,TEMPO WORKLOAD,2025-06-04,1.0,TEM-15
5dea6ce9b95b180d17cfc7df,TEMPO WORKLOAD,2025-06-04,1.0,TEM-28
6022a0ace7deee0069225fbd,TEMPO WORKLOAD,2025-06-04,1.0,TEM-28
5f45400afdc3f5003fee080b,TEMPO WORKLOAD,2025-06-04,2.0,TEM-14
5c5857d6036b380b84dc8212,TEMPO WORKLOAD,2025-06-04,1.0,TEM-28
636e3660c383ad842147234a,TEMPO WORKLOAD,2025-06-04,1.75,TEM-26
5d6fae7bab129d0c306da857,TEMPO WORKLOAD,2025-06-04,0.5,TEM-13
5eb2db0fa4c57d0b8b13eecb,TEMPO WORKLOAD,2025-06-04,2.0,TEM-28
5c8132a6e6e3160b9b6fd44d,TEMPO WORKLOAD,2025-06-04,1.0,TEM-13
5e0de9b99af3650e9e3ffc97,TEMPO WORKLOAD,2025-06-04,1.0,TEM-14
613fb43fe6c39d00721944a0,TEMPO WORKLOAD,2025-06-04,3.0,TEM-36
64076b2b4d5e4b44e233faf6,TEMPO WORKLOAD,2025-06-04,3.0,TEM-26
5d6fae7bab129d0c306da857,TEMPO WORKLOAD,2025-06-04,0.5,TEM-13
712020:39d78a45-5732-4153-afaa-dc9227f4dfe3,TEMPO WORKLOAD,2025-06-04,3.0,TEM-9
712020:6b82bca4-7ae3-4417-b5b5-76024cf32617,TEMPO WORKLOAD,2025-06-04,2.0,TEM-22
63600fdb1cc605b1fd177862,TEMPO WORKLOAD,2025-06-04,1.0,TEM-28
5f03aab970b8a90025641824,TEMPO WORKLOAD,2025-06-04,1.75,TEM-26
5dea6ce9b95b180d17cfc7df,TEMPO WORKLOAD,2025-06-04,0.5,TEM-26
712020:15482282-a769-4a4d-a4c2-0424a3a2e0d8,TEMPO WORKLOAD,2025-06-04,2.5,TEM-9
5dbc42d12757660db6144b56,TEMPO WORKLOAD,2025-06-04,0.5,TEM-16
5dea6ce9b95b180d17cfc7df,TEMPO WORKLOAD,2025-06-04,0.75,TEM-28
712020:e09a2eee-2fe3-41a8-8a9c-29acd2258249,TEMPO WORKLOAD,2025-06-04,4.0,TEM-8
5c8bd7984c5068698da7b839,TEMPO WORKLOAD,2025-06-04,1.3833333333333333,TEM-5
712020:a7ee73c4-a6b3-4a8b-b22b-97aa3edf3ff7,TEMPO WORKLOAD,2025-06-04,4.0,TEM-8
5c8132a6e6e3160b9b6fd44d,TEMPO WORKLOAD,2025-06-04,1.0,TEM-13
5e0de9b99af3650e9e3ffc97,TEMPO WORKLOAD,2025-06-04,0.6666666666666666,TEM-14
712020:3268e7ac-2411-4ef8-a85a-d619f040639c,TEMPO WORKLOAD,2025-06-04,0.5,TEM-25
712020:5ee2f3fa-371b-4e6b-b912-594fc836bd92,TEMPO WORKLOAD,2025-06-04,4.0,TEM-2
712020:34c5700f-f485-4468-b4d7-06a7a3e2942b,TEMPO WORKLOAD,2025-06-04,3.0,TEM-7
712020:91b42101-19bb-498d-9942-8850a5540c96,TEMPO WORKLOAD,2025-06-04,0.5,TEM-25
712020:31918087-5a23-4883-b0d2-134f05828b32,TEMPO WORKLOAD,2025-06-04,2.0,TEM-14
63600fdb1cc605b1fd177862,TEMPO WORKLOAD,2025-06-04,3.0,TEM-17
6310a8954fbe9c4bd0edf82a,TEMPO WORKLOAD,2025-06-04,3.0,TEM-23
5dbc42d12757660db6144b56,TEMPO WORKLOAD,2025-06-04,0.75,TEM-13
6324d3f3ce3e476e42ae2595,TEMPO WORKLOAD,2025-06-04,1.0,TEM-18
712020:3268e7ac-2411-4ef8-a85a-d619f040639c,TEMPO WORKLOAD,2025-06-04,1.5,TEM-25
5f45400afdc3f5003fee080b,TEMPO WORKLOAD,2025-06-04,1.25,TEM-14
712020:5912aa5b-0476-4091-834a-994381177d1a,TEMPO WORKLOAD,2025-06-04,0.5,TEM-18
712020:91b42101-19bb-498d-9942-8850a5540c96,TEMPO WORKLOAD,2025-06-04,2.0,TEM-25
5d6fae7bab129d0c306da857,TEMPO WORKLOAD,2025-06-04,1.0,TEM-13
5dea6ce9b95b180d17cfc7df,TEMPO WORKLOAD,2025-06-04,0.25,TEM-26
5e0de9b99af3650e9e3ffc97,TEMPO WORKLOAD,2025-06-04,2.3333333333333335,TEM-14
5c8132a6e6e3160b9b6fd44d,TEMPO WORKLOAD,2025-06-04,2.0,TEM-13
6310a8963e578bb3b5feb9f3,TEMPO WORKLOAD,2025-06-04,1.0,TEM-13
63e1170728cddcc70773cbd6,TEMPO WORKLOAD,2025-06-04,0.5,TEM-14
5dbc42d12757660db6144b56,TEMPO WORKLOAD,2025-06-04,0.25,TEM-17
5dea6ce9b95b180d17cfc7df,TEMPO WORKLOAD,2025-06-04,0.5,TEM-26
712020:6b82bca4-7ae3-4417-b5b5-76024cf32617,TEMPO WORKLOAD,2025-06-04,0.5,TEM-22
5dbc42d12757660db6144b56,TEMPO WORKLOAD,2025-06-04,0.75,TEM-14
63e1170728cddcc70773cbd6,TEMPO WORKLOAD,2025-06-04,0.5,TEM-14
5d6fae7bab129d0c306da857,TEMPO WORKLOAD,2025-06-04,0.5,TEM-13
712020:6b82bca4-7ae3-4417-b5b5-76024cf32617,TEMPO WORKLOAD,2025-06-04,2.0,TEM-22
5f45400afdc3f5003fee080b,TEMPO WORKLOAD,2025-06-04,0.75,TEM-14
5dea6ce9b95b180d17cfc7df,TEMPO WORKLOAD,2025-06-04,0.25,TEM-26
6310a896316bbc56c4249184,TEMPO WORKLOAD,2025-06-04,1.0,TEM-13
712020:3268e7ac-2411-4ef8-a85a-d619f040639c,TEMPO WORKLOAD,2025-06-04,0.5,TEM-13
63e1170728cddcc70773cbd6,TEMPO WORKLOAD,2025-06-04,1.5,TEM-14
5d6fae7bab129d0c306da857,TEMPO WORKLOAD,2025-06-04,0.5,TEM-13
5dea6ce9b95b180d17cfc7df,TEMPO WORKLOAD,2025-06-04,0.5,TEM-28
712020:3268e7ac-2411-4ef8-a85a-d619f040639c,TEMPO WORKLOAD,2025-06-04,1.5,TEM-25
5d6fae7bab129d0c306da857,TEMPO WORKLOAD,2025-06-04,1.0,TEM-13
712020:76b2ab6b-f08d-4fef-9ced-52ff15fad7a0,TEMPO WORKLOAD,2025-06-04,2.0,TEM-27
5d6fae7bab129d0c306da857,TEMPO WORKLOAD,2025-06-04,0.5,TEM-13
5eb2db0fa4c57d0b8b13eecb,TEMPO WORKLOAD,2025-06-05,1.5,TEM-28
712020:1e3eed0c-846c-4ebd-bec7-51d04bbb59c0,TEMPO WORKLOAD,2025-06-05,1.5,TEM-30
6324d3f3ce3e476e42ae2595,TEMPO WORKLOAD,2025-06-05,2.0,TEM-18
557058:c310fa79-8a55-492f-a2fe-6e69a7d7c4eb,TEMPO WORKLOAD,2025-06-05,0.25,TEM-19
5c5857d6036b380b84dc8212,TEMPO WORKLOAD,2025-06-05,0.5,TEM-31
712020:00e94d7a-1f49-4891-bbf9-a2bf827bd258,TEMPO WORKLOAD,2025-06-05,2.5,TEM-9
712020:a3240ec7-ccb7-4e31-81ed-5338bd11acc2,TEMPO WORKLOAD,2025-06-05,8.0,TEM-8
6310a896316bbc56c4249184,TEMPO WORKLOAD,2025-06-05,0.5,TEM-13
5eb2e91b96bbcb0b857bfa58,TEMPO WORKLOAD,2025-06-05,6.0,TEM-14
712020:50a28763-7675-4ba8-9f58-305b20af5172,TEMPO WORKLOAD,2025-06-05,10.0,TEM-7
712020:ca798410-124d-40e3-9954-420f35eb4d5c,TEMPO WORKLOAD,2025-06-05,7.2,TEM-7
6310a8976856bdd60a9eddae,TEMPO WORKLOAD,2025-06-05,1.0,TEM-14
5c8132a6e6e3160b9b6fd44d,TEMPO WORKLOAD,2025-06-05,2.0,TEM-13
712020:d26e58e6-874b-4243-ac4e-1d4cb867a542,TEMPO WORKLOAD,2025-06-05,8.0,TEM-8
6310a8963e578bb3b5feb9f3,TEMPO WORKLOAD,2025-06-05,0.5,TEM-13
712020:6ad83a3e-a1e9-43e6-a0a2-7931a513de7f,TEMPO WORKLOAD,2025-06-05,0.5,TEM-25
712020:f50b1e80-f1ef-440b-b954-716fbfdbc927,TEMPO WORKLOAD,2025-06-05,8.0,TEM-9
5f45400afdc3f5003fee080b,TEMPO WORKLOAD,2025-06-05,1.75,TEM-14
62fbddc8bb0704a2a808bd57,TEMPO WORKLOAD,2025-06-05,8.0,TEM-5
5c5857d6036b380b84dc8212,TEMPO WORKLOAD,2025-06-05,0.5,TEM-31
6411cc617222b08f3e70f716,TEMPO WORKLOAD,2025-06-05,0.25,TEM-18
712020:02ccfc0c-5c0f-4e48-8f91-fb3bb584a2dc,TEMPO WORKLOAD,2025-06-05,8.0,TEM-7
61ddc1dcf3037f0069656c13,TEMPO WORKLOAD,2025-06-05,0.25,TEM-18
61ddc1dcf3037f0069656c13,TEMPO WORKLOAD,2025-06-05,0.5,TEM-18
61ddc1dcf3037f0069656c13,TEMPO WORKLOAD,2025-06-05,0.25,TEM-22
61ddc1dcf3037f0069656c13,TEMPO WORKLOAD,2025-06-05,1.0,TEM-22
605e40fd2f7d900070bce962,TEMPO WORKLOAD,2025-06-05,0.25,TEM-26
557058:b0ab43f7-2329-4796-9a63-2abcf978b413,TEMPO WORKLOAD,2025-06-05,0.3333333333333333,TEM-26
5dbc42d12757660db6144b56,TEMPO WORKLOAD,2025-06-05,1.0,TEM-13
5dbc42d12757660db6144b56,TEMPO WORKLOAD,2025-06-05,3.0,TEM-28
6356e77976b91b62562d4fea,TEMPO WORKLOAD,2025-06-05,6.0,TEM-26
5eb2e91b96bbcb0b857bfa58,TEMPO WORKLOAD,2025-06-05,1.25,TEM-14
712020:31918087-5a23-4883-b0d2-134f05828b32,TEMPO WORKLOAD,2025-06-05,0.5,TEM-14
5c8bd79686c36970e812b609,TEMPO WORKLOAD,2025-06-05,4.0,TEM-7
5c8bd79686c36970e812b609,TEMPO WORKLOAD,2025-06-05,4.0,TEM-9
62e433730b4bf7ad924bcbe5,TEMPO WORKLOAD,2025-06-05,8.0,TEM-7
5dea6ce9b95b180d17cfc7df,TEMPO WORKLOAD,2025-06-05,1.0,TEM-28
5e751b85fad9000c325d9aae,TEMPO WORKLOAD,2025-06-05,5.583333333333333,TEM-8
712020:39d78a45-5732-4153-afaa-dc9227f4dfe3,TEMPO WORKLOAD,2025-06-05,3.0,TEM-7
712020:267d13ec-de62-4d6f-95f6-db9acfb88e84,TEMPO WORKLOAD,2025-06-05,1.0,TEM-30
607829da95f6fc006aab9e92,TEMPO WORKLOAD,2025-06-05,0.25,TEM-19
712020:b6588882-6f04-4ee1-8c9d-7bdd4569e704,TEMPO WORKLOAD,2025-06-05,8.0,TEM-25
712020:ab3c5ef0-a515-47fc-9cdd-3b5d0c219224,TEMPO WORKLOAD,2025-06-05,8.0,TEM-9
712020:f5cdecd9-64db-4d5e-b4a2-c8f4b7201212,TEMPO WORKLOAD,2025-06-05,8.0,TEM-7
63d916c4bf837c6893d6fbad,TEMPO WORKLOAD,2025-06-05,10.0,TEM-7
6299079acd636500697d4701,TEMPO WORKLOAD,2025-06-05,8.0,TEM-21
613fb383e057c6006a1ccade,TEMPO WORKLOAD,2025-06-05,8.0,TEM-2
63600fdb1cc605b1fd177862,TEMPO WORKLOAD,2025-06-05,1.0,TEM-28
70121:2c1e0513-4f21-4c96-adc1-8c318e30bc0e,TEMPO WORKLOAD,2025-06-05,3.0,TEM-7
70121:2c1e0513-4f21-4c96-adc1-8c318e30bc0e,TEMPO WORKLOAD,2025-06-05,3.0,TEM-8
712020:98295f35-86b1-4d23-a51b-30dbe7170d11,TEMPO WORKLOAD,2025-06-05,7.2,TEM-7
5c8bd7984c5068698da7b839,TEMPO WORKLOAD,2025-06-05,6.866666666666666,TEM-32
712020:15482282-a769-4a4d-a4c2-0424a3a2e0d8,TEMPO WORKLOAD,2025-06-05,3.0,TEM-8
70121:e997c5d5-1d6e-4973-80cb-28bfe7343a3f,TEMPO WORKLOAD,2025-06-05,0.75,TEM-15
70121:2c1e0513-4f21-4c96-adc1-8c318e30bc0e,TEMPO WORKLOAD,2025-06-05,1.5,TEM-28
70121:2c1e0513-4f21-4c96-adc1-8c318e30bc0e,TEMPO WORKLOAD,2025-06-05,0.5,TEM-5
557058:c310fa79-8a55-492f-a2fe-6e69a7d7c4eb,TEMPO WORKLOAD,2025-06-05,7.25,TEM-19
6411cc617222b08f3e70f716,TEMPO WORKLOAD,2025-06-05,0.25,TEM-18
605e40fd2f7d900070bce962,TEMPO WORKLOAD,2025-06-05,2.75,TEM-26
607829da95f6fc006aab9e92,TEMPO WORKLOAD,2025-06-05,1.0,TEM-19
557058:b0ab43f7-2329-4796-9a63-2abcf978b413,TEMPO WORKLOAD,2025-06-05,1.0,TEM-26
5c5857d6036b380b84dc8212,TEMPO WORKLOAD,2025-06-05,5.0,TEM-28
6310a896316bbc56c4249184,TEMPO WORKLOAD,2025-06-05,0.25,TEM-10
6310a8963e578bb3b5feb9f3,TEMPO WORKLOAD,2025-06-05,2.0,TEM-13
6411cc617222b08f3e70f716,TEMPO WORKLOAD,2025-06-05,0.5,TEM-18
712020:91b42101-19bb-498d-9942-8850a5540c96,TEMPO WORKLOAD,2025-06-05,1.5,TEM-25
712020:31918087-5a23-4883-b0d2-134f05828b32,TEMPO WORKLOAD,2025-06-05,1.5,TEM-14
70121:e997c5d5-1d6e-4973-80cb-28bfe7343a3f,TEMPO WORKLOAD,2025-06-05,1.0,TEM-15
6310a896316bbc56c4249184,TEMPO WORKLOAD,2025-06-05,2.25,TEM-10
712020:05c80f08-99ab-4608-9ac1-8c3c43fbef01,TEMPO WORKLOAD,2025-06-05,0.5,TEM-25
61ddc1dcf3037f0069656c13,TEMPO WORKLOAD,2025-06-05,2.0,TEM-24
6022a0ace7deee0069225fbd,TEMPO WORKLOAD,2025-06-05,0.5,TEM-13
6310a8954fbe9c4bd0edf82a,TEMPO WORKLOAD,2025-06-05,0.5,TEM-19
712020:76b2ab6b-f08d-4fef-9ced-52ff15fad7a0,TEMPO WORKLOAD,2025-06-05,0.55,TEM-21
712020:f71fff89-9283-4b8c-afc6-a4ccda67573c,TEMPO WORKLOAD,2025-06-05,8.0,TEM-7
712020:f518f4e7-7314-45a9-a3ef-723ad3fd6d7f,TEMPO WORKLOAD,2025-06-05,8.5,TEM-7
712020:a7ee73c4-a6b3-4a8b-b22b-97aa3edf3ff7,TEMPO WORKLOAD,2025-06-05,4.0,TEM-8
6310a8976856bdd60a9eddae,TEMPO WORKLOAD,2025-06-05,1.0,TEM-14
613fb43fe6c39d00721944a0,TEMPO WORKLOAD,2025-06-05,0.5,TEM-13
5e0de9b99af3650e9e3ffc97,TEMPO WORKLOAD,2025-06-05,8.0,TEM-2
712020:5ee2f3fa-371b-4e6b-b912-594fc836bd92,TEMPO WORKLOAD,2025-06-05,4.0,TEM-2
712020:3268e7ac-2411-4ef8-a85a-d619f040639c,TEMPO WORKLOAD,2025-06-05,2.5,TEM-25
63b6c257d3aeefa405443cf9,TEMPO WORKLOAD,2025-06-05,6.0,TEM-24
712020:34c5700f-f485-4468-b4d7-06a7a3e2942b,TEMPO WORKLOAD,2025-06-05,4.0,TEM-7
6411cc617222b08f3e70f716,TEMPO WORKLOAD,2025-06-05,0.25,TEM-18
712020:5912aa5b-0476-4091-834a-994381177d1a,TEMPO WORKLOAD,2025-06-05,0.5,TEM-18
5f03aab970b8a90025641824,TEMPO WORKLOAD,2025-06-05,1.0,TEM-26
712020:6c5881b3-26a9-4223-a18b-14414e7b9d3a,TEMPO WORKLOAD,2025-06-05,8.0,TEM-7
637d1ac0f48fbd9b62d50fc3,TEMPO WORKLOAD,2025-06-05,8.0,TEM-7
5dbc42d12757660db6144b56,TEMPO WORKLOAD,2025-06-05,1.0,TEM-36
712020:c2d6f64b-7c18-4b58-9189-57c8823f4f64,TEMPO WORKLOAD,2025-06-05,8.0,TEM-5
712020:11e8ce5a-06a7-43cf-9c5a-858eed6f0a07,TEMPO WORKLOAD,2025-06-05,8.0,TEM-5
6310a898316bbc56c4249187,TEMPO WORKLOAD,2025-06-05,4.0,TEM-21
62fbd97aeec8d4a478d41a3b,TEMPO WORKLOAD,2025-06-05,1.0,TEM-18
712020:2fd5ca9e-c92c-426e-b141-c27cdf46a539,TEMPO WORKLOAD,2025-06-05,6.0,TEM-7
712020:d8a16146-bc5b-4c61-9c5d-af3eaddace2b,TEMPO WORKLOAD,2025-06-05,8.0,TEM-5
5dea6ce9b95b180d17cfc7df,TEMPO WORKLOAD,2025-06-05,1.0,TEM-28
712020:e09a2eee-2fe3-41a8-8a9c-29acd2258249,TEMPO WORKLOAD,2025-06-05,4.0,TEM-8
63600fdb1cc605b1fd177862,TEMPO WORKLOAD,2025-06-05,1.5,TEM-28
712020:d1c53603-3e65-4881-b493-a128394d565e,TEMPO WORKLOAD,2025-06-05,3.0,TEM-7
712020:448afbe2-d875-40e8-9541-835a59cdf0a7,TEMPO WORKLOAD,2025-06-05,8.0,TEM-7
712020:5e29a15d-dadb-41b1-bd51-d65cb73a9a3e,TEMPO WORKLOAD,2025-06-05,8.0,TEM-9
6411cc617222b08f3e70f716,TEMPO WORKLOAD,2025-06-05,0.25,TEM-18
607829da95f6fc006aab9e92,TEMPO WORKLOAD,2025-06-05,6.75,TEM-19
6310a8954fbe9c4bd0edf82a,TEMPO WORKLOAD,2025-06-05,0.25,TEM-19
6022a0ace7deee0069225fbd,TEMPO WORKLOAD,2025-06-05,1.0,TEM-13
712020:05c80f08-99ab-4608-9ac1-8c3c43fbef01,TEMPO WORKLOAD,2025-06-05,8.0,TEM-17
613fb43fe6c39d00721944a0,TEMPO WORKLOAD,2025-06-05,2.0,TEM-16
6411cc617222b08f3e70f716,TEMPO WORKLOAD,2025-06-05,1.0,TEM-18
712020:5912aa5b-0476-4091-834a-994381177d1a,TEMPO WORKLOAD,2025-06-05,0.5,TEM-18
5d6fae7bab129d0c306da857,TEMPO WORKLOAD,2025-06-05,2.0,TEM-13
712020:6b82bca4-7ae3-4417-b5b5-76024cf32617,TEMPO WORKLOAD,2025-06-05,0.5,TEM-22
5eb2db0fa4c57d0b8b13eecb,TEMPO WORKLOAD,2025-06-05,1.0,TEM-28
70121:e997c5d5-1d6e-4973-80cb-28bfe7343a3f,TEMPO WORKLOAD,2025-06-05,0.16666666666666666,TEM-28
712020:76b2ab6b-f08d-4fef-9ced-52ff15fad7a0,TEMPO WORKLOAD,2025-06-05,0.8333333333333334,TEM-21
70121:e997c5d5-1d6e-4973-80cb-28bfe7343a3f,TEMPO WORKLOAD,2025-06-05,0.75,TEM-28
6310a8954fbe9c4bd0edf82a,TEMPO WORKLOAD,2025-06-05,4.25,TEM-19
5f45400afdc3f5003fee080b,TEMPO WORKLOAD,2025-06-05,0.5,TEM-14
6324d3f3ce3e476e42ae2595,TEMPO WORKLOAD,2025-06-05,3.0,TEM-18
6310a8976856bdd60a9eddae,TEMPO WORKLOAD,2025-06-05,0.75,TEM-14
5c8132a6e6e3160b9b6fd44d,TEMPO WORKLOAD,2025-06-05,1.0,TEM-13
5f4d8530d0884f00492507dd,TEMPO WORKLOAD,2025-06-05,2.5,TEM-26
712020:91b42101-19bb-498d-9942-8850a5540c96,TEMPO WORKLOAD,2025-06-05,1.0,TEM-22
5f03aab970b8a90025641824,TEMPO WORKLOAD,2025-06-05,2.0,TEM-15
712020:460f9b37-2b1d-4960-8575-5dc964940e8f,TEMPO WORKLOAD,2025-06-05,2.0,TEM-26
712020:c24d4628-d885-44d1-8ec8-dd76d416436a,TEMPO WORKLOAD,2025-06-05,6.0,TEM-26
64076b2b4d5e4b44e233faf6,TEMPO WORKLOAD,2025-06-05,3.0,TEM-26
712020:31918087-5a23-4883-b0d2-134f05828b32,TEMPO WORKLOAD,2025-06-05,1.0,TEM-14
712020:6b82bca4-7ae3-4417-b5b5-76024cf32617,TEMPO WORKLOAD,2025-06-05,1.0,TEM-22
62fbd97aeec8d4a478d41a3b,TEMPO WORKLOAD,2025-06-05,7.0,TEM-1
712020:5912aa5b-0476-4091-834a-994381177d1a,TEMPO WORKLOAD,2025-06-05,1.0,TEM-1
5f45400afdc3f5003fee080b,TEMPO WORKLOAD,2025-06-05,1.5,TEM-14
63e1170728cddcc70773cbd6,TEMPO WORKLOAD,2025-06-05,2.0,TEM-14
5dea6ce9b95b180d17cfc7df,TEMPO WORKLOAD,2025-06-05,1.5,TEM-28
712020:76b2ab6b-f08d-4fef-9ced-52ff15fad7a0,TEMPO WORKLOAD,2025-06-05,4.066666666666666,TEM-21
6022a0ace7deee0069225fbd,TEMPO WORKLOAD,2025-06-05,3.0,TEM-28
6310a8963e578bb3b5feb9f3,TEMPO WORKLOAD,2025-06-05,4.5,TEM-13
6411cc617222b08f3e70f716,TEMPO WORKLOAD,2025-06-05,1.0,TEM-18
63600fdb1cc605b1fd177862,TEMPO WORKLOAD,2025-06-05,3.5,TEM-17
712020:1e3eed0c-846c-4ebd-bec7-51d04bbb59c0,TEMPO WORKLOAD,2025-06-05,0.5,TEM-30
5eb2db0fa4c57d0b8b13eecb,TEMPO WORKLOAD,2025-06-05,2.0,TEM-28
5eb2db0fa4c57d0b8b13eecb,TEMPO WORKLOAD,2025-06-05,1.5,TEM-28
70121:e997c5d5-1d6e-4973-80cb-28bfe7343a3f,TEMPO WORKLOAD,2025-06-05,1.0,TEM-15
6310a8976856bdd60a9eddae,TEMPO WORKLOAD,2025-06-05,2.25,TEM-14
61ddc1dcf3037f0069656c13,TEMPO WORKLOAD,2025-06-05,2.0,TEM-24
712020:00e94d7a-1f49-4891-bbf9-a2bf827bd258,TEMPO WORKLOAD,2025-06-05,1.0,TEM-9
5c8132a6e6e3160b9b6fd44d,TEMPO WORKLOAD,2025-06-05,1.0,TEM-13
712020:51261fb6-b689-4617-8eae-46a70a19df7c,TEMPO WORKLOAD,2025-06-05,6.0,TEM-9
6310a896316bbc56c4249184,TEMPO WORKLOAD,2025-06-05,2.0,TEM-13
712020:5912aa5b-0476-4091-834a-994381177d1a,TEMPO WORKLOAD,2025-06-05,0.25,TEM-18
712020:91b42101-19bb-498d-9942-8850a5540c96,TEMPO WORKLOAD,2025-06-05,3.0,TEM-25
5dbc42d12757660db6144b56,TEMPO WORKLOAD,2025-06-05,0.5,TEM-13
605e40fd2f7d900070bce962,TEMPO WORKLOAD,2025-06-05,1.0,TEM-26
712020:31918087-5a23-4883-b0d2-134f05828b32,TEMPO WORKLOAD,2025-06-05,1.0,TEM-14
70121:272d7cde-e8e4-4a3f-9333-8e1247180871,TEMPO WORKLOAD,2025-06-05,0.25,TEM-18
712020:39d78a45-5732-4153-afaa-dc9227f4dfe3,TEMPO WORKLOAD,2025-06-05,2.0,TEM-8
712020:6b82bca4-7ae3-4417-b5b5-76024cf32617,TEMPO WORKLOAD,2025-06-05,1.0,TEM-22
712020:15482282-a769-4a4d-a4c2-0424a3a2e0d8,TEMPO WORKLOAD,2025-06-05,2.5,TEM-7
70121:272d7cde-e8e4-4a3f-9333-8e1247180871,TEMPO WORKLOAD,2025-06-05,1.5,TEM-18
712020:5912aa5b-0476-4091-834a-994381177d1a,TEMPO WORKLOAD,2025-06-05,3.25,TEM-1
613fb43fe6c39d00721944a0,TEMPO WORKLOAD,2025-06-05,1.0,TEM-13
712020:3268e7ac-2411-4ef8-a85a-d619f040639c,TEMPO WORKLOAD,2025-06-05,1.0,TEM-25
6411cc617222b08f3e70f716,TEMPO WORKLOAD,2025-06-05,1.0,TEM-18
5dbc42d12757660db6144b56,TEMPO WORKLOAD,2025-06-05,2.5,TEM-17
5d6fae7bab129d0c306da857,TEMPO WORKLOAD,2025-06-05,3.0,TEM-13
70121:e997c5d5-1d6e-4973-80cb-28bfe7343a3f,TEMPO WORKLOAD,2025-06-05,2.0,TEM-15
5f45400afdc3f5003fee080b,TEMPO WORKLOAD,2025-06-05,1.0,TEM-14
712020:00e94d7a-1f49-4891-bbf9-a2bf827bd258,TEMPO WORKLOAD,2025-06-05,2.5,TEM-9
712020:d6bab2e1-1616-4bfb-83a4-2be2aebf31ed,TEMPO WORKLOAD,2025-06-05,6.0,TEM-8
5f03aab970b8a90025641824,TEMPO WORKLOAD,2025-06-05,0.25,TEM-26
712020:460f9b37-2b1d-4960-8575-5dc964940e8f,TEMPO WORKLOAD,2025-06-05,1.0,TEM-26
636e3660c383ad842147234a,TEMPO WORKLOAD,2025-06-05,0.25,TEM-26
712020:31918087-5a23-4883-b0d2-134f05828b32,TEMPO WORKLOAD,2025-06-05,4.0,TEM-14
5dea6ce9b95b180d17cfc7df,TEMPO WORKLOAD,2025-06-05,0.25,TEM-28
712020:6b82bca4-7ae3-4417-b5b5-76024cf32617,TEMPO WORKLOAD,2025-06-05,1.5,TEM-22
63e1170728cddcc70773cbd6,TEMPO WORKLOAD,2025-06-05,5.0,TEM-14
5f03aab970b8a90025641824,TEMPO WORKLOAD,2025-06-05,2.75,TEM-15
636e3660c383ad842147234a,TEMPO WORKLOAD,2025-06-05,1.75,TEM-26
5dea6ce9b95b180d17cfc7df,TEMPO WORKLOAD,2025-06-05,1.5,TEM-28
712020:3268e7ac-2411-4ef8-a85a-d619f040639c,TEMPO WORKLOAD,2025-06-05,1.0,TEM-25
5c5857d6036b380b84dc8212,TEMPO WORKLOAD,2025-06-05,2.0,TEM-28
613fb43fe6c39d00721944a0,TEMPO WORKLOAD,2025-06-05,3.5,TEM-36
6411cc617222b08f3e70f716,TEMPO WORKLOAD,2025-06-05,2.0,TEM-18
5f45400afdc3f5003fee080b,TEMPO WORKLOAD,2025-06-05,1.5,TEM-14
6324d3f3ce3e476e42ae2595,TEMPO WORKLOAD,2025-06-05,3.0,TEM-18
5c8132a6e6e3160b9b6fd44d,TEMPO WORKLOAD,2025-06-05,1.0,TEM-13
6310a8976856bdd60a9eddae,TEMPO WORKLOAD,2025-06-05,1.5,TEM-14
6310a896316bbc56c4249184,TEMPO WORKLOAD,2025-06-05,0.5,TEM-13
64076b2b4d5e4b44e233faf6,TEMPO WORKLOAD,2025-06-05,1.0,TEM-26
70121:272d7cde-e8e4-4a3f-9333-8e1247180871,TEMPO WORKLOAD,2025-06-05,2.25,TEM-18
712020:39d78a45-5732-4153-afaa-dc9227f4dfe3,TEMPO WORKLOAD,2025-06-05,3.0,TEM-9
6022a0ace7deee0069225fbd,TEMPO WORKLOAD,2025-06-05,3.0,TEM-28
712020:3268e7ac-2411-4ef8-a85a-d619f040639c,TEMPO WORKLOAD,2025-06-05,2.5,TEM-25
712020:6b82bca4-7ae3-4417-b5b5-76024cf32617,TEMPO WORKLOAD,2025-06-05,2.0,TEM-22
712020:15482282-a769-4a4d-a4c2-0424a3a2e0d8,TEMPO WORKLOAD,2025-06-05,2.5,TEM-9
712020:e09a2eee-2fe3-41a8-8a9c-29acd2258249,TEMPO WORKLOAD,2025-06-05,1.5,TEM-8
712020:a7ee73c4-a6b3-4a8b-b22b-97aa3edf3ff7,TEMPO WORKLOAD,2025-06-05,4.0,TEM-8
5c8132a6e6e3160b9b6fd44d,TEMPO WORKLOAD,2025-06-05,3.0,TEM-13
712020:5ee2f3fa-371b-4e6b-b912-594fc836bd92,TEMPO WORKLOAD,2025-06-05,4.0,TEM-2
712020:34c5700f-f485-4468-b4d7-06a7a3e2942b,TEMPO WORKLOAD,2025-06-05,2.0,TEM-7
712020:91b42101-19bb-498d-9942-8850a5540c96,TEMPO WORKLOAD,2025-06-05,0.5,TEM-25
64076b2b4d5e4b44e233faf6,TEMPO WORKLOAD,2025-06-05,2.0,TEM-26
636e3660c383ad842147234a,TEMPO WORKLOAD,2025-06-05,2.0,TEM-26
5dea6ce9b95b180d17cfc7df,TEMPO WORKLOAD,2025-06-05,0.5,TEM-26
6310a8954fbe9c4bd0edf82a,TEMPO WORKLOAD,2025-06-05,3.0,TEM-23
5eb2db0fa4c57d0b8b13eecb,TEMPO WORKLOAD,2025-06-05,1.0,TEM-28
63600fdb1cc605b1fd177862,TEMPO WORKLOAD,2025-06-05,1.0,TEM-6
5f45400afdc3f5003fee080b,TEMPO WORKLOAD,2025-06-05,1.0,TEM-14
712020:76b2ab6b-f08d-4fef-9ced-52ff15fad7a0,TEMPO WORKLOAD,2025-06-05,2.55,TEM-21
6310a8976856bdd60a9eddae,TEMPO WORKLOAD,2025-06-05,0.5,TEM-14
6411cc617222b08f3e70f716,TEMPO WORKLOAD,2025-06-05,1.5,TEM-1
712020:5912aa5b-0476-4091-834a-994381177d1a,TEMPO WORKLOAD,2025-06-05,0.5,TEM-18
712020:91b42101-19bb-498d-9942-8850a5540c96,TEMPO WORKLOAD,2025-06-05,2.0,TEM-25
5d6fae7bab129d0c306da857,TEMPO WORKLOAD,2025-06-05,0.5,TEM-13
5dea6ce9b95b180d17cfc7df,TEMPO WORKLOAD,2025-06-05,1.25,TEM-28
5c8bd7984c5068698da7b839,TEMPO WORKLOAD,2025-06-05,1.3333333333333333,TEM-5
6310a8976856bdd60a9eddae,TEMPO WORKLOAD,2025-06-05,1.0,TEM-14
6310a8963e578bb3b5feb9f3,TEMPO WORKLOAD,2025-06-05,1.0,TEM-13
5d6fae7bab129d0c306da857,TEMPO WORKLOAD,2025-06-05,0.5,TEM-13
63600fdb1cc605b1fd177862,TEMPO WORKLOAD,2025-06-05,1.0,TEM-28
712020:e09a2eee-2fe3-41a8-8a9c-29acd2258249,TEMPO WORKLOAD,2025-06-05,2.5,TEM-8
557058:c310fa79-8a55-492f-a2fe-6e69a7d7c4eb,TEMPO WORKLOAD,2025-06-05,0.5,TEM-17
5d6fae7bab129d0c306da857,TEMPO WORKLOAD,2025-06-05,0.5,TEM-13
712020:6b82bca4-7ae3-4417-b5b5-76024cf32617,TEMPO WORKLOAD,2025-06-05,2.0,TEM-22
5f45400afdc3f5003fee080b,TEMPO WORKLOAD,2025-06-05,0.75,TEM-14
6310a896316bbc56c4249184,TEMPO WORKLOAD,2025-06-05,1.0,TEM-13
712020:3268e7ac-2411-4ef8-a85a-d619f040639c,TEMPO WORKLOAD,2025-06-05,0.5,TEM-13
5d6fae7bab129d0c306da857,TEMPO WORKLOAD,2025-06-05,1.0,TEM-13
5dea6ce9b95b180d17cfc7df,TEMPO WORKLOAD,2025-06-05,1.0,TEM-26
712020:76b2ab6b-f08d-4fef-9ced-52ff15fad7a0,TEMPO WORKLOAD,2025-06-05,2.0,TEM-27
712020:3268e7ac-2411-4ef8-a85a-d619f040639c,TEMPO WORKLOAD,2025-06-05,0.5,TEM-36
5eb2db0fa4c57d0b8b13eecb,TEMPO WORKLOAD,2025-06-06,1.0,TEM-28
712020:1e3eed0c-846c-4ebd-bec7-51d04bbb59c0,TEMPO WORKLOAD,2025-06-06,2.0,TEM-30
557058:c310fa79-8a55-492f-a2fe-6e69a7d7c4eb,TEMPO WORKLOAD,2025-06-06,0.25,TEM-19
5c5857d6036b380b84dc8212,TEMPO WORKLOAD,2025-06-06,0.5,TEM-31
712020:00e94d7a-1f49-4891-bbf9-a2bf827bd258,TEMPO WORKLOAD,2025-06-06,2.5,TEM-9
6310a896316bbc56c4249184,TEMPO WORKLOAD,2025-06-06,0.5,TEM-13
5eb2e91b96bbcb0b857bfa58,TEMPO WORKLOAD,2025-06-06,7.25,TEM-14
5c8132a6e6e3160b9b6fd44d,TEMPO WORKLOAD,2025-06-06,2.0,TEM-10
712020:50a28763-7675-4ba8-9f58-305b20af5172,TEMPO WORKLOAD,2025-06-06,8.0,TEM-7
712020:ca798410-124d-40e3-9954-420f35eb4d5c,TEMPO WORKLOAD,2025-06-06,7.2,TEM-7
6310a8976856bdd60a9eddae,TEMPO WORKLOAD,2025-06-06,4.5,TEM-14
712020:d26e58e6-874b-4243-ac4e-1d4cb867a542,TEMPO WORKLOAD,2025-06-06,8.0,TEM-8
6310a8963e578bb3b5feb9f3,TEMPO WORKLOAD,2025-06-06,0.5,TEM-13
712020:a3240ec7-ccb7-4e31-81ed-5338bd11acc2,TEMPO WORKLOAD,2025-06-06,8.0,TEM-8
5f45400afdc3f5003fee080b,TEMPO WORKLOAD,2025-06-06,0.5,TEM-14
62fbddc8bb0704a2a808bd57,TEMPO WORKLOAD,2025-06-06,8.0,TEM-5
712020:f50b1e80-f1ef-440b-b954-716fbfdbc927,TEMPO WORKLOAD,2025-06-06,8.0,TEM-2
5c5857d6036b380b84dc8212,TEMPO WORKLOAD,2025-06-06,0.5,TEM-31
6411cc617222b08f3e70f716,TEMPO WORKLOAD,2025-06-06,0.5,TEM-18
712020:02ccfc0c-5c0f-4e48-8f91-fb3bb584a2dc,TEMPO WORKLOAD,2025-06-06,8.0,TEM-7
61ddc1dcf3037f0069656c13,TEMPO WORKLOAD,2025-06-06,2.0,TEM-22
61ddc1dcf3037f0069656c13,TEMPO WORKLOAD,2025-06-06,0.5,TEM-18
61ddc1dcf3037f0069656c13,TEMPO WORKLOAD,2025-06-06,1.0,TEM-18
61ddc1dcf3037f0069656c13,TEMPO WORKLOAD,2025-06-06,1.0,TEM-18
605e40fd2f7d900070bce962,TEMPO WORKLOAD,2025-06-06,0.25,TEM-26
557058:b0ab43f7-2329-4796-9a63-2abcf978b413,TEMPO WORKLOAD,2025-06-06,0.3333333333333333,TEM-26
5dbc42d12757660db6144b56,TEMPO WORKLOAD,2025-06-06,1.0,TEM-13
712020:6ad83a3e-a1e9-43e6-a0a2-7931a513de7f,TEMPO WORKLOAD,2025-06-06,1.0,TEM-17
6356e77976b91b62562d4fea,TEMPO WORKLOAD,2025-06-06,6.0,TEM-26
712020:31918087-5a23-4883-b0d2-134f05828b32,TEMPO WORKLOAD,2025-06-06,6.5,TEM-14
5c8bd79686c36970e812b609,TEMPO WORKLOAD,2025-06-06,4.0,TEM-7
5c8bd79686c36970e812b609,TEMPO WORKLOAD,2025-06-06,4.0,TEM-9
62e433730b4bf7ad924bcbe5,TEMPO WORKLOAD,2025-06-06,8.0,TEM-7
5dea6ce9b95b180d17cfc7df,TEMPO WORKLOAD,2025-06-06,3.5,TEM-28
5e751b85fad9000c325d9aae,TEMPO WORKLOAD,2025-06-06,5.0,TEM-36
712020:39d78a45-5732-4153-afaa-dc9227f4dfe3,TEMPO WORKLOAD,2025-06-06,3.0,TEM-7
712020:f71fff89-9283-4b8c-afc6-a4ccda67573c,TEMPO WORKLOAD,2025-06-06,8.0,TEM-7
607829da95f6fc006aab9e92,TEMPO WORKLOAD,2025-06-06,0.25,TEM-19
712020:b6588882-6f04-4ee1-8c9d-7bdd4569e704,TEMPO WORKLOAD,2025-06-06,8.0,TEM-25
712020:ab3c5ef0-a515-47fc-9cdd-3b5d0c219224,TEMPO WORKLOAD,2025-06-06,8.0,TEM-9
712020:f5cdecd9-64db-4d5e-b4a2-c8f4b7201212,TEMPO WORKLOAD,2025-06-06,8.0,TEM-7
63d916c4bf837c6893d6fbad,TEMPO WORKLOAD,2025-06-06,8.0,TEM-7
6299079acd636500697d4701,TEMPO WORKLOAD,2025-06-06,8.0,TEM-21
613fb383e057c6006a1ccade,TEMPO WORKLOAD,2025-06-06,8.0,TEM-2
70121:2c1e0513-4f21-4c96-adc1-8c318e30bc0e,TEMPO WORKLOAD,2025-06-06,3.0,TEM-7
70121:2c1e0513-4f21-4c96-adc1-8c318e30bc0e,TEMPO WORKLOAD,2025-06-06,3.0,TEM-8
712020:98295f35-86b1-4d23-a51b-30dbe7170d11,TEMPO WORKLOAD,2025-06-06,7.2,TEM-7
5c8bd7984c5068698da7b839,TEMPO WORKLOAD,2025-06-06,7.133333333333334,TEM-32
712020:15482282-a769-4a4d-a4c2-0424a3a2e0d8,TEMPO WORKLOAD,2025-06-06,3.0,TEM-8
5eb2db0fa4c57d0b8b13eecb,TEMPO WORKLOAD,2025-06-06,1.0,TEM-6
70121:e997c5d5-1d6e-4973-80cb-28bfe7343a3f,TEMPO WORKLOAD,2025-06-06,1.0,TEM-15
70121:2c1e0513-4f21-4c96-adc1-8c318e30bc0e,TEMPO WORKLOAD,2025-06-06,2.0,TEM-28
70121:2c1e0513-4f21-4c96-adc1-8c318e30bc0e,TEMPO WORKLOAD,2025-06-06,0.5,TEM-5
557058:c310fa79-8a55-492f-a2fe-6e69a7d7c4eb,TEMPO WORKLOAD,2025-06-06,5.75,TEM-19
605e40fd2f7d900070bce962,TEMPO WORKLOAD,2025-06-06,2.75,TEM-26
607829da95f6fc006aab9e92,TEMPO WORKLOAD,2025-06-06,6.75,TEM-19
557058:b0ab43f7-2329-4796-9a63-2abcf978b413,TEMPO WORKLOAD,2025-06-06,1.0,TEM-26
5c5857d6036b380b84dc8212,TEMPO WORKLOAD,2025-06-06,5.0,TEM-28
6310a896316bbc56c4249184,TEMPO WORKLOAD,2025-06-06,0.25,TEM-10
6310a8963e578bb3b5feb9f3,TEMPO WORKLOAD,2025-06-06,7.5,TEM-13
5f45400afdc3f5003fee080b,TEMPO WORKLOAD,2025-06-06,0.5,TEM-14
6411cc617222b08f3e70f716,TEMPO WORKLOAD,2025-06-06,1.5,TEM-18
712020:91b42101-19bb-498d-9942-8850a5540c96,TEMPO WORKLOAD,2025-06-06,5.5,TEM-25
6324d3f3ce3e476e42ae2595,TEMPO WORKLOAD,2025-06-06,2.0,TEM-18
712020:5912aa5b-0476-4091-834a-994381177d1a,TEMPO WORKLOAD,2025-06-06,1.0,TEM-1
712020:05c80f08-99ab-4608-9ac1-8c3c43fbef01,TEMPO WORKLOAD,2025-06-06,0.5,TEM-25
6310a896316bbc56c4249184,TEMPO WORKLOAD,2025-06-06,2.0,TEM-13
712020:f518f4e7-7314-45a9-a3ef-723ad3fd6d7f,TEMPO WORKLOAD,2025-06-06,6.5,TEM-7
6310a8954fbe9c4bd0edf82a,TEMPO WORKLOAD,2025-06-06,4.0,TEM-2
6022a0ace7deee0069225fbd,TEMPO WORKLOAD,2025-06-06,0.5,TEM-13
712020:76b2ab6b-f08d-4fef-9ced-52ff15fad7a0,TEMPO WORKLOAD,2025-06-06,0.5666666666666667,TEM-21
712020:a7ee73c4-a6b3-4a8b-b22b-97aa3edf3ff7,TEMPO WORKLOAD,2025-06-06,4.0,TEM-8
5e0de9b99af3650e9e3ffc97,TEMPO WORKLOAD,2025-06-06,8.0,TEM-2
613fb43fe6c39d00721944a0,TEMPO WORKLOAD,2025-06-06,1.0,TEM-16
5f45400afdc3f5003fee080b,TEMPO WORKLOAD,2025-06-06,0.25,TEM-14
712020:5ee2f3fa-371b-4e6b-b912-594fc836bd92,TEMPO WORKLOAD,2025-06-06,4.0,TEM-30
63b6c257d3aeefa405443cf9,TEMPO WORKLOAD,2025-06-06,6.0,TEM-24
712020:34c5700f-f485-4468-b4d7-06a7a3e2942b,TEMPO WORKLOAD,2025-06-06,7.0,TEM-7
5f03aab970b8a90025641824,TEMPO WORKLOAD,2025-06-06,3.0,TEM-15
712020:6c5881b3-26a9-4223-a18b-14414e7b9d3a,TEMPO WORKLOAD,2025-06-06,8.0,TEM-9
637d1ac0f48fbd9b62d50fc3,TEMPO WORKLOAD,2025-06-06,8.0,TEM-7
62fbd97aeec8d4a478d41a3b,TEMPO WORKLOAD,2025-06-06,1.0,TEM-18
5dbc42d12757660db6144b56,TEMPO WORKLOAD,2025-06-06,2.25,TEM-17
712020:6ad83a3e-a1e9-43e6-a0a2-7931a513de7f,TEMPO WORKLOAD,2025-06-06,1.0,TEM-17
712020:3268e7ac-2411-4ef8-a85a-d619f040639c,TEMPO WORKLOAD,2025-06-06,1.0,TEM-36
712020:c2d6f64b-7c18-4b58-9189-57c8823f4f64,TEMPO WORKLOAD,2025-06-06,8.0,TEM-5
712020:11e8ce5a-06a7-43cf-9c5a-858eed6f0a07,TEMPO WORKLOAD,2025-06-06,8.0,TEM-5
6310a898316bbc56c4249187,TEMPO WORKLOAD,2025-06-06,4.0,TEM-21
712020:2fd5ca9e-c92c-426e-b141-c27cdf46a539,TEMPO WORKLOAD,2025-06-06,6.0,TEM-9
712020:d8a16146-bc5b-4c61-9c5d-af3eaddace2b,TEMPO WORKLOAD,2025-06-06,8.0,TEM-5
712020:6b82bca4-7ae3-4417-b5b5-76024cf32617,TEMPO WORKLOAD,2025-06-06,0.5,TEM-22
712020:e09a2eee-2fe3-41a8-8a9c-29acd2258249,TEMPO WORKLOAD,2025-06-06,1.5,TEM-8
712020:d1c53603-3e65-4881-b493-a128394d565e,TEMPO WORKLOAD,2025-06-06,9.0,TEM-7
712020:448afbe2-d875-40e8-9541-835a59cdf0a7,TEMPO WORKLOAD,2025-06-06,8.0,TEM-7
712020:5e29a15d-dadb-41b1-bd51-d65cb73a9a3e,TEMPO WORKLOAD,2025-06-06,8.0,TEM-7
70121:e997c5d5-1d6e-4973-80cb-28bfe7343a3f,TEMPO WORKLOAD,2025-06-06,0.25,TEM-15
5f45400afdc3f5003fee080b,TEMPO WORKLOAD,2025-06-06,4.0,TEM-14
6022a0ace7deee0069225fbd,TEMPO WORKLOAD,2025-06-06,0.5,TEM-14
712020:05c80f08-99ab-4608-9ac1-8c3c43fbef01,TEMPO WORKLOAD,2025-06-06,8.0,TEM-17
712020:5912aa5b-0476-4091-834a-994381177d1a,TEMPO WORKLOAD,2025-06-06,0.5,TEM-18
636e3660c383ad842147234a,TEMPO WORKLOAD,2025-06-06,2.0,TEM-15
70121:272d7cde-e8e4-4a3f-9333-8e1247180871,TEMPO WORKLOAD,2025-06-06,0.5,TEM-18
712020:6b82bca4-7ae3-4417-b5b5-76024cf32617,TEMPO WORKLOAD,2025-06-06,0.5,TEM-22
63600fdb1cc605b1fd177862,TEMPO WORKLOAD,2025-06-06,4.0,TEM-17
70121:e997c5d5-1d6e-4973-80cb-28bfe7343a3f,TEMPO WORKLOAD,2025-06-06,0.6666666666666666,TEM-15
712020:76b2ab6b-f08d-4fef-9ced-52ff15fad7a0,TEMPO WORKLOAD,2025-06-06,7.433333333333334,TEM-21
5c8132a6e6e3160b9b6fd44d,TEMPO WORKLOAD,2025-06-06,1.0,TEM-13
613fb43fe6c39d00721944a0,TEMPO WORKLOAD,2025-06-06,3.0,TEM-13
63e1170728cddcc70773cbd6,TEMPO WORKLOAD,2025-06-06,2.5,TEM-14
5f4d8530d0884f00492507dd,TEMPO WORKLOAD,2025-06-06,4.0,TEM-26
6411cc617222b08f3e70f716,TEMPO WORKLOAD,2025-06-06,2.0,TEM-18
712020:460f9b37-2b1d-4960-8575-5dc964940e8f,TEMPO WORKLOAD,2025-06-06,3.0,TEM-26
712020:c24d4628-d885-44d1-8ec8-dd76d416436a,TEMPO WORKLOAD,2025-06-06,6.0,TEM-26
64076b2b4d5e4b44e233faf6,TEMPO WORKLOAD,2025-06-06,2.0,TEM-26
712020:6ad83a3e-a1e9-43e6-a0a2-7931a513de7f,TEMPO WORKLOAD,2025-06-06,1.0,TEM-17
6022a0ace7deee0069225fbd,TEMPO WORKLOAD,2025-06-06,1.0,TEM-14
712020:3268e7ac-2411-4ef8-a85a-d619f040639c,TEMPO WORKLOAD,2025-06-06,1.0,TEM-36
62fbd97aeec8d4a478d41a3b,TEMPO WORKLOAD,2025-06-06,7.0,TEM-1
712020:6b82bca4-7ae3-4417-b5b5-76024cf32617,TEMPO WORKLOAD,2025-06-06,1.0,TEM-22
712020:5912aa5b-0476-4091-834a-994381177d1a,TEMPO WORKLOAD,2025-06-06,1.0,TEM-1
5eb2db0fa4c57d0b8b13eecb,TEMPO WORKLOAD,2025-06-06,2.0,TEM-28
5eb2db0fa4c57d0b8b13eecb,TEMPO WORKLOAD,2025-06-06,2.0,TEM-28
5eb2db0fa4c57d0b8b13eecb,TEMPO WORKLOAD,2025-06-06,2.0,TEM-28
70121:e997c5d5-1d6e-4973-80cb-28bfe7343a3f,TEMPO WORKLOAD,2025-06-06,2.5,TEM-15
6324d3f3ce3e476e42ae2595,TEMPO WORKLOAD,2025-06-06,1.5,TEM-18
712020:e09a2eee-2fe3-41a8-8a9c-29acd2258249,TEMPO WORKLOAD,2025-06-06,0.25,TEM-8
63600fdb1cc605b1fd177862,TEMPO WORKLOAD,2025-06-06,1.0,TEM-6
6310a896316bbc56c4249184,TEMPO WORKLOAD,2025-06-06,2.0,TEM-13
712020:e09a2eee-2fe3-41a8-8a9c-29acd2258249,TEMPO WORKLOAD,2025-06-06,2.25,TEM-8
6022a0ace7deee0069225fbd,TEMPO WORKLOAD,2025-06-06,1.0,TEM-14
712020:00e94d7a-1f49-4891-bbf9-a2bf827bd258,TEMPO WORKLOAD,2025-06-06,1.0,TEM-9
5c8132a6e6e3160b9b6fd44d,TEMPO WORKLOAD,2025-06-06,2.0,TEM-13
712020:51261fb6-b689-4617-8eae-46a70a19df7c,TEMPO WORKLOAD,2025-06-06,6.0,TEM-9
712020:5912aa5b-0476-4091-834a-994381177d1a,TEMPO WORKLOAD,2025-06-06,0.25,TEM-18
712020:6ad83a3e-a1e9-43e6-a0a2-7931a513de7f,TEMPO WORKLOAD,2025-06-06,2.0,TEM-17
712020:3268e7ac-2411-4ef8-a85a-d619f040639c,TEMPO WORKLOAD,2025-06-06,0.5,TEM-36
5d6fae7bab129d0c306da857,TEMPO WORKLOAD,2025-06-06,1.0,TEM-13
712020:39d78a45-5732-4153-afaa-dc9227f4dfe3,TEMPO WORKLOAD,2025-06-06,2.0,TEM-8
712020:6b82bca4-7ae3-4417-b5b5-76024cf32617,TEMPO WORKLOAD,2025-06-06,2.0,TEM-22
712020:15482282-a769-4a4d-a4c2-0424a3a2e0d8,TEMPO WORKLOAD,2025-06-06,2.5,TEM-7
5dbc42d12757660db6144b56,TEMPO WORKLOAD,2025-06-06,1.0,TEM-16
712020:5912aa5b-0476-4091-834a-994381177d1a,TEMPO WORKLOAD,2025-06-06,2.75,TEM-18
712020:3268e7ac-2411-4ef8-a85a-d619f040639c,TEMPO WORKLOAD,2025-06-06,2.0,TEM-25
5dea6ce9b95b180d17cfc7df,TEMPO WORKLOAD,2025-06-06,0.5,TEM-26
712020:00e94d7a-1f49-4891-bbf9-a2bf827bd258,TEMPO WORKLOAD,2025-06-06,2.5,TEM-9
712020:d6bab2e1-1616-4bfb-83a4-2be2aebf31ed,TEMPO WORKLOAD,2025-06-06,6.0,TEM-8
6411cc617222b08f3e70f716,TEMPO WORKLOAD,2025-06-06,2.0,TEM-18
5f03aab970b8a90025641824,TEMPO WORKLOAD,2025-06-06,0.25,TEM-26
64076b2b4d5e4b44e233faf6,TEMPO WORKLOAD,2025-06-06,4.0,TEM-26
636e3660c383ad842147234a,TEMPO WORKLOAD,2025-06-06,0.25,TEM-26
6324d3f3ce3e476e42ae2595,TEMPO WORKLOAD,2025-06-06,2.5,TEM-18
5d6fae7bab129d0c306da857,TEMPO WORKLOAD,2025-06-06,1.0,TEM-13
5dea6ce9b95b180d17cfc7df,TEMPO WORKLOAD,2025-06-06,0.5,TEM-26
5f03aab970b8a90025641824,TEMPO WORKLOAD,2025-06-06,2.75,TEM-15
5dbc42d12757660db6144b56,TEMPO WORKLOAD,2025-06-06,2.5,TEM-6
6310a8976856bdd60a9eddae,TEMPO WORKLOAD,2025-06-06,0.5,TEM-14
63e1170728cddcc70773cbd6,TEMPO WORKLOAD,2025-06-06,6.0,TEM-14
5c5857d6036b380b84dc8212,TEMPO WORKLOAD,2025-06-06,0.5,TEM-28
70121:e997c5d5-1d6e-4973-80cb-28bfe7343a3f,TEMPO WORKLOAD,2025-06-06,2.0,TEM-28
6310a896316bbc56c4249184,TEMPO WORKLOAD,2025-06-06,0.5,TEM-13
5dea6ce9b95b180d17cfc7df,TEMPO WORKLOAD,2025-06-06,3.5,TEM-28
6310a8954fbe9c4bd0edf82a,TEMPO WORKLOAD,2025-06-06,1.0,TEM-19
5c8132a6e6e3160b9b6fd44d,TEMPO WORKLOAD,2025-06-06,1.0,TEM-13
6310a8976856bdd60a9eddae,TEMPO WORKLOAD,2025-06-06,0.75,TEM-14
613fb43fe6c39d00721944a0,TEMPO WORKLOAD,2025-06-06,1.0,TEM-13
5d6fae7bab129d0c306da857,TEMPO WORKLOAD,2025-06-06,0.5,TEM-13
70121:272d7cde-e8e4-4a3f-9333-8e1247180871,TEMPO WORKLOAD,2025-06-06,3.5,TEM-18
712020:39d78a45-5732-4153-afaa-dc9227f4dfe3,TEMPO WORKLOAD,2025-06-06,3.0,TEM-9
712020:6b82bca4-7ae3-4417-b5b5-76024cf32617,TEMPO WORKLOAD,2025-06-06,1.0,TEM-22
6310a896316bbc56c4249184,TEMPO WORKLOAD,2025-06-06,2.0,TEM-13
5f45400afdc3f5003fee080b,TEMPO WORKLOAD,2025-06-06,0.5,TEM-14
5d6fae7bab129d0c306da857,TEMPO WORKLOAD,2025-06-06,0.5,TEM-13
63600fdb1cc605b1fd177862,TEMPO WORKLOAD,2025-06-06,3.0,TEM-28
712020:15482282-a769-4a4d-a4c2-0424a3a2e0d8,TEMPO WORKLOAD,2025-06-06,2.5,TEM-9
6310a8976856bdd60a9eddae,TEMPO WORKLOAD,2025-06-06,0.5,TEM-14
5f45400afdc3f5003fee080b,TEMPO WORKLOAD,2025-06-06,0.25,TEM-14
712020:e09a2eee-2fe3-41a8-8a9c-29acd2258249,TEMPO WORKLOAD,2025-06-06,1.5,TEM-8
6310a8954fbe9c4bd0edf82a,TEMPO WORKLOAD,2025-06-06,3.0,TEM-2
712020:a7ee73c4-a6b3-4a8b-b22b-97aa3edf3ff7,TEMPO WORKLOAD,2025-06-06,4.0,TEM-8
557058:c310fa79-8a55-492f-a2fe-6e69a7d7c4eb,TEMPO WORKLOAD,2025-06-06,2.0,TEM-25
712020:5ee2f3fa-371b-4e6b-b912-594fc836bd92,TEMPO WORKLOAD,2025-06-06,4.0,TEM-30
5f45400afdc3f5003fee080b,TEMPO WORKLOAD,2025-06-06,1.0,TEM-14
613fb43fe6c39d00721944a0,TEMPO WORKLOAD,2025-06-06,2.0,TEM-36
6411cc617222b08f3e70f716,TEMPO WORKLOAD,2025-06-06,2.0,TEM-1
712020:91b42101-19bb-498d-9942-8850a5540c96,TEMPO WORKLOAD,2025-06-06,0.5,TEM-25
712020:3268e7ac-2411-4ef8-a85a-d619f040639c,TEMPO WORKLOAD,2025-06-06,0.5,TEM-25
5d6fae7bab129d0c306da857,TEMPO WORKLOAD,2025-06-06,1.0,TEM-13
712020:6b82bca4-7ae3-4417-b5b5-76024cf32617,TEMPO WORKLOAD,2025-06-06,1.5,TEM-22
6310a8976856bdd60a9eddae,TEMPO WORKLOAD,2025-06-06,1.0,TEM-14
636e3660c383ad842147234a,TEMPO WORKLOAD,2025-06-06,1.75,TEM-26
712020:5912aa5b-0476-4091-834a-994381177d1a,TEMPO WORKLOAD,2025-06-06,0.5,TEM-18
712020:91b42101-19bb-498d-9942-8850a5540c96,TEMPO WORKLOAD,2025-06-06,2.0,TEM-25
712020:3268e7ac-2411-4ef8-a85a-d619f040639c,TEMPO WORKLOAD,2025-06-06,3.0,TEM-25
712020:31918087-5a23-4883-b0d2-134f05828b32,TEMPO WORKLOAD,2025-06-06,1.5,TEM-14
5dbc42d12757660db6144b56,TEMPO WORKLOAD,2025-06-06,1.25,TEM-14
5d6fae7bab129d0c306da857,TEMPO WORKLOAD,2025-06-06,1.0,TEM-13
607829da95f6fc006aab9e92,TEMPO WORKLOAD,2025-06-06,1.0,TEM-19
5c8bd7984c5068698da7b839,TEMPO WORKLOAD,2025-06-06,0.23333333333333334,TEM-5
6310a8976856bdd60a9eddae,TEMPO WORKLOAD,2025-06-06,0.75,TEM-14
712020:e09a2eee-2fe3-41a8-8a9c-29acd2258249,TEMPO WORKLOAD,2025-06-06,1.5,TEM-8
712020:6b82bca4-7ae3-4417-b5b5-76024cf32617,TEMPO WORKLOAD,2025-06-06,1.5,TEM-22
712020:267d13ec-de62-4d6f-95f6-db9acfb88e84,TEMPO WORKLOAD,2025-06-06,1.0,TEM-30
712020:1e3eed0c-846c-4ebd-bec7-51d04bbb59c0,TEMPO WORKLOAD,2025-06-06,1.0,TEM-30
712020:e09a2eee-2fe3-41a8-8a9c-29acd2258249,TEMPO WORKLOAD,2025-06-06,1.5,TEM-8
712020:76b2ab6b-f08d-4fef-9ced-52ff15fad7a0,TEMPO WORKLOAD,2025-06-06,2.0,TEM-27
712020:1e3eed0c-846c-4ebd-bec7-51d04bbb59c0,TEMPO WORKLOAD,2025-06-08,2.0,TEM-30
712020:1e3eed0c-846c-4ebd-bec7-51d04bbb59c0,TEMPO WORKLOAD,2025-06-09,0.5,TEM-30
5eb2db0fa4c57d0b8b13eecb,TEMPO WORKLOAD,2025-06-09,2.0,TEM-6
557058:c310fa79-8a55-492f-a2fe-6e69a7d7c4eb,TEMPO WORKLOAD,2025-06-09,0.25,TEM-19
5c5857d6036b380b84dc8212,TEMPO WORKLOAD,2025-06-09,1.0,TEM-31
712020:50a28763-7675-4ba8-9f58-305b20af5172,TEMPO WORKLOAD,2025-06-09,10.0,TEM-7
5eb2e91b96bbcb0b857bfa58,TEMPO WORKLOAD,2025-06-09,1.0,TEM-14
712020:ca798410-124d-40e3-9954-420f35eb4d5c,TEMPO WORKLOAD,2025-06-09,7.2,TEM-7
6310a8976856bdd60a9eddae,TEMPO WORKLOAD,2025-06-09,1.0,TEM-14
712020:d26e58e6-874b-4243-ac4e-1d4cb867a542,TEMPO WORKLOAD,2025-06-09,8.0,TEM-8
6310a896316bbc56c4249184,TEMPO WORKLOAD,2025-06-09,0.5,TEM-13
712020:a3240ec7-ccb7-4e31-81ed-5338bd11acc2,TEMPO WORKLOAD,2025-06-09,8.0,TEM-8
5eb2e91b96bbcb0b857bfa58,TEMPO WORKLOAD,2025-06-09,6.25,TEM-14
712020:db40572b-4fd3-49a2-b4c1-620d9be82a65,TEMPO WORKLOAD,2025-06-09,8.0,TEM-1
712020:d8a16146-bc5b-4c61-9c5d-af3eaddace2b,TEMPO WORKLOAD,2025-06-09,8.0,TEM-5
712020:f50b1e80-f1ef-440b-b954-716fbfdbc927,TEMPO WORKLOAD,2025-06-09,8.0,TEM-9
62fbddc8bb0704a2a808bd57,TEMPO WORKLOAD,2025-06-09,8.0,TEM-5
5f45400afdc3f5003fee080b,TEMPO WORKLOAD,2025-06-09,8.0,TEM-2
613fb43fe6c39d00721944a0,TEMPO WORKLOAD,2025-06-09,7.0,TEM-36
6310a8963e578bb3b5feb9f3,TEMPO WORKLOAD,2025-06-09,0.5,TEM-13
6299079acd636500697d4701,TEMPO WORKLOAD,2025-06-09,1.0,TEM-28
6411cc617222b08f3e70f716,TEMPO WORKLOAD,2025-06-09,0.25,TEM-18
712020:02ccfc0c-5c0f-4e48-8f91-fb3bb584a2dc,TEMPO WORKLOAD,2025-06-09,8.0,TEM-7
712020:91b42101-19bb-498d-9942-8850a5540c96,TEMPO WORKLOAD,2025-06-09,6.0,TEM-25
61ddc1dcf3037f0069656c13,TEMPO WORKLOAD,2025-06-09,1.0,TEM-18
61ddc1dcf3037f0069656c13,TEMPO WORKLOAD,2025-06-09,0.25,TEM-22
605e40fd2f7d900070bce962,TEMPO WORKLOAD,2025-06-09,0.25,TEM-26
557058:b0ab43f7-2329-4796-9a63-2abcf978b413,TEMPO WORKLOAD,2025-06-09,0.3333333333333333,TEM-26
5dbc42d12757660db6144b56,TEMPO WORKLOAD,2025-06-09,0.5,TEM-13
712020:6ad83a3e-a1e9-43e6-a0a2-7931a513de7f,TEMPO WORKLOAD,2025-06-09,3.0,TEM-17
6356e77976b91b62562d4fea,TEMPO WORKLOAD,2025-06-09,6.0,TEM-26
5c8bd79686c36970e812b609,TEMPO WORKLOAD,2025-06-09,4.0,TEM-9
62e433730b4bf7ad924bcbe5,TEMPO WORKLOAD,2025-06-09,8.0,TEM-7
5dea6ce9b95b180d17cfc7df,TEMPO WORKLOAD,2025-06-09,3.75,TEM-28
5e751b85fad9000c325d9aae,TEMPO WORKLOAD,2025-06-09,9.0,TEM-8
712020:39d78a45-5732-4153-afaa-dc9227f4dfe3,TEMPO WORKLOAD,2025-06-09,3.0,TEM-7
607829da95f6fc006aab9e92,TEMPO WORKLOAD,2025-06-09,0.25,TEM-19
712020:b6588882-6f04-4ee1-8c9d-7bdd4569e704,TEMPO WORKLOAD,2025-06-09,8.0,TEM-25
712020:ab3c5ef0-a515-47fc-9cdd-3b5d0c219224,TEMPO WORKLOAD,2025-06-09,8.0,TEM-9
712020:f5cdecd9-64db-4d5e-b4a2-c8f4b7201212,TEMPO WORKLOAD,2025-06-09,8.0,TEM-7
70121:e997c5d5-1d6e-4973-80cb-28bfe7343a3f,TEMPO WORKLOAD,2025-06-09,1.5,TEM-28
63d916c4bf837c6893d6fbad,TEMPO WORKLOAD,2025-06-09,8.0,TEM-7
613fb383e057c6006a1ccade,TEMPO WORKLOAD,2025-06-09,8.0,TEM-8
70121:2c1e0513-4f21-4c96-adc1-8c318e30bc0e,TEMPO WORKLOAD,2025-06-09,3.0,TEM-7
70121:2c1e0513-4f21-4c96-adc1-8c318e30bc0e,TEMPO WORKLOAD,2025-06-09,3.0,TEM-8
712020:98295f35-86b1-4d23-a51b-30dbe7170d11,TEMPO WORKLOAD,2025-06-09,7.2,TEM-7
5c8bd7984c5068698da7b839,TEMPO WORKLOAD,2025-06-09,6.35,TEM-32
712020:15482282-a769-4a4d-a4c2-0424a3a2e0d8,TEMPO WORKLOAD,2025-06-09,2.5,TEM-8
70121:2c1e0513-4f21-4c96-adc1-8c318e30bc0e,TEMPO WORKLOAD,2025-06-09,1.5,TEM-28
70121:2c1e0513-4f21-4c96-adc1-8c318e30bc0e,TEMPO WORKLOAD,2025-06-09,0.5,TEM-5
557058:c310fa79-8a55-492f-a2fe-6e69a7d7c4eb,TEMPO WORKLOAD,2025-06-09,1.0,TEM-28
6411cc617222b08f3e70f716,TEMPO WORKLOAD,2025-06-09,3.0,TEM-1
605e40fd2f7d900070bce962,TEMPO WORKLOAD,2025-06-09,0.75,TEM-26
607829da95f6fc006aab9e92,TEMPO WORKLOAD,2025-06-09,7.833333333333333,TEM-19
557058:b0ab43f7-2329-4796-9a63-2abcf978b413,TEMPO WORKLOAD,2025-06-09,1.0,TEM-26
6310a896316bbc56c4249184,TEMPO WORKLOAD,2025-06-09,0.25,TEM-10
5c5857d6036b380b84dc8212,TEMPO WORKLOAD,2025-06-09,5.0,TEM-28
6310a8963e578bb3b5feb9f3,TEMPO WORKLOAD,2025-06-09,1.5,TEM-13
5dbc42d12757660db6144b56,TEMPO WORKLOAD,2025-06-09,4.5,TEM-17
712020:6b82bca4-7ae3-4417-b5b5-76024cf32617,TEMPO WORKLOAD,2025-06-09,1.0,TEM-22
712020:1e3eed0c-846c-4ebd-bec7-51d04bbb59c0,TEMPO WORKLOAD,2025-06-09,1.0,TEM-30
6310a896316bbc56c4249184,TEMPO WORKLOAD,2025-06-09,2.25,TEM-13
6310a898316bbc56c4249187,TEMPO WORKLOAD,2025-06-09,4.0,TEM-21
6310a8954fbe9c4bd0edf82a,TEMPO WORKLOAD,2025-06-09,0.5,TEM-19
5d6fae7bab129d0c306da857,TEMPO WORKLOAD,2025-06-09,1.0,TEM-13
712020:5e29a15d-dadb-41b1-bd51-d65cb73a9a3e,TEMPO WORKLOAD,2025-06-09,8.0,TEM-7
712020:f518f4e7-7314-45a9-a3ef-723ad3fd6d7f,TEMPO WORKLOAD,2025-06-09,6.5,TEM-7
712020:a7ee73c4-a6b3-4a8b-b22b-97aa3edf3ff7,TEMPO WORKLOAD,2025-06-09,4.0,TEM-8
712020:3268e7ac-2411-4ef8-a85a-d619f040639c,TEMPO WORKLOAD,2025-06-09,1.0,TEM-25
6310a8976856bdd60a9eddae,TEMPO WORKLOAD,2025-06-09,0.75,TEM-14
5e0de9b99af3650e9e3ffc97,TEMPO WORKLOAD,2025-06-09,1.0,TEM-14
62fbd97aeec8d4a478d41a3b,TEMPO WORKLOAD,2025-06-09,4.0,TEM-31
712020:5ee2f3fa-371b-4e6b-b912-594fc836bd92,TEMPO WORKLOAD,2025-06-09,4.0,TEM-30
63b6c257d3aeefa405443cf9,TEMPO WORKLOAD,2025-06-09,6.0,TEM-24
712020:34c5700f-f485-4468-b4d7-06a7a3e2942b,TEMPO WORKLOAD,2025-06-09,7.0,TEM-7
61ddc1dcf3037f0069656c13,TEMPO WORKLOAD,2025-06-09,2.0,TEM-24
5f03aab970b8a90025641824,TEMPO WORKLOAD,2025-06-09,3.0,TEM-15
712020:6c5881b3-26a9-4223-a18b-14414e7b9d3a,TEMPO WORKLOAD,2025-06-09,8.0,TEM-9
712020:31918087-5a23-4883-b0d2-134f05828b32,TEMPO WORKLOAD,2025-06-09,7.0,TEM-14
712020:c2d6f64b-7c18-4b58-9189-57c8823f4f64,TEMPO WORKLOAD,2025-06-09,8.0,TEM-5
712020:11e8ce5a-06a7-43cf-9c5a-858eed6f0a07,TEMPO WORKLOAD,2025-06-09,8.0,TEM-5
712020:448afbe2-d875-40e8-9541-835a59cdf0a7,TEMPO WORKLOAD,2025-06-09,8.0,TEM-7
712020:2fd5ca9e-c92c-426e-b141-c27cdf46a539,TEMPO WORKLOAD,2025-06-09,6.0,TEM-9
637d1ac0f48fbd9b62d50fc3,TEMPO WORKLOAD,2025-06-09,4.0,TEM-7
712020:f71fff89-9283-4b8c-afc6-a4ccda67573c,TEMPO WORKLOAD,2025-06-09,8.0,TEM-7
712020:e09a2eee-2fe3-41a8-8a9c-29acd2258249,TEMPO WORKLOAD,2025-06-09,1.5,TEM-8
6299079acd636500697d4701,TEMPO WORKLOAD,2025-06-09,8.0,TEM-21
63600fdb1cc605b1fd177862,TEMPO WORKLOAD,2025-06-09,3.0,TEM-28
712020:d1c53603-3e65-4881-b493-a128394d565e,TEMPO WORKLOAD,2025-06-09,9.0,TEM-7
712020:76b2ab6b-f08d-4fef-9ced-52ff15fad7a0,TEMPO WORKLOAD,2025-06-09,0.5333333333333333,TEM-21
712020:5912aa5b-0476-4091-834a-994381177d1a,TEMPO WORKLOAD,2025-06-09,2.0,TEM-1
557058:c310fa79-8a55-492f-a2fe-6e69a7d7c4eb,TEMPO WORKLOAD,2025-06-09,7.0,TEM-19
712020:05c80f08-99ab-4608-9ac1-8c3c43fbef01,TEMPO WORKLOAD,2025-06-09,0.5,TEM-25
5eb2db0fa4c57d0b8b13eecb,TEMPO WORKLOAD,2025-06-09,5.0,TEM-28
6310a8954fbe9c4bd0edf82a,TEMPO WORKLOAD,2025-06-09,0.25,TEM-19
712020:6b82bca4-7ae3-4417-b5b5-76024cf32617,TEMPO WORKLOAD,2025-06-09,0.5,TEM-22
70121:e997c5d5-1d6e-4973-80cb-28bfe7343a3f,TEMPO WORKLOAD,2025-06-09,0.25,TEM-27
712020:76b2ab6b-f08d-4fef-9ced-52ff15fad7a0,TEMPO WORKLOAD,2025-06-09,5.366666666666666,TEM-21
6310a8954fbe9c4bd0edf82a,TEMPO WORKLOAD,2025-06-09,3.25,TEM-19
6310a8976856bdd60a9eddae,TEMPO WORKLOAD,2025-06-09,0.25,TEM-14
70121:e997c5d5-1d6e-4973-80cb-28bfe7343a3f,TEMPO WORKLOAD,2025-06-09,2.5,TEM-15
712020:05c80f08-99ab-4608-9ac1-8c3c43fbef01,TEMPO WORKLOAD,2025-06-09,8.0,TEM-17
5e0de9b99af3650e9e3ffc97,TEMPO WORKLOAD,2025-06-09,0.3333333333333333,TEM-14
6310a8976856bdd60a9eddae,TEMPO WORKLOAD,2025-06-09,6.0,TEM-14
5d6fae7bab129d0c306da857,TEMPO WORKLOAD,2025-06-09,0.5,TEM-13
6310a8963e578bb3b5feb9f3,TEMPO WORKLOAD,2025-06-09,1.5,TEM-13
712020:3268e7ac-2411-4ef8-a85a-d619f040639c,TEMPO WORKLOAD,2025-06-09,5.0,TEM-36
5f4d8530d0884f00492507dd,TEMPO WORKLOAD,2025-06-09,2.5,TEM-26
712020:460f9b37-2b1d-4960-8575-5dc964940e8f,TEMPO WORKLOAD,2025-06-09,3.0,TEM-26
712020:c24d4628-d885-44d1-8ec8-dd76d416436a,TEMPO WORKLOAD,2025-06-09,6.0,TEM-26
64076b2b4d5e4b44e233faf6,TEMPO WORKLOAD,2025-06-09,6.0,TEM-26
712020:00e94d7a-1f49-4891-bbf9-a2bf827bd258,TEMPO WORKLOAD,2025-06-09,6.0,TEM-9
70121:716f3beb-9b1e-4b9c-bb75-d5716c9878b0,TEMPO WORKLOAD,2025-06-09,1.0,TEM-17
712020:6b82bca4-7ae3-4417-b5b5-76024cf32617,TEMPO WORKLOAD,2025-06-09,3.0,TEM-22
5e0de9b99af3650e9e3ffc97,TEMPO WORKLOAD,2025-06-09,0.5,TEM-14
6022a0ace7deee0069225fbd,TEMPO WORKLOAD,2025-06-09,1.5,TEM-28
5d6fae7bab129d0c306da857,TEMPO WORKLOAD,2025-06-09,1.0,TEM-13
63e1170728cddcc70773cbd6,TEMPO WORKLOAD,2025-06-09,5.5,TEM-14
712020:e09a2eee-2fe3-41a8-8a9c-29acd2258249,TEMPO WORKLOAD,2025-06-09,0.25,TEM-8
712020:15482282-a769-4a4d-a4c2-0424a3a2e0d8,TEMPO WORKLOAD,2025-06-09,3.0,TEM-7
712020:e09a2eee-2fe3-41a8-8a9c-29acd2258249,TEMPO WORKLOAD,2025-06-09,4.75,TEM-8
5e0de9b99af3650e9e3ffc97,TEMPO WORKLOAD,2025-06-09,0.5,TEM-14
712020:51261fb6-b689-4617-8eae-46a70a19df7c,TEMPO WORKLOAD,2025-06-09,6.0,TEM-9
6310a896316bbc56c4249184,TEMPO WORKLOAD,2025-06-09,1.0,TEM-13
6324d3f3ce3e476e42ae2595,TEMPO WORKLOAD,2025-06-09,1.0,TEM-18
712020:5912aa5b-0476-4091-834a-994381177d1a,TEMPO WORKLOAD,2025-06-09,0.25,TEM-18
61ddc1dcf3037f0069656c13,TEMPO WORKLOAD,2025-06-09,0.75,TEM-24
712020:6ad83a3e-a1e9-43e6-a0a2-7931a513de7f,TEMPO WORKLOAD,2025-06-09,3.0,TEM-17
70121:272d7cde-e8e4-4a3f-9333-8e1247180871,TEMPO WORKLOAD,2025-06-09,1.0,TEM-18
712020:39d78a45-5732-4153-afaa-dc9227f4dfe3,TEMPO WORKLOAD,2025-06-09,2.0,TEM-8
6411cc617222b08f3e70f716,TEMPO WORKLOAD,2025-06-09,1.0,TEM-18
712020:5912aa5b-0476-4091-834a-994381177d1a,TEMPO WORKLOAD,2025-06-09,1.5,TEM-1
5e0de9b99af3650e9e3ffc97,TEMPO WORKLOAD,2025-06-09,0.5,TEM-14
6310a8963e578bb3b5feb9f3,TEMPO WORKLOAD,2025-06-09,0.5,TEM-13
5d6fae7bab129d0c306da857,TEMPO WORKLOAD,2025-06-09,1.0,TEM-13
61ddc1dcf3037f0069656c13,TEMPO WORKLOAD,2025-06-09,2.0,TEM-24
5e0de9b99af3650e9e3ffc97,TEMPO WORKLOAD,2025-06-09,3.5,TEM-14
6022a0ace7deee0069225fbd,TEMPO WORKLOAD,2025-06-09,0.5,TEM-13
712020:d6bab2e1-1616-4bfb-83a4-2be2aebf31ed,TEMPO WORKLOAD,2025-06-09,6.0,TEM-8
6310a8963e578bb3b5feb9f3,TEMPO WORKLOAD,2025-06-09,2.5,TEM-13
5c8132a6e6e3160b9b6fd44d,TEMPO WORKLOAD,2025-06-09,1.75,TEM-13
5f03aab970b8a90025641824,TEMPO WORKLOAD,2025-06-09,0.25,TEM-26
636e3660c383ad842147234a,TEMPO WORKLOAD,2025-06-09,0.25,TEM-26
6324d3f3ce3e476e42ae2595,TEMPO WORKLOAD,2025-06-09,2.0,TEM-18
5c8bd79686c36970e812b609,TEMPO WORKLOAD,2025-06-09,4.0,TEM-7
5dea6ce9b95b180d17cfc7df,TEMPO WORKLOAD,2025-06-09,0.25,TEM-28
5eb2db0fa4c57d0b8b13eecb,TEMPO WORKLOAD,2025-06-09,1.0,TEM-18
6411cc617222b08f3e70f716,TEMPO WORKLOAD,2025-06-09,0.5,TEM-1
5f03aab970b8a90025641824,TEMPO WORKLOAD,2025-06-09,2.75,TEM-15
70121:e997c5d5-1d6e-4973-80cb-28bfe7343a3f,TEMPO WORKLOAD,2025-06-09,1.0,TEM-15
6022a0ace7deee0069225fbd,TEMPO WORKLOAD,2025-06-09,0.5,TEM-13
5c5857d6036b380b84dc8212,TEMPO WORKLOAD,2025-06-09,2.0,TEM-28
636e3660c383ad842147234a,TEMPO WORKLOAD,2025-06-09,1.5,TEM-26
5dea6ce9b95b180d17cfc7df,TEMPO WORKLOAD,2025-06-09,4.25,TEM-28
63600fdb1cc605b1fd177862,TEMPO WORKLOAD,2025-06-09,4.0,TEM-17
6411cc617222b08f3e70f716,TEMPO WORKLOAD,2025-06-09,0.25,TEM-18
712020:5912aa5b-0476-4091-834a-994381177d1a,TEMPO WORKLOAD,2025-06-09,0.75,TEM-18
6310a8954fbe9c4bd0edf82a,TEMPO WORKLOAD,2025-06-09,1.0,TEM-28
6022a0ace7deee0069225fbd,TEMPO WORKLOAD,2025-06-09,0.5,TEM-28
6411cc617222b08f3e70f716,TEMPO WORKLOAD,2025-06-09,2.5,TEM-1
62fbd97aeec8d4a478d41a3b,TEMPO WORKLOAD,2025-06-09,0.5,TEM-18
5dbc42d12757660db6144b56,TEMPO WORKLOAD,2025-06-09,1.25,TEM-28
5d6fae7bab129d0c306da857,TEMPO WORKLOAD,2025-06-09,1.0,TEM-13
70121:272d7cde-e8e4-4a3f-9333-8e1247180871,TEMPO WORKLOAD,2025-06-09,3.0,TEM-18
712020:39d78a45-5732-4153-afaa-dc9227f4dfe3,TEMPO WORKLOAD,2025-06-09,3.0,TEM-9
712020:6b82bca4-7ae3-4417-b5b5-76024cf32617,TEMPO WORKLOAD,2025-06-09,3.5,TEM-22
6022a0ace7deee0069225fbd,TEMPO WORKLOAD,2025-06-09,0.5,TEM-14
62fbd97aeec8d4a478d41a3b,TEMPO WORKLOAD,2025-06-09,1.0,TEM-18
712020:15482282-a769-4a4d-a4c2-0424a3a2e0d8,TEMPO WORKLOAD,2025-06-09,2.5,TEM-9
712020:5912aa5b-0476-4091-834a-994381177d1a,TEMPO WORKLOAD,2025-06-09,1.0,TEM-1
6310a8954fbe9c4bd0edf82a,TEMPO WORKLOAD,2025-06-09,3.0,TEM-19
712020:a7ee73c4-a6b3-4a8b-b22b-97aa3edf3ff7,TEMPO WORKLOAD,2025-06-09,4.0,TEM-8
5c8132a6e6e3160b9b6fd44d,TEMPO WORKLOAD,2025-06-09,1.0,TEM-13
712020:5ee2f3fa-371b-4e6b-b912-594fc836bd92,TEMPO WORKLOAD,2025-06-09,4.0,TEM-30
712020:91b42101-19bb-498d-9942-8850a5540c96,TEMPO WORKLOAD,2025-06-09,0.5,TEM-25
636e3660c383ad842147234a,TEMPO WORKLOAD,2025-06-09,2.25,TEM-26
712020:6ad83a3e-a1e9-43e6-a0a2-7931a513de7f,TEMPO WORKLOAD,2025-06-09,1.0,TEM-17
6324d3f3ce3e476e42ae2595,TEMPO WORKLOAD,2025-06-09,2.0,TEM-18
5d6fae7bab129d0c306da857,TEMPO WORKLOAD,2025-06-09,1.5,TEM-13
637d1ac0f48fbd9b62d50fc3,TEMPO WORKLOAD,2025-06-09,4.0,TEM-1
5dbc42d12757660db6144b56,TEMPO WORKLOAD,2025-06-09,0.25,TEM-14
5c8bd7984c5068698da7b839,TEMPO WORKLOAD,2025-06-09,2.3833333333333333,TEM-9
6310a896316bbc56c4249184,TEMPO WORKLOAD,2025-06-09,0.5,TEM-13
6310a8963e578bb3b5feb9f3,TEMPO WORKLOAD,2025-06-09,1.5,TEM-13
712020:91b42101-19bb-498d-9942-8850a5540c96,TEMPO WORKLOAD,2025-06-09,1.5,TEM-25
62fbd97aeec8d4a478d41a3b,TEMPO WORKLOAD,2025-06-09,2.5,TEM-17
5dbc42d12757660db6144b56,TEMPO WORKLOAD,2025-06-09,1.5,TEM-13
712020:76b2ab6b-f08d-4fef-9ced-52ff15fad7a0,TEMPO WORKLOAD,2025-06-09,1.7833333333333334,TEM-21
6022a0ace7deee0069225fbd,TEMPO WORKLOAD,2025-06-09,1.0,TEM-13
613fb43fe6c39d00721944a0,TEMPO WORKLOAD,2025-06-09,1.0,TEM-13
6310a896316bbc56c4249184,TEMPO WORKLOAD,2025-06-09,1.0,TEM-13
712020:3268e7ac-2411-4ef8-a85a-d619f040639c,TEMPO WORKLOAD,2025-06-09,1.0,TEM-36
712020:6ad83a3e-a1e9-43e6-a0a2-7931a513de7f,TEMPO WORKLOAD,2025-06-09,1.0,TEM-17
70121:716f3beb-9b1e-4b9c-bb75-d5716c9878b0,TEMPO WORKLOAD,2025-06-09,1.0,TEM-17
5c8132a6e6e3160b9b6fd44d,TEMPO WORKLOAD,2025-06-09,2.25,TEM-13
5e0de9b99af3650e9e3ffc97,TEMPO WORKLOAD,2025-06-09,1.6666666666666667,TEM-14
5d6fae7bab129d0c306da857,TEMPO WORKLOAD,2025-06-09,1.5,TEM-13
6411cc617222b08f3e70f716,TEMPO WORKLOAD,2025-06-09,0.5,TEM-18
712020:5912aa5b-0476-4091-834a-994381177d1a,TEMPO WORKLOAD,2025-06-09,0.5,TEM-18
712020:e09a2eee-2fe3-41a8-8a9c-29acd2258249,TEMPO WORKLOAD,2025-06-09,2.5,TEM-8
6022a0ace7deee0069225fbd,TEMPO WORKLOAD,2025-06-09,1.5,TEM-28
6310a896316bbc56c4249184,TEMPO WORKLOAD,2025-06-09,1.5,TEM-13
63e1170728cddcc70773cbd6,TEMPO WORKLOAD,2025-06-09,1.0,TEM-14
6324d3f3ce3e476e42ae2595,TEMPO WORKLOAD,2025-06-09,3.0,TEM-18
712020:31918087-5a23-4883-b0d2-134f05828b32,TEMPO WORKLOAD,2025-06-09,1.0,TEM-14
70121:716f3beb-9b1e-4b9c-bb75-d5716c9878b0,TEMPO WORKLOAD,2025-06-09,2.0,TEM-17
63600fdb1cc605b1fd177862,TEMPO WORKLOAD,2025-06-09,1.0,TEM-28
712020:76b2ab6b-f08d-4fef-9ced-52ff15fad7a0,TEMPO WORKLOAD,2025-06-09,0.31666666666666665,TEM-21
63e1170728cddcc70773cbd6,TEMPO WORKLOAD,2025-06-09,1.0,TEM-14
712020:3268e7ac-2411-4ef8-a85a-d619f040639c,TEMPO WORKLOAD,2025-06-09,1.0,TEM-25
712020:76b2ab6b-f08d-4fef-9ced-52ff15fad7a0,TEMPO WORKLOAD,2025-06-09,2.0166666666666666,TEM-27
6022a0ace7deee0069225fbd,TEMPO WORKLOAD,2025-06-09,1.0,TEM-14
5e751b85fad9000c325d9aae,TEMPO WORKLOAD,2025-06-10,8.5,TEM-8
5eb2db0fa4c57d0b8b13eecb,TEMPO WORKLOAD,2025-06-10,2.0,TEM-28
5eb2e91b96bbcb0b857bfa58,TEMPO WORKLOAD,2025-06-10,0.5,TEM-14
712020:ca798410-124d-40e3-9954-420f35eb4d5c,TEMPO WORKLOAD,2025-06-10,7.2,TEM-7
5c8132a6e6e3160b9b6fd44d,TEMPO WORKLOAD,2025-06-10,3.0,TEM-13
712020:d26e58e6-874b-4243-ac4e-1d4cb867a542,TEMPO WORKLOAD,2025-06-10,8.0,TEM-8
712020:6ad83a3e-a1e9-43e6-a0a2-7931a513de7f,TEMPO WORKLOAD,2025-06-10,0.5,TEM-17
5eb2e91b96bbcb0b857bfa58,TEMPO WORKLOAD,2025-06-10,6.75,TEM-14
712020:db40572b-4fd3-49a2-b4c1-620d9be82a65,TEMPO WORKLOAD,2025-06-10,8.0,TEM-1
557058:c310fa79-8a55-492f-a2fe-6e69a7d7c4eb,TEMPO WORKLOAD,2025-06-10,0.25,TEM-19
6310a8976856bdd60a9eddae,TEMPO WORKLOAD,2025-06-10,0.75,TEM-14
62fbddc8bb0704a2a808bd57,TEMPO WORKLOAD,2025-06-10,8.0,TEM-5
5c5857d6036b380b84dc8212,TEMPO WORKLOAD,2025-06-10,2.0,TEM-31
5f45400afdc3f5003fee080b,TEMPO WORKLOAD,2025-06-10,1.25,TEM-14
613fb43fe6c39d00721944a0,TEMPO WORKLOAD,2025-06-10,1.0,TEM-36
6310a8963e578bb3b5feb9f3,TEMPO WORKLOAD,2025-06-10,0.5,TEM-13
712020:50a28763-7675-4ba8-9f58-305b20af5172,TEMPO WORKLOAD,2025-06-10,9.0,TEM-9
712020:3268e7ac-2411-4ef8-a85a-d619f040639c,TEMPO WORKLOAD,2025-06-10,1.0,TEM-36
6310a896316bbc56c4249184,TEMPO WORKLOAD,2025-06-10,0.5,TEM-13
6411cc617222b08f3e70f716,TEMPO WORKLOAD,2025-06-10,1.0,TEM-1
712020:a3240ec7-ccb7-4e31-81ed-5338bd11acc2,TEMPO WORKLOAD,2025-06-10,3.0,TEM-8
712020:02ccfc0c-5c0f-4e48-8f91-fb3bb584a2dc,TEMPO WORKLOAD,2025-06-10,8.0,TEM-7
712020:91b42101-19bb-498d-9942-8850a5540c96,TEMPO WORKLOAD,2025-06-10,6.0,TEM-25
61ddc1dcf3037f0069656c13,TEMPO WORKLOAD,2025-06-10,0.5,TEM-18
6324d3f3ce3e476e42ae2595,TEMPO WORKLOAD,2025-06-10,4.0,TEM-18
605e40fd2f7d900070bce962,TEMPO WORKLOAD,2025-06-10,0.25,TEM-26
557058:b0ab43f7-2329-4796-9a63-2abcf978b413,TEMPO WORKLOAD,2025-06-10,0.3333333333333333,TEM-26
5dbc42d12757660db6144b56,TEMPO WORKLOAD,2025-06-10,0.5,TEM-13
6356e77976b91b62562d4fea,TEMPO WORKLOAD,2025-06-10,6.0,TEM-26
712020:f50b1e80-f1ef-440b-b954-716fbfdbc927,TEMPO WORKLOAD,2025-06-10,8.0,TEM-9
5c8bd79686c36970e812b609,TEMPO WORKLOAD,2025-06-10,4.0,TEM-9
62e433730b4bf7ad924bcbe5,TEMPO WORKLOAD,2025-06-10,8.0,TEM-7
712020:d8a16146-bc5b-4c61-9c5d-af3eaddace2b,TEMPO WORKLOAD,2025-06-10,8.0,TEM-5
5dea6ce9b95b180d17cfc7df,TEMPO WORKLOAD,2025-06-10,1.0,TEM-28
712020:39d78a45-5732-4153-afaa-dc9227f4dfe3,TEMPO WORKLOAD,2025-06-10,3.0,TEM-7
607829da95f6fc006aab9e92,TEMPO WORKLOAD,2025-06-10,0.25,TEM-19
712020:b6588882-6f04-4ee1-8c9d-7bdd4569e704,TEMPO WORKLOAD,2025-06-10,8.0,TEM-25
712020:1e3eed0c-846c-4ebd-bec7-51d04bbb59c0,TEMPO WORKLOAD,2025-06-10,1.5,TEM-30
712020:ab3c5ef0-a515-47fc-9cdd-3b5d0c219224,TEMPO WORKLOAD,2025-06-10,8.0,TEM-9
5c5857d6036b380b84dc8212,TEMPO WORKLOAD,2025-06-10,1.0,TEM-28
712020:f5cdecd9-64db-4d5e-b4a2-c8f4b7201212,TEMPO WORKLOAD,2025-06-10,8.0,TEM-7
70121:e997c5d5-1d6e-4973-80cb-28bfe7343a3f,TEMPO WORKLOAD,2025-06-10,0.5,TEM-28
63d916c4bf837c6893d6fbad,TEMPO WORKLOAD,2025-06-10,8.0,TEM-7
6299079acd636500697d4701,TEMPO WORKLOAD,2025-06-10,8.0,TEM-21
613fb383e057c6006a1ccade,TEMPO WORKLOAD,2025-06-10,8.0,TEM-8
70121:2c1e0513-4f21-4c96-adc1-8c318e30bc0e,TEMPO WORKLOAD,2025-06-10,3.0,TEM-7
70121:2c1e0513-4f21-4c96-adc1-8c318e30bc0e,TEMPO WORKLOAD,2025-06-10,3.0,TEM-8
712020:98295f35-86b1-4d23-a51b-30dbe7170d11,TEMPO WORKLOAD,2025-06-10,7.2,TEM-7
712020:15482282-a769-4a4d-a4c2-0424a3a2e0d8,TEMPO WORKLOAD,2025-06-10,2.5,TEM-8
5c8bd7984c5068698da7b839,TEMPO WORKLOAD,2025-06-10,7.5,TEM-5
70121:2c1e0513-4f21-4c96-adc1-8c318e30bc0e,TEMPO WORKLOAD,2025-06-10,1.5,TEM-28
70121:2c1e0513-4f21-4c96-adc1-8c318e30bc0e,TEMPO WORKLOAD,2025-06-10,0.5,TEM-5
557058:c310fa79-8a55-492f-a2fe-6e69a7d7c4eb,TEMPO WORKLOAD,2025-06-10,7.75,TEM-19
605e40fd2f7d900070bce962,TEMPO WORKLOAD,2025-06-10,1.75,TEM-26
607829da95f6fc006aab9e92,TEMPO WORKLOAD,2025-06-10,7.716666666666667,TEM-19
557058:b0ab43f7-2329-4796-9a63-2abcf978b413,TEMPO WORKLOAD,2025-06-10,4.0,TEM-15
557058:b0ab43f7-2329-4796-9a63-2abcf978b413,TEMPO WORKLOAD,2025-06-10,1.0,TEM-26
712020:6ad83a3e-a1e9-43e6-a0a2-7931a513de7f,TEMPO WORKLOAD,2025-06-10,0.5,TEM-17
5c5857d6036b380b84dc8212,TEMPO WORKLOAD,2025-06-10,4.0,TEM-28
6310a8963e578bb3b5feb9f3,TEMPO WORKLOAD,2025-06-10,1.0,TEM-13
6310a896316bbc56c4249184,TEMPO WORKLOAD,2025-06-10,0.25,TEM-10
5dbc42d12757660db6144b56,TEMPO WORKLOAD,2025-06-10,1.5,TEM-17
712020:6b82bca4-7ae3-4417-b5b5-76024cf32617,TEMPO WORKLOAD,2025-06-10,1.0,TEM-22
70121:e997c5d5-1d6e-4973-80cb-28bfe7343a3f,TEMPO WORKLOAD,2025-06-10,0.25,TEM-27
6310a896316bbc56c4249184,TEMPO WORKLOAD,2025-06-10,3.0,TEM-13
6310a8976856bdd60a9eddae,TEMPO WORKLOAD,2025-06-10,0.75,TEM-14
712020:5912aa5b-0476-4091-834a-994381177d1a,TEMPO WORKLOAD,2025-06-10,2.25,TEM-1
61ddc1dcf3037f0069656c13,TEMPO WORKLOAD,2025-06-10,1.0,TEM-24
61ddc1dcf3037f0069656c13,TEMPO WORKLOAD,2025-06-10,1.25,TEM-24
70121:e997c5d5-1d6e-4973-80cb-28bfe7343a3f,TEMPO WORKLOAD,2025-06-10,0.5,TEM-15
712020:5e29a15d-dadb-41b1-bd51-d65cb73a9a3e,TEMPO WORKLOAD,2025-06-10,8.0,TEM-7
613fb43fe6c39d00721944a0,TEMPO WORKLOAD,2025-06-10,2.0,TEM-13
5e0de9b99af3650e9e3ffc97,TEMPO WORKLOAD,2025-06-10,0.5,TEM-14
712020:f71fff89-9283-4b8c-afc6-a4ccda67573c,TEMPO WORKLOAD,2025-06-10,8.0,TEM-9
712020:a7ee73c4-a6b3-4a8b-b22b-97aa3edf3ff7,TEMPO WORKLOAD,2025-06-10,4.0,TEM-8
63e1170728cddcc70773cbd6,TEMPO WORKLOAD,2025-06-10,6.0,TEM-14
5d6fae7bab129d0c306da857,TEMPO WORKLOAD,2025-06-10,2.0,TEM-13
712020:5ee2f3fa-371b-4e6b-b912-594fc836bd92,TEMPO WORKLOAD,2025-06-10,4.0,TEM-30
6310a898316bbc56c4249187,TEMPO WORKLOAD,2025-06-10,4.0,TEM-21
63b6c257d3aeefa405443cf9,TEMPO WORKLOAD,2025-06-10,6.0,TEM-24
712020:34c5700f-f485-4468-b4d7-06a7a3e2942b,TEMPO WORKLOAD,2025-06-10,4.0,TEM-7
62fbd97aeec8d4a478d41a3b,TEMPO WORKLOAD,2025-06-10,4.0,TEM-31
6411cc617222b08f3e70f716,TEMPO WORKLOAD,2025-06-10,0.25,TEM-18
6310a8954fbe9c4bd0edf82a,TEMPO WORKLOAD,2025-06-10,0.5,TEM-19
712020:f518f4e7-7314-45a9-a3ef-723ad3fd6d7f,TEMPO WORKLOAD,2025-06-10,7.5,TEM-7
5f03aab970b8a90025641824,TEMPO WORKLOAD,2025-06-10,3.0,TEM-26
712020:6c5881b3-26a9-4223-a18b-14414e7b9d3a,TEMPO WORKLOAD,2025-06-10,8.0,TEM-9
712020:3268e7ac-2411-4ef8-a85a-d619f040639c,TEMPO WORKLOAD,2025-06-10,4.0,TEM-25
712020:31918087-5a23-4883-b0d2-134f05828b32,TEMPO WORKLOAD,2025-06-10,7.5,TEM-14
712020:c2d6f64b-7c18-4b58-9189-57c8823f4f64,TEMPO WORKLOAD,2025-06-10,8.0,TEM-5
712020:11e8ce5a-06a7-43cf-9c5a-858eed6f0a07,TEMPO WORKLOAD,2025-06-10,8.0,TEM-5
712020:448afbe2-d875-40e8-9541-835a59cdf0a7,TEMPO WORKLOAD,2025-06-10,8.0,TEM-7
712020:2fd5ca9e-c92c-426e-b141-c27cdf46a539,TEMPO WORKLOAD,2025-06-10,6.0,TEM-9
5dea6ce9b95b180d17cfc7df,TEMPO WORKLOAD,2025-06-10,0.5,TEM-28
637d1ac0f48fbd9b62d50fc3,TEMPO WORKLOAD,2025-06-10,8.0,TEM-1
712020:6ad83a3e-a1e9-43e6-a0a2-7931a513de7f,TEMPO WORKLOAD,2025-06-10,3.0,TEM-1
63600fdb1cc605b1fd177862,TEMPO WORKLOAD,2025-06-10,3.0,TEM-17
712020:d1c53603-3e65-4881-b493-a128394d565e,TEMPO WORKLOAD,2025-06-10,9.0,TEM-7
712020:76b2ab6b-f08d-4fef-9ced-52ff15fad7a0,TEMPO WORKLOAD,2025-06-10,0.4166666666666667,TEM-21
5eb2db0fa4c57d0b8b13eecb,TEMPO WORKLOAD,2025-06-10,3.0,TEM-6
5f45400afdc3f5003fee080b,TEMPO WORKLOAD,2025-06-10,0.75,TEM-14
6411cc617222b08f3e70f716,TEMPO WORKLOAD,2025-06-10,3.5,TEM-1
70121:e997c5d5-1d6e-4973-80cb-28bfe7343a3f,TEMPO WORKLOAD,2025-06-10,0.5,TEM-28
712020:76b2ab6b-f08d-4fef-9ced-52ff15fad7a0,TEMPO WORKLOAD,2025-06-10,4.716666666666667,TEM-21
6310a8954fbe9c4bd0edf82a,TEMPO WORKLOAD,2025-06-10,0.25,TEM-19
6310a8976856bdd60a9eddae,TEMPO WORKLOAD,2025-06-10,0.5,TEM-14
6310a8963e578bb3b5feb9f3,TEMPO WORKLOAD,2025-06-10,4.0,TEM-13
712020:6b82bca4-7ae3-4417-b5b5-76024cf32617,TEMPO WORKLOAD,2025-06-10,0.5,TEM-22
5e0de9b99af3650e9e3ffc97,TEMPO WORKLOAD,2025-06-10,1.0,TEM-14
6310a8954fbe9c4bd0edf82a,TEMPO WORKLOAD,2025-06-10,7.25,TEM-19
5dea6ce9b95b180d17cfc7df,TEMPO WORKLOAD,2025-06-10,2.0,TEM-28
70121:e997c5d5-1d6e-4973-80cb-28bfe7343a3f,TEMPO WORKLOAD,2025-06-10,0.75,TEM-15
712020:05c80f08-99ab-4608-9ac1-8c3c43fbef01,TEMPO WORKLOAD,2025-06-10,8.0,TEM-17
6310a8976856bdd60a9eddae,TEMPO WORKLOAD,2025-06-10,0.75,TEM-14
5f45400afdc3f5003fee080b,TEMPO WORKLOAD,2025-06-10,1.0,TEM-14
5f4d8530d0884f00492507dd,TEMPO WORKLOAD,2025-06-10,3.25,TEM-26
712020:460f9b37-2b1d-4960-8575-5dc964940e8f,TEMPO WORKLOAD,2025-06-10,1.5,TEM-26
712020:c24d4628-d885-44d1-8ec8-dd76d416436a,TEMPO WORKLOAD,2025-06-10,6.0,TEM-26
64076b2b4d5e4b44e233faf6,TEMPO WORKLOAD,2025-06-10,3.0,TEM-26
5dbc42d12757660db6144b56,TEMPO WORKLOAD,2025-06-10,1.0,TEM-13
712020:00e94d7a-1f49-4891-bbf9-a2bf827bd258,TEMPO WORKLOAD,2025-06-10,6.0,TEM-9
712020:6b82bca4-7ae3-4417-b5b5-76024cf32617,TEMPO WORKLOAD,2025-06-10,2.0,TEM-22
712020:15482282-a769-4a4d-a4c2-0424a3a2e0d8,TEMPO WORKLOAD,2025-06-10,3.0,TEM-7
70121:e997c5d5-1d6e-4973-80cb-28bfe7343a3f,TEMPO WORKLOAD,2025-06-10,3.0,TEM-15
5e0de9b99af3650e9e3ffc97,TEMPO WORKLOAD,2025-06-10,6.5,TEM-14
6310a8976856bdd60a9eddae,TEMPO WORKLOAD,2025-06-10,1.25,TEM-14
5c8132a6e6e3160b9b6fd44d,TEMPO WORKLOAD,2025-06-10,1.0,TEM-13
712020:a3240ec7-ccb7-4e31-81ed-5338bd11acc2,TEMPO WORKLOAD,2025-06-10,5.0,TEM-8
712020:51261fb6-b689-4617-8eae-46a70a19df7c,TEMPO WORKLOAD,2025-06-10,3.0,TEM-9
5f45400afdc3f5003fee080b,TEMPO WORKLOAD,2025-06-10,1.5,TEM-14
613fb43fe6c39d00721944a0,TEMPO WORKLOAD,2025-06-10,3.0,TEM-36
712020:5912aa5b-0476-4091-834a-994381177d1a,TEMPO WORKLOAD,2025-06-10,0.25,TEM-18
5dbc42d12757660db6144b56,TEMPO WORKLOAD,2025-06-10,1.0,TEM-6
5d6fae7bab129d0c306da857,TEMPO WORKLOAD,2025-06-10,1.5,TEM-13
712020:39d78a45-5732-4153-afaa-dc9227f4dfe3,TEMPO WORKLOAD,2025-06-10,2.0,TEM-8
712020:460f9b37-2b1d-4960-8575-5dc964940e8f,TEMPO WORKLOAD,2025-06-10,1.5,TEM-26
6310a896316bbc56c4249184,TEMPO WORKLOAD,2025-06-10,1.0,TEM-13
61ddc1dcf3037f0069656c13,TEMPO WORKLOAD,2025-06-10,0.75,TEM-24
61ddc1dcf3037f0069656c13,TEMPO WORKLOAD,2025-06-10,2.5,TEM-24
5f45400afdc3f5003fee080b,TEMPO WORKLOAD,2025-06-10,1.0,TEM-14
712020:d6bab2e1-1616-4bfb-83a4-2be2aebf31ed,TEMPO WORKLOAD,2025-06-10,6.0,TEM-8
5c8132a6e6e3160b9b6fd44d,TEMPO WORKLOAD,2025-06-10,2.0,TEM-13
5f03aab970b8a90025641824,TEMPO WORKLOAD,2025-06-10,0.25,TEM-26
6310a8976856bdd60a9eddae,TEMPO WORKLOAD,2025-06-10,4.0,TEM-14
6324d3f3ce3e476e42ae2595,TEMPO WORKLOAD,2025-06-10,0.25,TEM-18
636e3660c383ad842147234a,TEMPO WORKLOAD,2025-06-10,0.25,TEM-26
712020:6ad83a3e-a1e9-43e6-a0a2-7931a513de7f,TEMPO WORKLOAD,2025-06-10,2.0,TEM-17
5dbc42d12757660db6144b56,TEMPO WORKLOAD,2025-06-10,4.0,TEM-2
5c8bd79686c36970e812b609,TEMPO WORKLOAD,2025-06-10,4.0,TEM-7
5dea6ce9b95b180d17cfc7df,TEMPO WORKLOAD,2025-06-10,0.25,TEM-28
712020:6b82bca4-7ae3-4417-b5b5-76024cf32617,TEMPO WORKLOAD,2025-06-10,1.0,TEM-22
63600fdb1cc605b1fd177862,TEMPO WORKLOAD,2025-06-10,1.0,TEM-28
5eb2db0fa4c57d0b8b13eecb,TEMPO WORKLOAD,2025-06-10,2.0,TEM-18
5f03aab970b8a90025641824,TEMPO WORKLOAD,2025-06-10,2.75,TEM-15
5d6fae7bab129d0c306da857,TEMPO WORKLOAD,2025-06-10,1.0,TEM-13
6324d3f3ce3e476e42ae2595,TEMPO WORKLOAD,2025-06-10,3.75,TEM-18
636e3660c383ad842147234a,TEMPO WORKLOAD,2025-06-10,3.5,TEM-26
712020:5912aa5b-0476-4091-834a-994381177d1a,TEMPO WORKLOAD,2025-06-10,3.0,TEM-1
5dea6ce9b95b180d17cfc7df,TEMPO WORKLOAD,2025-06-10,1.25,TEM-28
6310a896316bbc56c4249184,TEMPO WORKLOAD,2025-06-10,0.5,TEM-13
6411cc617222b08f3e70f716,TEMPO WORKLOAD,2025-06-10,0.5,TEM-1
5f45400afdc3f5003fee080b,TEMPO WORKLOAD,2025-06-10,1.5,TEM-14
62fbd97aeec8d4a478d41a3b,TEMPO WORKLOAD,2025-06-10,5.0,TEM-17
64076b2b4d5e4b44e233faf6,TEMPO WORKLOAD,2025-06-10,1.0,TEM-26
70121:272d7cde-e8e4-4a3f-9333-8e1247180871,TEMPO WORKLOAD,2025-06-10,4.0,TEM-18
712020:39d78a45-5732-4153-afaa-dc9227f4dfe3,TEMPO WORKLOAD,2025-06-10,3.0,TEM-9
712020:6b82bca4-7ae3-4417-b5b5-76024cf32617,TEMPO WORKLOAD,2025-06-10,1.0,TEM-22
63600fdb1cc605b1fd177862,TEMPO WORKLOAD,2025-06-10,1.0,TEM-28
6411cc617222b08f3e70f716,TEMPO WORKLOAD,2025-06-10,2.75,TEM-1
6310a8963e578bb3b5feb9f3,TEMPO WORKLOAD,2025-06-10,2.5,TEM-13
712020:15482282-a769-4a4d-a4c2-0424a3a2e0d8,TEMPO WORKLOAD,2025-06-10,2.5,TEM-9
712020:3268e7ac-2411-4ef8-a85a-d619f040639c,TEMPO WORKLOAD,2025-06-10,1.0,TEM-36
613fb43fe6c39d00721944a0,TEMPO WORKLOAD,2025-06-10,1.0,TEM-13
6022a0ace7deee0069225fbd,TEMPO WORKLOAD,2025-06-10,1.0,TEM-36
712020:5ee2f3fa-371b-4e6b-b912-594fc836bd92,TEMPO WORKLOAD,2025-06-10,5.0,TEM-30
5d6fae7bab129d0c306da857,TEMPO WORKLOAD,2025-06-10,1.0,TEM-13
712020:34c5700f-f485-4468-b4d7-06a7a3e2942b,TEMPO WORKLOAD,2025-06-10,3.5,TEM-7
712020:a7ee73c4-a6b3-4a8b-b22b-97aa3edf3ff7,TEMPO WORKLOAD,2025-06-10,4.0,TEM-8
712020:91b42101-19bb-498d-9942-8850a5540c96,TEMPO WORKLOAD,2025-06-10,0.5,TEM-25
5c8132a6e6e3160b9b6fd44d,TEMPO WORKLOAD,2025-06-10,2.0,TEM-13
64076b2b4d5e4b44e233faf6,TEMPO WORKLOAD,2025-06-10,2.0,TEM-26
712020:6ad83a3e-a1e9-43e6-a0a2-7931a513de7f,TEMPO WORKLOAD,2025-06-10,2.0,TEM-17
5dea6ce9b95b180d17cfc7df,TEMPO WORKLOAD,2025-06-10,1.0,TEM-15
70121:716f3beb-9b1e-4b9c-bb75-d5716c9878b0,TEMPO WORKLOAD,2025-06-10,1.0,TEM-17
712020:6b82bca4-7ae3-4417-b5b5-76024cf32617,TEMPO WORKLOAD,2025-06-10,1.5,TEM-22
712020:e09a2eee-2fe3-41a8-8a9c-29acd2258249,TEMPO WORKLOAD,2025-06-10,8.0,TEM-8
63600fdb1cc605b1fd177862,TEMPO WORKLOAD,2025-06-10,3.0,TEM-17
5eb2db0fa4c57d0b8b13eecb,TEMPO WORKLOAD,2025-06-10,1.0,TEM-28
712020:76b2ab6b-f08d-4fef-9ced-52ff15fad7a0,TEMPO WORKLOAD,2025-06-10,2.8666666666666667,TEM-21
6310a896316bbc56c4249184,TEMPO WORKLOAD,2025-06-10,1.75,TEM-13
712020:91b42101-19bb-498d-9942-8850a5540c96,TEMPO WORKLOAD,2025-06-10,1.5,TEM-25
5f45400afdc3f5003fee080b,TEMPO WORKLOAD,2025-06-10,1.0,TEM-14
712020:3268e7ac-2411-4ef8-a85a-d619f040639c,TEMPO WORKLOAD,2025-06-10,1.0,TEM-25
6022a0ace7deee0069225fbd,TEMPO WORKLOAD,2025-06-10,0.5,TEM-13
63e1170728cddcc70773cbd6,TEMPO WORKLOAD,2025-06-10,2.25,TEM-14
5d6fae7bab129d0c306da857,TEMPO WORKLOAD,2025-06-10,1.0,TEM-13
70121:716f3beb-9b1e-4b9c-bb75-d5716c9878b0,TEMPO WORKLOAD,2025-06-10,1.5,TEM-17
5dea6ce9b95b180d17cfc7df,TEMPO WORKLOAD,2025-06-10,2.0,TEM-28
6022a0ace7deee0069225fbd,TEMPO WORKLOAD,2025-06-10,0.5,TEM-14
712020:5912aa5b-0476-4091-834a-994381177d1a,TEMPO WORKLOAD,2025-06-10,0.5,TEM-18
712020:31918087-5a23-4883-b0d2-134f05828b32,TEMPO WORKLOAD,2025-06-10,0.5,TEM-14
712020:6b82bca4-7ae3-4417-b5b5-76024cf32617,TEMPO WORKLOAD,2025-06-10,1.0,TEM-22
6022a0ace7deee0069225fbd,TEMPO WORKLOAD,2025-06-10,1.0,TEM-13
6310a896316bbc56c4249184,TEMPO WORKLOAD,2025-06-10,1.0,TEM-13
5d6fae7bab129d0c306da857,TEMPO WORKLOAD,2025-06-10,1.0,TEM-13
712020:3268e7ac-2411-4ef8-a85a-d619f040639c,TEMPO WORKLOAD,2025-06-10,1.0,TEM-13
6022a0ace7deee0069225fbd,TEMPO WORKLOAD,2025-06-10,1.0,TEM-28
712020:76b2ab6b-f08d-4fef-9ced-52ff15fad7a0,TEMPO WORKLOAD,2025-06-10,2.0166666666666666,TEM-27
712020:1e3eed0c-846c-4ebd-bec7-51d04bbb59c0,TEMPO WORKLOAD,2025-06-10,1.0,TEM-30
712020:267d13ec-de62-4d6f-95f6-db9acfb88e84,TEMPO WORKLOAD,2025-06-10,1.5,TEM-30
712020:51261fb6-b689-4617-8eae-46a70a19df7c,TEMPO WORKLOAD,2025-06-10,3.0,TEM-9
712020:34c5700f-f485-4468-b4d7-06a7a3e2942b,TEMPO WORKLOAD,2025-06-10,2.0,TEM-7
6310a896316bbc56c4249184,TEMPO WORKLOAD,2025-06-11,1.0,TEM-13
5d6fae7bab129d0c306da857,TEMPO WORKLOAD,2025-06-11,1.0,TEM-13
5d6fae7bab129d0c306da857,TEMPO WORKLOAD,2025-06-11,0.5,TEM-13
6310a896316bbc56c4249184,TEMPO WORKLOAD,2025-06-11,0.5,TEM-13
6310a896316bbc56c4249184,TEMPO WORKLOAD,2025-06-11,1.0,TEM-13
5d6fae7bab129d0c306da857,TEMPO WORKLOAD,2025-06-11,1.0,TEM-13
5eb2db0fa4c57d0b8b13eecb,TEMPO WORKLOAD,2025-06-11,2.0,TEM-18
5eb2db0fa4c57d0b8b13eecb,TEMPO WORKLOAD,2025-06-11,2.0,TEM-18
5dea6ce9b95b180d17cfc7df,TEMPO WORKLOAD,2025-06-11,1.5,TEM-28
6310a896316bbc56c4249184,TEMPO WORKLOAD,2025-06-11,0.5,TEM-13
557058:c310fa79-8a55-492f-a2fe-6e69a7d7c4eb,TEMPO WORKLOAD,2025-06-11,7.75,TEM-19
5c5857d6036b380b84dc8212,TEMPO WORKLOAD,2025-06-11,1.0,TEM-31
62fbddc8bb0704a2a808bd57,TEMPO WORKLOAD,2025-06-11,8.0,TEM-5
613fb43fe6c39d00721944a0,TEMPO WORKLOAD,2025-06-11,2.0,TEM-13
61ddc1dcf3037f0069656c13,TEMPO WORKLOAD,2025-06-11,0.25,TEM-18
61ddc1dcf3037f0069656c13,TEMPO WORKLOAD,2025-06-11,0.75,TEM-18
61ddc1dcf3037f0069656c13,TEMPO WORKLOAD,2025-06-11,0.5,TEM-18
61ddc1dcf3037f0069656c13,TEMPO WORKLOAD,2025-06-11,0.5,TEM-18
5f45400afdc3f5003fee080b,TEMPO WORKLOAD,2025-06-11,1.25,TEM-14
70121:716f3beb-9b1e-4b9c-bb75-d5716c9878b0,TEMPO WORKLOAD,2025-06-11,2.0,TEM-17
5eb2e91b96bbcb0b857bfa58,TEMPO WORKLOAD,2025-06-11,0.5,TEM-14
5eb2e91b96bbcb0b857bfa58,TEMPO WORKLOAD,2025-06-11,3.5,TEM-14
712020:50a28763-7675-4ba8-9f58-305b20af5172,TEMPO WORKLOAD,2025-06-11,9.0,TEM-9
712020:db40572b-4fd3-49a2-b4c1-620d9be82a65,TEMPO WORKLOAD,2025-06-11,8.0,TEM-1
6310a8976856bdd60a9eddae,TEMPO WORKLOAD,2025-06-11,0.5,TEM-14
6411cc617222b08f3e70f716,TEMPO WORKLOAD,2025-06-11,3.0,TEM-1
5c8132a6e6e3160b9b6fd44d,TEMPO WORKLOAD,2025-06-11,1.5,TEM-13
712020:ca798410-124d-40e3-9954-420f35eb4d5c,TEMPO WORKLOAD,2025-06-11,7.2,TEM-7
712020:a3240ec7-ccb7-4e31-81ed-5338bd11acc2,TEMPO WORKLOAD,2025-06-11,3.0,TEM-8
712020:02ccfc0c-5c0f-4e48-8f91-fb3bb584a2dc,TEMPO WORKLOAD,2025-06-11,8.0,TEM-7
712020:91b42101-19bb-498d-9942-8850a5540c96,TEMPO WORKLOAD,2025-06-11,6.0,TEM-25
6324d3f3ce3e476e42ae2595,TEMPO WORKLOAD,2025-06-11,2.5,TEM-18
605e40fd2f7d900070bce962,TEMPO WORKLOAD,2025-06-11,0.25,TEM-26
557058:b0ab43f7-2329-4796-9a63-2abcf978b413,TEMPO WORKLOAD,2025-06-11,0.3333333333333333,TEM-26
5dbc42d12757660db6144b56,TEMPO WORKLOAD,2025-06-11,5.25,TEM-17
712020:6ad83a3e-a1e9-43e6-a0a2-7931a513de7f,TEMPO WORKLOAD,2025-06-11,1.5,TEM-17
6356e77976b91b62562d4fea,TEMPO WORKLOAD,2025-06-11,6.0,TEM-26
5eb2e91b96bbcb0b857bfa58,TEMPO WORKLOAD,2025-06-11,3.25,TEM-14
6310a8963e578bb3b5feb9f3,TEMPO WORKLOAD,2025-06-11,0.5,TEM-13
712020:f50b1e80-f1ef-440b-b954-716fbfdbc927,TEMPO WORKLOAD,2025-06-11,8.0,TEM-9
5c8bd79686c36970e812b609,TEMPO WORKLOAD,2025-06-11,4.0,TEM-9
62e433730b4bf7ad924bcbe5,TEMPO WORKLOAD,2025-06-11,8.0,TEM-7
712020:d8a16146-bc5b-4c61-9c5d-af3eaddace2b,TEMPO WORKLOAD,2025-06-11,8.0,TEM-5
5e751b85fad9000c325d9aae,TEMPO WORKLOAD,2025-06-11,7.0,TEM-8
712020:39d78a45-5732-4153-afaa-dc9227f4dfe3,TEMPO WORKLOAD,2025-06-11,3.0,TEM-7
712020:d26e58e6-874b-4243-ac4e-1d4cb867a542,TEMPO WORKLOAD,2025-06-11,8.0,TEM-8
607829da95f6fc006aab9e92,TEMPO WORKLOAD,2025-06-11,0.25,TEM-19
712020:b6588882-6f04-4ee1-8c9d-7bdd4569e704,TEMPO WORKLOAD,2025-06-11,8.0,TEM-25
712020:1e3eed0c-846c-4ebd-bec7-51d04bbb59c0,TEMPO WORKLOAD,2025-06-11,1.0,TEM-30
712020:1e3eed0c-846c-4ebd-bec7-51d04bbb59c0,TEMPO WORKLOAD,2025-06-11,1.0,TEM-30
712020:ab3c5ef0-a515-47fc-9cdd-3b5d0c219224,TEMPO WORKLOAD,2025-06-11,8.0,TEM-9
712020:f5cdecd9-64db-4d5e-b4a2-c8f4b7201212,TEMPO WORKLOAD,2025-06-11,8.0,TEM-7
70121:e997c5d5-1d6e-4973-80cb-28bfe7343a3f,TEMPO WORKLOAD,2025-06-11,0.5,TEM-28
63d916c4bf837c6893d6fbad,TEMPO WORKLOAD,2025-06-11,9.0,TEM-7
6299079acd636500697d4701,TEMPO WORKLOAD,2025-06-11,8.0,TEM-21
63600fdb1cc605b1fd177862,TEMPO WORKLOAD,2025-06-11,2.0,TEM-17
613fb383e057c6006a1ccade,TEMPO WORKLOAD,2025-06-11,8.0,TEM-8
70121:2c1e0513-4f21-4c96-adc1-8c318e30bc0e,TEMPO WORKLOAD,2025-06-11,3.0,TEM-7
70121:2c1e0513-4f21-4c96-adc1-8c318e30bc0e,TEMPO WORKLOAD,2025-06-11,3.0,TEM-8
712020:98295f35-86b1-4d23-a51b-30dbe7170d11,TEMPO WORKLOAD,2025-06-11,7.2,TEM-7
712020:15482282-a769-4a4d-a4c2-0424a3a2e0d8,TEMPO WORKLOAD,2025-06-11,2.5,TEM-8
5c8bd7984c5068698da7b839,TEMPO WORKLOAD,2025-06-11,1.0166666666666666,TEM-8
70121:2c1e0513-4f21-4c96-adc1-8c318e30bc0e,TEMPO WORKLOAD,2025-06-11,1.5,TEM-28
70121:2c1e0513-4f21-4c96-adc1-8c318e30bc0e,TEMPO WORKLOAD,2025-06-11,0.5,TEM-5
605e40fd2f7d900070bce962,TEMPO WORKLOAD,2025-06-11,0.75,TEM-26
607829da95f6fc006aab9e92,TEMPO WORKLOAD,2025-06-11,7.45,TEM-19
557058:b0ab43f7-2329-4796-9a63-2abcf978b413,TEMPO WORKLOAD,2025-06-11,1.0,TEM-26
6310a896316bbc56c4249184,TEMPO WORKLOAD,2025-06-11,2.0,TEM-13
5c5857d6036b380b84dc8212,TEMPO WORKLOAD,2025-06-11,4.0,TEM-28
6310a8963e578bb3b5feb9f3,TEMPO WORKLOAD,2025-06-11,1.0,TEM-13
6310a8976856bdd60a9eddae,TEMPO WORKLOAD,2025-06-11,1.0,TEM-14
70121:e997c5d5-1d6e-4973-80cb-28bfe7343a3f,TEMPO WORKLOAD,2025-06-11,0.16666666666666666,TEM-28
70121:e997c5d5-1d6e-4973-80cb-28bfe7343a3f,TEMPO WORKLOAD,2025-06-11,0.16666666666666666,TEM-15
61ddc1dcf3037f0069656c13,TEMPO WORKLOAD,2025-06-11,1.0,TEM-24
61ddc1dcf3037f0069656c13,TEMPO WORKLOAD,2025-06-11,3.0,TEM-24
70121:e997c5d5-1d6e-4973-80cb-28bfe7343a3f,TEMPO WORKLOAD,2025-06-11,0.5833333333333334,TEM-28
712020:5e29a15d-dadb-41b1-bd51-d65cb73a9a3e,TEMPO WORKLOAD,2025-06-11,8.0,TEM-7
712020:a7ee73c4-a6b3-4a8b-b22b-97aa3edf3ff7,TEMPO WORKLOAD,2025-06-11,4.0,TEM-8
5d6fae7bab129d0c306da857,TEMPO WORKLOAD,2025-06-11,0.5,TEM-13
557058:c310fa79-8a55-492f-a2fe-6e69a7d7c4eb,TEMPO WORKLOAD,2025-06-11,0.25,TEM-19
712020:5ee2f3fa-371b-4e6b-b912-594fc836bd92,TEMPO WORKLOAD,2025-06-11,4.0,TEM-30
63b6c257d3aeefa405443cf9,TEMPO WORKLOAD,2025-06-11,6.0,TEM-24
62fbd97aeec8d4a478d41a3b,TEMPO WORKLOAD,2025-06-11,0.5,TEM-1
712020:3268e7ac-2411-4ef8-a85a-d619f040639c,TEMPO WORKLOAD,2025-06-11,1.0,TEM-25
5f45400afdc3f5003fee080b,TEMPO WORKLOAD,2025-06-11,0.75,TEM-14
712020:5912aa5b-0476-4091-834a-994381177d1a,TEMPO WORKLOAD,2025-06-11,1.25,TEM-1
6310a8954fbe9c4bd0edf82a,TEMPO WORKLOAD,2025-06-11,0.5,TEM-19
712020:34c5700f-f485-4468-b4d7-06a7a3e2942b,TEMPO WORKLOAD,2025-06-11,7.0,TEM-7
5f03aab970b8a90025641824,TEMPO WORKLOAD,2025-06-11,3.0,TEM-26
712020:6c5881b3-26a9-4223-a18b-14414e7b9d3a,TEMPO WORKLOAD,2025-06-11,8.0,TEM-9
712020:f71fff89-9283-4b8c-afc6-a4ccda67573c,TEMPO WORKLOAD,2025-06-11,8.0,TEM-9
605e40fd2f7d900070bce962,TEMPO WORKLOAD,2025-06-11,3.0,TEM-26
712020:31918087-5a23-4883-b0d2-134f05828b32,TEMPO WORKLOAD,2025-06-11,6.5,TEM-14
712020:c2d6f64b-7c18-4b58-9189-57c8823f4f64,TEMPO WORKLOAD,2025-06-11,8.0,TEM-5
712020:11e8ce5a-06a7-43cf-9c5a-858eed6f0a07,TEMPO WORKLOAD,2025-06-11,8.0,TEM-5
712020:448afbe2-d875-40e8-9541-835a59cdf0a7,TEMPO WORKLOAD,2025-06-11,8.0,TEM-7
6310a898316bbc56c4249187,TEMPO WORKLOAD,2025-06-11,4.0,TEM-21
5e0de9b99af3650e9e3ffc97,TEMPO WORKLOAD,2025-06-11,1.0,TEM-14
712020:2fd5ca9e-c92c-426e-b141-c27cdf46a539,TEMPO WORKLOAD,2025-06-11,6.0,TEM-9
637d1ac0f48fbd9b62d50fc3,TEMPO WORKLOAD,2025-06-11,8.0,TEM-1
712020:e09a2eee-2fe3-41a8-8a9c-29acd2258249,TEMPO WORKLOAD,2025-06-11,1.5,TEM-8
712020:d1c53603-3e65-4881-b493-a128394d565e,TEMPO WORKLOAD,2025-06-11,9.0,TEM-7
712020:76b2ab6b-f08d-4fef-9ced-52ff15fad7a0,TEMPO WORKLOAD,2025-06-11,0.35,TEM-21
5c8bd7984c5068698da7b839,TEMPO WORKLOAD,2025-06-11,3.1,TEM-5
557058:c310fa79-8a55-492f-a2fe-6e69a7d7c4eb,TEMPO WORKLOAD,2025-06-11,2.0,TEM-28
712020:05c80f08-99ab-4608-9ac1-8c3c43fbef01,TEMPO WORKLOAD,2025-06-11,0.5,TEM-25
712020:76b2ab6b-f08d-4fef-9ced-52ff15fad7a0,TEMPO WORKLOAD,2025-06-11,7.65,TEM-21
70121:e997c5d5-1d6e-4973-80cb-28bfe7343a3f,TEMPO WORKLOAD,2025-06-11,1.0,TEM-15
6310a8954fbe9c4bd0edf82a,TEMPO WORKLOAD,2025-06-11,0.25,TEM-19
63e1170728cddcc70773cbd6,TEMPO WORKLOAD,2025-06-11,4.0,TEM-14
5d6fae7bab129d0c306da857,TEMPO WORKLOAD,2025-06-11,2.0,TEM-13
6310a8963e578bb3b5feb9f3,TEMPO WORKLOAD,2025-06-11,2.0,TEM-13
5f45400afdc3f5003fee080b,TEMPO WORKLOAD,2025-06-11,1.0,TEM-14
62fbd97aeec8d4a478d41a3b,TEMPO WORKLOAD,2025-06-11,7.5,TEM-17
712020:f518f4e7-7314-45a9-a3ef-723ad3fd6d7f,TEMPO WORKLOAD,2025-06-11,8.583333333333334,TEM-7
6310a8976856bdd60a9eddae,TEMPO WORKLOAD,2025-06-11,1.0,TEM-14
5dea6ce9b95b180d17cfc7df,TEMPO WORKLOAD,2025-06-11,1.0,TEM-15
712020:6b82bca4-7ae3-4417-b5b5-76024cf32617,TEMPO WORKLOAD,2025-06-11,0.5,TEM-22
712020:1e3eed0c-846c-4ebd-bec7-51d04bbb59c0,TEMPO WORKLOAD,2025-06-11,1.5,TEM-30
5eb2db0fa4c57d0b8b13eecb,TEMPO WORKLOAD,2025-06-11,2.0,TEM-28
6310a8954fbe9c4bd0edf82a,TEMPO WORKLOAD,2025-06-11,0.75,TEM-19
712020:05c80f08-99ab-4608-9ac1-8c3c43fbef01,TEMPO WORKLOAD,2025-06-11,8.0,TEM-17
6022a0ace7deee0069225fbd,TEMPO WORKLOAD,2025-06-11,0.5,TEM-13
712020:f71fff89-9283-4b8c-afc6-a4ccda67573c,TEMPO WORKLOAD,2025-06-11,1.0,TEM-1
5f4d8530d0884f00492507dd,TEMPO WORKLOAD,2025-06-11,3.5,TEM-26
712020:460f9b37-2b1d-4960-8575-5dc964940e8f,TEMPO WORKLOAD,2025-06-11,3.0,TEM-26
712020:c24d4628-d885-44d1-8ec8-dd76d416436a,TEMPO WORKLOAD,2025-06-11,6.0,TEM-26
64076b2b4d5e4b44e233faf6,TEMPO WORKLOAD,2025-06-11,2.0,TEM-26
712020:51261fb6-b689-4617-8eae-46a70a19df7c,TEMPO WORKLOAD,2025-06-11,6.0,TEM-7
712020:3268e7ac-2411-4ef8-a85a-d619f040639c,TEMPO WORKLOAD,2025-06-11,3.5,TEM-36
712020:00e94d7a-1f49-4891-bbf9-a2bf827bd258,TEMPO WORKLOAD,2025-06-11,6.0,TEM-9
613fb43fe6c39d00721944a0,TEMPO WORKLOAD,2025-06-11,6.0,TEM-36
712020:6b82bca4-7ae3-4417-b5b5-76024cf32617,TEMPO WORKLOAD,2025-06-11,3.0,TEM-22
63600fdb1cc605b1fd177862,TEMPO WORKLOAD,2025-06-11,3.0,TEM-17
5e0de9b99af3650e9e3ffc97,TEMPO WORKLOAD,2025-06-11,3.0,TEM-14
712020:5912aa5b-0476-4091-834a-994381177d1a,TEMPO WORKLOAD,2025-06-11,0.75,TEM-18
70121:e997c5d5-1d6e-4973-80cb-28bfe7343a3f,TEMPO WORKLOAD,2025-06-11,2.0,TEM-15
6022a0ace7deee0069225fbd,TEMPO WORKLOAD,2025-06-11,1.0,TEM-14
70121:272d7cde-e8e4-4a3f-9333-8e1247180871,TEMPO WORKLOAD,2025-06-11,0.75,TEM-18
6310a896316bbc56c4249184,TEMPO WORKLOAD,2025-06-11,1.0,TEM-13
6324d3f3ce3e476e42ae2595,TEMPO WORKLOAD,2025-06-11,1.5,TEM-18
5f45400afdc3f5003fee080b,TEMPO WORKLOAD,2025-06-11,0.5,TEM-14
6310a8976856bdd60a9eddae,TEMPO WORKLOAD,2025-06-11,5.5,TEM-14
6310a8954fbe9c4bd0edf82a,TEMPO WORKLOAD,2025-06-11,0.25,TEM-28
712020:e09a2eee-2fe3-41a8-8a9c-29acd2258249,TEMPO WORKLOAD,2025-06-11,0.25,TEM-8
712020:15482282-a769-4a4d-a4c2-0424a3a2e0d8,TEMPO WORKLOAD,2025-06-11,3.0,TEM-7
6310a8954fbe9c4bd0edf82a,TEMPO WORKLOAD,2025-06-11,4.0,TEM-19
5c8132a6e6e3160b9b6fd44d,TEMPO WORKLOAD,2025-06-11,1.0,TEM-13
5dea6ce9b95b180d17cfc7df,TEMPO WORKLOAD,2025-06-11,1.0,TEM-28
712020:e09a2eee-2fe3-41a8-8a9c-29acd2258249,TEMPO WORKLOAD,2025-06-11,2.5,TEM-8
6411cc617222b08f3e70f716,TEMPO WORKLOAD,2025-06-11,0.25,TEM-18
712020:a3240ec7-ccb7-4e31-81ed-5338bd11acc2,TEMPO WORKLOAD,2025-06-11,5.0,TEM-8
712020:5912aa5b-0476-4091-834a-994381177d1a,TEMPO WORKLOAD,2025-06-11,0.25,TEM-18
5f45400afdc3f5003fee080b,TEMPO WORKLOAD,2025-06-11,3.0,TEM-14
712020:39d78a45-5732-4153-afaa-dc9227f4dfe3,TEMPO WORKLOAD,2025-06-11,2.0,TEM-8
70121:272d7cde-e8e4-4a3f-9333-8e1247180871,TEMPO WORKLOAD,2025-06-11,0.75,TEM-18
6411cc617222b08f3e70f716,TEMPO WORKLOAD,2025-06-11,0.75,TEM-18
6022a0ace7deee0069225fbd,TEMPO WORKLOAD,2025-06-11,0.5,TEM-36
6310a896316bbc56c4249184,TEMPO WORKLOAD,2025-06-11,0.5,TEM-13
6310a8963e578bb3b5feb9f3,TEMPO WORKLOAD,2025-06-11,4.0,TEM-13
712020:5912aa5b-0476-4091-834a-994381177d1a,TEMPO WORKLOAD,2025-06-11,0.75,TEM-18
5d6fae7bab129d0c306da857,TEMPO WORKLOAD,2025-06-11,1.0,TEM-13
712020:267d13ec-de62-4d6f-95f6-db9acfb88e84,TEMPO WORKLOAD,2025-06-11,1.25,TEM-30
712020:1e3eed0c-846c-4ebd-bec7-51d04bbb59c0,TEMPO WORKLOAD,2025-06-11,1.25,TEM-30
5eb2db0fa4c57d0b8b13eecb,TEMPO WORKLOAD,2025-06-11,0.5,TEM-28
5c8132a6e6e3160b9b6fd44d,TEMPO WORKLOAD,2025-06-11,0.5,TEM-13
6310a896316bbc56c4249184,TEMPO WORKLOAD,2025-06-11,0.5,TEM-13
70121:272d7cde-e8e4-4a3f-9333-8e1247180871,TEMPO WORKLOAD,2025-06-11,0.75,TEM-18
6022a0ace7deee0069225fbd,TEMPO WORKLOAD,2025-06-11,0.5,TEM-13
6411cc617222b08f3e70f716,TEMPO WORKLOAD,2025-06-11,1.25,TEM-18
712020:d6bab2e1-1616-4bfb-83a4-2be2aebf31ed,TEMPO WORKLOAD,2025-06-11,6.0,TEM-8
5f03aab970b8a90025641824,TEMPO WORKLOAD,2025-06-11,0.25,TEM-26
64076b2b4d5e4b44e233faf6,TEMPO WORKLOAD,2025-06-11,4.0,TEM-26
5c8bd79686c36970e812b609,TEMPO WORKLOAD,2025-06-11,4.0,TEM-7
5dea6ce9b95b180d17cfc7df,TEMPO WORKLOAD,2025-06-11,0.25,TEM-28
5eb2db0fa4c57d0b8b13eecb,TEMPO WORKLOAD,2025-06-11,0.5,TEM-28
5c8bd7984c5068698da7b839,TEMPO WORKLOAD,2025-06-11,1.8666666666666667,TEM-4
5f03aab970b8a90025641824,TEMPO WORKLOAD,2025-06-11,2.75,TEM-26
5dea6ce9b95b180d17cfc7df,TEMPO WORKLOAD,2025-06-11,0.75,TEM-28
6310a896316bbc56c4249184,TEMPO WORKLOAD,2025-06-11,0.25,TEM-10
5c5857d6036b380b84dc8212,TEMPO WORKLOAD,2025-06-11,1.0,TEM-28
6324d3f3ce3e476e42ae2595,TEMPO WORKLOAD,2025-06-11,4.0,TEM-2
6022a0ace7deee0069225fbd,TEMPO WORKLOAD,2025-06-11,1.0,TEM-36
5c5857d6036b380b84dc8212,TEMPO WORKLOAD,2025-06-11,1.0,TEM-28
5c5857d6036b380b84dc8212,TEMPO WORKLOAD,2025-06-11,1.0,TEM-28
5d6fae7bab129d0c306da857,TEMPO WORKLOAD,2025-06-11,0.5,TEM-13
636e3660c383ad842147234a,TEMPO WORKLOAD,2025-06-11,4.25,TEM-26
712020:5912aa5b-0476-4091-834a-994381177d1a,TEMPO WORKLOAD,2025-06-11,2.5,TEM-1
5c8132a6e6e3160b9b6fd44d,TEMPO WORKLOAD,2025-06-11,1.0,TEM-2
6310a896316bbc56c4249184,TEMPO WORKLOAD,2025-06-11,0.75,TEM-13
5d6fae7bab129d0c306da857,TEMPO WORKLOAD,2025-06-11,1.0,TEM-13
70121:272d7cde-e8e4-4a3f-9333-8e1247180871,TEMPO WORKLOAD,2025-06-11,1.75,TEM-18
5dea6ce9b95b180d17cfc7df,TEMPO WORKLOAD,2025-06-11,1.0,TEM-15
712020:39d78a45-5732-4153-afaa-dc9227f4dfe3,TEMPO WORKLOAD,2025-06-11,3.0,TEM-9
712020:6b82bca4-7ae3-4417-b5b5-76024cf32617,TEMPO WORKLOAD,2025-06-11,1.0,TEM-22
63600fdb1cc605b1fd177862,TEMPO WORKLOAD,2025-06-11,1.0,TEM-6
5e0de9b99af3650e9e3ffc97,TEMPO WORKLOAD,2025-06-11,4.0,TEM-14
6411cc617222b08f3e70f716,TEMPO WORKLOAD,2025-06-11,0.75,TEM-18
5dbc42d12757660db6144b56,TEMPO WORKLOAD,2025-06-11,0.5,TEM-13
63e1170728cddcc70773cbd6,TEMPO WORKLOAD,2025-06-11,2.0,TEM-14
6310a896316bbc56c4249184,TEMPO WORKLOAD,2025-06-11,1.5,TEM-13
712020:15482282-a769-4a4d-a4c2-0424a3a2e0d8,TEMPO WORKLOAD,2025-06-11,2.5,TEM-9
5eb2db0fa4c57d0b8b13eecb,TEMPO WORKLOAD,2025-06-11,1.0,TEM-6
5dbc42d12757660db6144b56,TEMPO WORKLOAD,2025-06-11,0.5,TEM-13
5c8bd7984c5068698da7b839,TEMPO WORKLOAD,2025-06-11,2.1666666666666665,TEM-32
712020:5ee2f3fa-371b-4e6b-b912-594fc836bd92,TEMPO WORKLOAD,2025-06-11,5.0,TEM-30
6022a0ace7deee0069225fbd,TEMPO WORKLOAD,2025-06-11,1.0,TEM-28
712020:3268e7ac-2411-4ef8-a85a-d619f040639c,TEMPO WORKLOAD,2025-06-11,0.5,TEM-25
6411cc617222b08f3e70f716,TEMPO WORKLOAD,2025-06-11,2.0,TEM-1
712020:91b42101-19bb-498d-9942-8850a5540c96,TEMPO WORKLOAD,2025-06-11,0.5,TEM-25
5f45400afdc3f5003fee080b,TEMPO WORKLOAD,2025-06-11,0.5,TEM-14
712020:31918087-5a23-4883-b0d2-134f05828b32,TEMPO WORKLOAD,2025-06-11,1.0,TEM-14
712020:a7ee73c4-a6b3-4a8b-b22b-97aa3edf3ff7,TEMPO WORKLOAD,2025-06-11,4.0,TEM-8
712020:6b82bca4-7ae3-4417-b5b5-76024cf32617,TEMPO WORKLOAD,2025-06-11,1.0,TEM-22
712020:e09a2eee-2fe3-41a8-8a9c-29acd2258249,TEMPO WORKLOAD,2025-06-11,3.75,TEM-8
63600fdb1cc605b1fd177862,TEMPO WORKLOAD,2025-06-11,2.0,TEM-28
70121:716f3beb-9b1e-4b9c-bb75-d5716c9878b0,TEMPO WORKLOAD,2025-06-11,2.0,TEM-17
5dbc42d12757660db6144b56,TEMPO WORKLOAD,2025-06-11,0.5,TEM-14
5dea6ce9b95b180d17cfc7df,TEMPO WORKLOAD,2025-06-11,1.0,TEM-28
5d6fae7bab129d0c306da857,TEMPO WORKLOAD,2025-06-11,0.5,TEM-13
712020:3268e7ac-2411-4ef8-a85a-d619f040639c,TEMPO WORKLOAD,2025-06-11,0.5,TEM-36
712020:91b42101-19bb-498d-9942-8850a5540c96,TEMPO WORKLOAD,2025-06-11,0.5,TEM-25
5c8132a6e6e3160b9b6fd44d,TEMPO WORKLOAD,2025-06-11,1.0,TEM-2
712020:1e3eed0c-846c-4ebd-bec7-51d04bbb59c0,TEMPO WORKLOAD,2025-06-11,4.0,TEM-30
6310a8954fbe9c4bd0edf82a,TEMPO WORKLOAD,2025-06-11,2.25,TEM-19
5dbc42d12757660db6144b56,TEMPO WORKLOAD,2025-06-11,1.0,TEM-17
712020:3268e7ac-2411-4ef8-a85a-d619f040639c,TEMPO WORKLOAD,2025-06-11,1.0,TEM-25
6022a0ace7deee0069225fbd,TEMPO WORKLOAD,2025-06-11,0.5,TEM-28
5d6fae7bab129d0c306da857,TEMPO WORKLOAD,2025-06-11,1.0,TEM-13
712020:91b42101-19bb-498d-9942-8850a5540c96,TEMPO WORKLOAD,2025-06-11,1.0,TEM-25
712020:6b82bca4-7ae3-4417-b5b5-76024cf32617,TEMPO WORKLOAD,2025-06-11,0.5,TEM-22
63e1170728cddcc70773cbd6,TEMPO WORKLOAD,2025-06-11,0.5,TEM-14
6022a0ace7deee0069225fbd,TEMPO WORKLOAD,2025-06-11,0.5,TEM-14
6310a8963e578bb3b5feb9f3,TEMPO WORKLOAD,2025-06-11,0.5,TEM-13
5f45400afdc3f5003fee080b,TEMPO WORKLOAD,2025-06-11,1.0,TEM-14
712020:5912aa5b-0476-4091-834a-994381177d1a,TEMPO WORKLOAD,2025-06-11,0.5,TEM-18
712020:31918087-5a23-4883-b0d2-134f05828b32,TEMPO WORKLOAD,2025-06-11,0.5,TEM-14
5dea6ce9b95b180d17cfc7df,TEMPO WORKLOAD,2025-06-11,1.0,TEM-15
712020:6b82bca4-7ae3-4417-b5b5-76024cf32617,TEMPO WORKLOAD,2025-06-11,0.5,TEM-22
607829da95f6fc006aab9e92,TEMPO WORKLOAD,2025-06-11,0.3,TEM-19
5dbc42d12757660db6144b56,TEMPO WORKLOAD,2025-06-11,1.5,TEM-36
63e1170728cddcc70773cbd6,TEMPO WORKLOAD,2025-06-11,1.5,TEM-14
6310a896316bbc56c4249184,TEMPO WORKLOAD,2025-06-11,0.5,TEM-13
5d6fae7bab129d0c306da857,TEMPO WORKLOAD,2025-06-11,0.5,TEM-13
6022a0ace7deee0069225fbd,TEMPO WORKLOAD,2025-06-11,0.5,TEM-13
712020:3268e7ac-2411-4ef8-a85a-d619f040639c,TEMPO WORKLOAD,2025-06-11,1.5,TEM-36
712020:6b82bca4-7ae3-4417-b5b5-76024cf32617,TEMPO WORKLOAD,2025-06-11,0.5,TEM-22
5c8132a6e6e3160b9b6fd44d,TEMPO WORKLOAD,2025-06-11,1.5,TEM-13
5d6fae7bab129d0c306da857,TEMPO WORKLOAD,2025-06-11,0.5,TEM-13
6022a0ace7deee0069225fbd,TEMPO WORKLOAD,2025-06-11,1.0,TEM-13
712020:6b82bca4-7ae3-4417-b5b5-76024cf32617,TEMPO WORKLOAD,2025-06-11,1.0,TEM-22
5dea6ce9b95b180d17cfc7df,TEMPO WORKLOAD,2025-06-11,0.5,TEM-28
712020:76b2ab6b-f08d-4fef-9ced-52ff15fad7a0,TEMPO WORKLOAD,2025-06-11,2.0,TEM-27
5dbc42d12757660db6144b56,TEMPO WORKLOAD,2025-06-11,0.75,TEM-36
5c8132a6e6e3160b9b6fd44d,TEMPO WORKLOAD,2025-06-11,1.0,TEM-13
6310a8963e578bb3b5feb9f3,TEMPO WORKLOAD,2025-06-11,1.0,TEM-13
712020:ab3c5ef0-a515-47fc-9cdd-3b5d0c219224,TEMPO WORKLOAD,2025-06-12,8.0,TEM-7
5eb2db0fa4c57d0b8b13eecb,TEMPO WORKLOAD,2025-06-12,1.0,TEM-6
5eb2db0fa4c57d0b8b13eecb,TEMPO WORKLOAD,2025-06-12,1.5,TEM-28
5dea6ce9b95b180d17cfc7df,TEMPO WORKLOAD,2025-06-12,1.0,TEM-28
712020:f50b1e80-f1ef-440b-b954-716fbfdbc927,TEMPO WORKLOAD,2025-06-12,8.0,TEM-9
5c5857d6036b380b84dc8212,TEMPO WORKLOAD,2025-06-12,1.0,TEM-31
62fbddc8bb0704a2a808bd57,TEMPO WORKLOAD,2025-06-12,8.0,TEM-5
613fb43fe6c39d00721944a0,TEMPO WORKLOAD,2025-06-12,4.0,TEM-36
6310a8963e578bb3b5feb9f3,TEMPO WORKLOAD,2025-06-12,0.5,TEM-13
6299079acd636500697d4701,TEMPO WORKLOAD,2025-06-12,8.0,TEM-21
6411cc617222b08f3e70f716,TEMPO WORKLOAD,2025-06-12,1.5,TEM-1
712020:ca798410-124d-40e3-9954-420f35eb4d5c,TEMPO WORKLOAD,2025-06-12,7.2,TEM-7
712020:50a28763-7675-4ba8-9f58-305b20af5172,TEMPO WORKLOAD,2025-06-12,8.0,TEM-9
712020:02ccfc0c-5c0f-4e48-8f91-fb3bb584a2dc,TEMPO WORKLOAD,2025-06-12,8.0,TEM-7
5c8132a6e6e3160b9b6fd44d,TEMPO WORKLOAD,2025-06-12,0.75,TEM-10
5eb2e91b96bbcb0b857bfa58,TEMPO WORKLOAD,2025-06-12,3.4166666666666665,TEM-14
5eb2e91b96bbcb0b857bfa58,TEMPO WORKLOAD,2025-06-12,3.8333333333333335,TEM-14
712020:db40572b-4fd3-49a2-b4c1-620d9be82a65,TEMPO WORKLOAD,2025-06-12,8.0,TEM-1
61ddc1dcf3037f0069656c13,TEMPO WORKLOAD,2025-06-12,0.25,TEM-18
61ddc1dcf3037f0069656c13,TEMPO WORKLOAD,2025-06-12,0.5,TEM-18
61ddc1dcf3037f0069656c13,TEMPO WORKLOAD,2025-06-12,0.5,TEM-18
6310a896316bbc56c4249184,TEMPO WORKLOAD,2025-06-12,0.5,TEM-13
6310a8976856bdd60a9eddae,TEMPO WORKLOAD,2025-06-12,0.75,TEM-14
605e40fd2f7d900070bce962,TEMPO WORKLOAD,2025-06-12,0.25,TEM-26
557058:b0ab43f7-2329-4796-9a63-2abcf978b413,TEMPO WORKLOAD,2025-06-12,0.3333333333333333,TEM-26
5f45400afdc3f5003fee080b,TEMPO WORKLOAD,2025-06-12,2.25,TEM-14
5dbc42d12757660db6144b56,TEMPO WORKLOAD,2025-06-12,5.25,TEM-17
712020:6ad83a3e-a1e9-43e6-a0a2-7931a513de7f,TEMPO WORKLOAD,2025-06-12,1.0,TEM-17
6356e77976b91b62562d4fea,TEMPO WORKLOAD,2025-06-12,6.0,TEM-26
712020:6ad83a3e-a1e9-43e6-a0a2-7931a513de7f,TEMPO WORKLOAD,2025-06-12,1.0,TEM-17
5c8bd79686c36970e812b609,TEMPO WORKLOAD,2025-06-12,4.0,TEM-9
62e433730b4bf7ad924bcbe5,TEMPO WORKLOAD,2025-06-12,8.0,TEM-7
557058:c310fa79-8a55-492f-a2fe-6e69a7d7c4eb,TEMPO WORKLOAD,2025-06-12,0.25,TEM-19
712020:d8a16146-bc5b-4c61-9c5d-af3eaddace2b,TEMPO WORKLOAD,2025-06-12,8.0,TEM-5
5e751b85fad9000c325d9aae,TEMPO WORKLOAD,2025-06-12,10.5,TEM-8
6324d3f3ce3e476e42ae2595,TEMPO WORKLOAD,2025-06-12,2.5,TEM-6
712020:39d78a45-5732-4153-afaa-dc9227f4dfe3,TEMPO WORKLOAD,2025-06-12,3.0,TEM-7
712020:d26e58e6-874b-4243-ac4e-1d4cb867a542,TEMPO WORKLOAD,2025-06-12,8.0,TEM-8
70121:716f3beb-9b1e-4b9c-bb75-d5716c9878b0,TEMPO WORKLOAD,2025-06-12,1.5,TEM-17
712020:a3240ec7-ccb7-4e31-81ed-5338bd11acc2,TEMPO WORKLOAD,2025-06-12,3.0,TEM-8
607829da95f6fc006aab9e92,TEMPO WORKLOAD,2025-06-12,0.25,TEM-19
712020:b6588882-6f04-4ee1-8c9d-7bdd4569e704,TEMPO WORKLOAD,2025-06-12,8.0,TEM-25
712020:f5cdecd9-64db-4d5e-b4a2-c8f4b7201212,TEMPO WORKLOAD,2025-06-12,8.0,TEM-7
70121:e997c5d5-1d6e-4973-80cb-28bfe7343a3f,TEMPO WORKLOAD,2025-06-12,0.5,TEM-27
63d916c4bf837c6893d6fbad,TEMPO WORKLOAD,2025-06-12,8.0,TEM-7
613fb383e057c6006a1ccade,TEMPO WORKLOAD,2025-06-12,8.0,TEM-8
70121:2c1e0513-4f21-4c96-adc1-8c318e30bc0e,TEMPO WORKLOAD,2025-06-12,3.0,TEM-7
70121:2c1e0513-4f21-4c96-adc1-8c318e30bc0e,TEMPO WORKLOAD,2025-06-12,3.0,TEM-8
712020:98295f35-86b1-4d23-a51b-30dbe7170d11,TEMPO WORKLOAD,2025-06-12,7.2,TEM-7
5c8bd7984c5068698da7b839,TEMPO WORKLOAD,2025-06-12,2.816666666666667,TEM-5
712020:15482282-a769-4a4d-a4c2-0424a3a2e0d8,TEMPO WORKLOAD,2025-06-12,2.5,TEM-8
70121:2c1e0513-4f21-4c96-adc1-8c318e30bc0e,TEMPO WORKLOAD,2025-06-12,3.0,TEM-28
70121:2c1e0513-4f21-4c96-adc1-8c318e30bc0e,TEMPO WORKLOAD,2025-06-12,0.5,TEM-5
605e40fd2f7d900070bce962,TEMPO WORKLOAD,2025-06-12,0.75,TEM-26
557058:c310fa79-8a55-492f-a2fe-6e69a7d7c4eb,TEMPO WORKLOAD,2025-06-12,7.75,TEM-19
607829da95f6fc006aab9e92,TEMPO WORKLOAD,2025-06-12,7.75,TEM-19
557058:b0ab43f7-2329-4796-9a63-2abcf978b413,TEMPO WORKLOAD,2025-06-12,1.0,TEM-26
5c5857d6036b380b84dc8212,TEMPO WORKLOAD,2025-06-12,5.0,TEM-28
6310a896316bbc56c4249184,TEMPO WORKLOAD,2025-06-12,0.25,TEM-10
6310a8963e578bb3b5feb9f3,TEMPO WORKLOAD,2025-06-12,1.0,TEM-13
712020:91b42101-19bb-498d-9942-8850a5540c96,TEMPO WORKLOAD,2025-06-12,2.25,TEM-25
70121:e997c5d5-1d6e-4973-80cb-28bfe7343a3f,TEMPO WORKLOAD,2025-06-12,1.0,TEM-28
6310a896316bbc56c4249184,TEMPO WORKLOAD,2025-06-12,1.0,TEM-13
61ddc1dcf3037f0069656c13,TEMPO WORKLOAD,2025-06-12,2.75,TEM-24
6310a8976856bdd60a9eddae,TEMPO WORKLOAD,2025-06-12,1.5,TEM-14
712020:5e29a15d-dadb-41b1-bd51-d65cb73a9a3e,TEMPO WORKLOAD,2025-06-12,8.0,TEM-7
63b6c257d3aeefa405443cf9,TEMPO WORKLOAD,2025-06-12,6.0,TEM-24
5dea6ce9b95b180d17cfc7df,TEMPO WORKLOAD,2025-06-12,1.0,TEM-28
6022a0ace7deee0069225fbd,TEMPO WORKLOAD,2025-06-12,0.5,TEM-14
62fbd97aeec8d4a478d41a3b,TEMPO WORKLOAD,2025-06-12,3.0,TEM-17
5d6fae7bab129d0c306da857,TEMPO WORKLOAD,2025-06-12,0.5,TEM-13
712020:5912aa5b-0476-4091-834a-994381177d1a,TEMPO WORKLOAD,2025-06-12,2.0,TEM-18
6310a8954fbe9c4bd0edf82a,TEMPO WORKLOAD,2025-06-12,0.5,TEM-19
712020:3268e7ac-2411-4ef8-a85a-d619f040639c,TEMPO WORKLOAD,2025-06-12,1.0,TEM-36
5f03aab970b8a90025641824,TEMPO WORKLOAD,2025-06-12,3.0,TEM-26
712020:6c5881b3-26a9-4223-a18b-14414e7b9d3a,TEMPO WORKLOAD,2025-06-12,8.0,TEM-9
712020:5ee2f3fa-371b-4e6b-b912-594fc836bd92,TEMPO WORKLOAD,2025-06-12,4.0,TEM-30
712020:f71fff89-9283-4b8c-afc6-a4ccda67573c,TEMPO WORKLOAD,2025-06-12,8.0,TEM-9
605e40fd2f7d900070bce962,TEMPO WORKLOAD,2025-06-12,3.0,TEM-26
712020:6ad83a3e-a1e9-43e6-a0a2-7931a513de7f,TEMPO WORKLOAD,2025-06-12,1.0,TEM-17
712020:34c5700f-f485-4468-b4d7-06a7a3e2942b,TEMPO WORKLOAD,2025-06-12,4.0,TEM-7
5c8132a6e6e3160b9b6fd44d,TEMPO WORKLOAD,2025-06-12,1.0,TEM-13
712020:31918087-5a23-4883-b0d2-134f05828b32,TEMPO WORKLOAD,2025-06-12,0.5,TEM-14
712020:c2d6f64b-7c18-4b58-9189-57c8823f4f64,TEMPO WORKLOAD,2025-06-12,8.0,TEM-5
712020:11e8ce5a-06a7-43cf-9c5a-858eed6f0a07,TEMPO WORKLOAD,2025-06-12,8.0,TEM-5
712020:448afbe2-d875-40e8-9541-835a59cdf0a7,TEMPO WORKLOAD,2025-06-12,8.0,TEM-7
712020:a7ee73c4-a6b3-4a8b-b22b-97aa3edf3ff7,TEMPO WORKLOAD,2025-06-12,4.0,TEM-8
6310a898316bbc56c4249187,TEMPO WORKLOAD,2025-06-12,4.0,TEM-2
5e0de9b99af3650e9e3ffc97,TEMPO WORKLOAD,2025-06-12,1.0,TEM-14
712020:2fd5ca9e-c92c-426e-b141-c27cdf46a539,TEMPO WORKLOAD,2025-06-12,6.0,TEM-9
637d1ac0f48fbd9b62d50fc3,TEMPO WORKLOAD,2025-06-12,8.0,TEM-1
712020:6b82bca4-7ae3-4417-b5b5-76024cf32617,TEMPO WORKLOAD,2025-06-12,0.5,TEM-22
712020:e09a2eee-2fe3-41a8-8a9c-29acd2258249,TEMPO WORKLOAD,2025-06-12,1.5,TEM-8
63600fdb1cc605b1fd177862,TEMPO WORKLOAD,2025-06-12,1.5,TEM-28
712020:d1c53603-3e65-4881-b493-a128394d565e,TEMPO WORKLOAD,2025-06-12,9.0,TEM-7
712020:76b2ab6b-f08d-4fef-9ced-52ff15fad7a0,TEMPO WORKLOAD,2025-06-12,0.1,TEM-21
712020:76b2ab6b-f08d-4fef-9ced-52ff15fad7a0,TEMPO WORKLOAD,2025-06-12,7.9,TEM-21
712020:05c80f08-99ab-4608-9ac1-8c3c43fbef01,TEMPO WORKLOAD,2025-06-12,0.5,TEM-25
6022a0ace7deee0069225fbd,TEMPO WORKLOAD,2025-06-12,0.5,TEM-13
5d6fae7bab129d0c306da857,TEMPO WORKLOAD,2025-06-12,0.5,TEM-13
6411cc617222b08f3e70f716,TEMPO WORKLOAD,2025-06-12,0.25,TEM-18
6310a8954fbe9c4bd0edf82a,TEMPO WORKLOAD,2025-06-12,0.25,TEM-19
712020:f518f4e7-7314-45a9-a3ef-723ad3fd6d7f,TEMPO WORKLOAD,2025-06-12,8.0,TEM-7
712020:31918087-5a23-4883-b0d2-134f05828b32,TEMPO WORKLOAD,2025-06-12,4.75,TEM-14
6310a8963e578bb3b5feb9f3,TEMPO WORKLOAD,2025-06-12,6.5,TEM-13
712020:6b82bca4-7ae3-4417-b5b5-76024cf32617,TEMPO WORKLOAD,2025-06-12,0.5,TEM-22
5eb2db0fa4c57d0b8b13eecb,TEMPO WORKLOAD,2025-06-12,1.0,TEM-28
70121:e997c5d5-1d6e-4973-80cb-28bfe7343a3f,TEMPO WORKLOAD,2025-06-12,0.3333333333333333,TEM-28
6310a896316bbc56c4249184,TEMPO WORKLOAD,2025-06-12,1.0,TEM-13
6411cc617222b08f3e70f716,TEMPO WORKLOAD,2025-06-12,0.5,TEM-18
6310a8954fbe9c4bd0edf82a,TEMPO WORKLOAD,2025-06-12,7.25,TEM-19
70121:e997c5d5-1d6e-4973-80cb-28bfe7343a3f,TEMPO WORKLOAD,2025-06-12,0.5,TEM-15
712020:05c80f08-99ab-4608-9ac1-8c3c43fbef01,TEMPO WORKLOAD,2025-06-12,8.0,TEM-25
5f4d8530d0884f00492507dd,TEMPO WORKLOAD,2025-06-12,1.0,TEM-26
712020:460f9b37-2b1d-4960-8575-5dc964940e8f,TEMPO WORKLOAD,2025-06-12,1.0,TEM-26
712020:c24d4628-d885-44d1-8ec8-dd76d416436a,TEMPO WORKLOAD,2025-06-12,6.0,TEM-26
64076b2b4d5e4b44e233faf6,TEMPO WORKLOAD,2025-06-12,6.0,TEM-26
63e1170728cddcc70773cbd6,TEMPO WORKLOAD,2025-06-12,8.0,TEM-14
5e0de9b99af3650e9e3ffc97,TEMPO WORKLOAD,2025-06-12,0.5,TEM-14
712020:00e94d7a-1f49-4891-bbf9-a2bf827bd258,TEMPO WORKLOAD,2025-06-12,6.0,TEM-9
5dea6ce9b95b180d17cfc7df,TEMPO WORKLOAD,2025-06-12,0.25,TEM-15
712020:6b82bca4-7ae3-4417-b5b5-76024cf32617,TEMPO WORKLOAD,2025-06-12,2.5,TEM-22
712020:1e3eed0c-846c-4ebd-bec7-51d04bbb59c0,TEMPO WORKLOAD,2025-06-12,1.0,TEM-30
712020:1e3eed0c-846c-4ebd-bec7-51d04bbb59c0,TEMPO WORKLOAD,2025-06-12,1.0,TEM-30
6411cc617222b08f3e70f716,TEMPO WORKLOAD,2025-06-12,0.5,TEM-18
5c8132a6e6e3160b9b6fd44d,TEMPO WORKLOAD,2025-06-12,2.0,TEM-10
5f45400afdc3f5003fee080b,TEMPO WORKLOAD,2025-06-12,0.5,TEM-14
6310a8976856bdd60a9eddae,TEMPO WORKLOAD,2025-06-12,1.0,TEM-14
70121:e997c5d5-1d6e-4973-80cb-28bfe7343a3f,TEMPO WORKLOAD,2025-06-12,0.75,TEM-15
712020:3268e7ac-2411-4ef8-a85a-d619f040639c,TEMPO WORKLOAD,2025-06-12,2.5,TEM-36
6324d3f3ce3e476e42ae2595,TEMPO WORKLOAD,2025-06-12,2.0,TEM-18
5d6fae7bab129d0c306da857,TEMPO WORKLOAD,2025-06-12,0.5,TEM-13
5e0de9b99af3650e9e3ffc97,TEMPO WORKLOAD,2025-06-12,0.5,TEM-14
5dea6ce9b95b180d17cfc7df,TEMPO WORKLOAD,2025-06-12,1.25,TEM-28
712020:e09a2eee-2fe3-41a8-8a9c-29acd2258249,TEMPO WORKLOAD,2025-06-12,0.25,TEM-8
712020:1e3eed0c-846c-4ebd-bec7-51d04bbb59c0,TEMPO WORKLOAD,2025-06-12,0.5,TEM-30
712020:15482282-a769-4a4d-a4c2-0424a3a2e0d8,TEMPO WORKLOAD,2025-06-12,3.0,TEM-7
6310a896316bbc56c4249184,TEMPO WORKLOAD,2025-06-12,1.0,TEM-13
6411cc617222b08f3e70f716,TEMPO WORKLOAD,2025-06-12,1.5,TEM-18
712020:91b42101-19bb-498d-9942-8850a5540c96,TEMPO WORKLOAD,2025-06-12,2.25,TEM-22
61ddc1dcf3037f0069656c13,TEMPO WORKLOAD,2025-06-12,0.5,TEM-24
61ddc1dcf3037f0069656c13,TEMPO WORKLOAD,2025-06-12,1.25,TEM-24
61ddc1dcf3037f0069656c13,TEMPO WORKLOAD,2025-06-12,0.25,TEM-24
5f45400afdc3f5003fee080b,TEMPO WORKLOAD,2025-06-12,0.25,TEM-14
712020:e09a2eee-2fe3-41a8-8a9c-29acd2258249,TEMPO WORKLOAD,2025-06-12,3.75,TEM-8
63600fdb1cc605b1fd177862,TEMPO WORKLOAD,2025-06-12,1.0,TEM-28
5c8bd7984c5068698da7b839,TEMPO WORKLOAD,2025-06-12,5.1,TEM-32
5d6fae7bab129d0c306da857,TEMPO WORKLOAD,2025-06-12,1.0,TEM-13
70121:272d7cde-e8e4-4a3f-9333-8e1247180871,TEMPO WORKLOAD,2025-06-12,0.5,TEM-18
712020:5912aa5b-0476-4091-834a-994381177d1a,TEMPO WORKLOAD,2025-06-12,0.25,TEM-18
712020:51261fb6-b689-4617-8eae-46a70a19df7c,TEMPO WORKLOAD,2025-06-12,4.0,TEM-7
5f45400afdc3f5003fee080b,TEMPO WORKLOAD,2025-06-12,1.5,TEM-14
712020:39d78a45-5732-4153-afaa-dc9227f4dfe3,TEMPO WORKLOAD,2025-06-12,2.0,TEM-8
70121:716f3beb-9b1e-4b9c-bb75-d5716c9878b0,TEMPO WORKLOAD,2025-06-12,1.5,TEM-17
712020:a3240ec7-ccb7-4e31-81ed-5338bd11acc2,TEMPO WORKLOAD,2025-06-12,5.0,TEM-8
712020:1e3eed0c-846c-4ebd-bec7-51d04bbb59c0,TEMPO WORKLOAD,2025-06-12,1.5,TEM-30
5eb2db0fa4c57d0b8b13eecb,TEMPO WORKLOAD,2025-06-12,1.5,TEM-28
5e0de9b99af3650e9e3ffc97,TEMPO WORKLOAD,2025-06-12,6.0,TEM-14
70121:e997c5d5-1d6e-4973-80cb-28bfe7343a3f,TEMPO WORKLOAD,2025-06-12,0.4166666666666667,TEM-15
70121:e997c5d5-1d6e-4973-80cb-28bfe7343a3f,TEMPO WORKLOAD,2025-06-12,1.5,TEM-15
6310a896316bbc56c4249184,TEMPO WORKLOAD,2025-06-12,2.0,TEM-13
712020:31918087-5a23-4883-b0d2-134f05828b32,TEMPO WORKLOAD,2025-06-12,2.25,TEM-14
63600fdb1cc605b1fd177862,TEMPO WORKLOAD,2025-06-12,5.5,TEM-17
5d6fae7bab129d0c306da857,TEMPO WORKLOAD,2025-06-12,1.0,TEM-13
5f03aab970b8a90025641824,TEMPO WORKLOAD,2025-06-12,0.25,TEM-26
712020:d6bab2e1-1616-4bfb-83a4-2be2aebf31ed,TEMPO WORKLOAD,2025-06-12,6.0,TEM-8
6310a8976856bdd60a9eddae,TEMPO WORKLOAD,2025-06-12,4.0,TEM-14
62fbd97aeec8d4a478d41a3b,TEMPO WORKLOAD,2025-06-12,5.0,TEM-17
613fb43fe6c39d00721944a0,TEMPO WORKLOAD,2025-06-12,4.0,TEM-2
5c8bd79686c36970e812b609,TEMPO WORKLOAD,2025-06-12,4.0,TEM-7
5dea6ce9b95b180d17cfc7df,TEMPO WORKLOAD,2025-06-12,0.25,TEM-28
712020:5912aa5b-0476-4091-834a-994381177d1a,TEMPO WORKLOAD,2025-06-12,0.5,TEM-18
70121:272d7cde-e8e4-4a3f-9333-8e1247180871,TEMPO WORKLOAD,2025-06-12,0.5,TEM-18
6411cc617222b08f3e70f716,TEMPO WORKLOAD,2025-06-12,1.0,TEM-18
5c8132a6e6e3160b9b6fd44d,TEMPO WORKLOAD,2025-06-12,2.0,TEM-13
5f03aab970b8a90025641824,TEMPO WORKLOAD,2025-06-12,2.75,TEM-26
5c5857d6036b380b84dc8212,TEMPO WORKLOAD,2025-06-12,0.5,TEM-28
636e3660c383ad842147234a,TEMPO WORKLOAD,2025-06-12,1.25,TEM-26
5dea6ce9b95b180d17cfc7df,TEMPO WORKLOAD,2025-06-12,1.75,TEM-28
712020:6b82bca4-7ae3-4417-b5b5-76024cf32617,TEMPO WORKLOAD,2025-06-12,0.5,TEM-22
5eb2db0fa4c57d0b8b13eecb,TEMPO WORKLOAD,2025-06-12,1.0,TEM-18
6324d3f3ce3e476e42ae2595,TEMPO WORKLOAD,2025-06-12,0.5,TEM-18
712020:5912aa5b-0476-4091-834a-994381177d1a,TEMPO WORKLOAD,2025-06-12,0.25,TEM-18
6022a0ace7deee0069225fbd,TEMPO WORKLOAD,2025-06-12,0.5,TEM-14
712020:91b42101-19bb-498d-9942-8850a5540c96,TEMPO WORKLOAD,2025-06-12,1.0,TEM-22
712020:3268e7ac-2411-4ef8-a85a-d619f040639c,TEMPO WORKLOAD,2025-06-12,0.25,TEM-17
712020:5912aa5b-0476-4091-834a-994381177d1a,TEMPO WORKLOAD,2025-06-12,1.5,TEM-1
5d6fae7bab129d0c306da857,TEMPO WORKLOAD,2025-06-12,1.0,TEM-13
70121:272d7cde-e8e4-4a3f-9333-8e1247180871,TEMPO WORKLOAD,2025-06-12,3.0,TEM-18
712020:39d78a45-5732-4153-afaa-dc9227f4dfe3,TEMPO WORKLOAD,2025-06-12,3.0,TEM-9
712020:6b82bca4-7ae3-4417-b5b5-76024cf32617,TEMPO WORKLOAD,2025-06-12,1.0,TEM-22
6324d3f3ce3e476e42ae2595,TEMPO WORKLOAD,2025-06-12,2.0,TEM-18
6411cc617222b08f3e70f716,TEMPO WORKLOAD,2025-06-12,0.25,TEM-18
712020:3268e7ac-2411-4ef8-a85a-d619f040639c,TEMPO WORKLOAD,2025-06-12,0.75,TEM-17
5dbc42d12757660db6144b56,TEMPO WORKLOAD,2025-06-12,0.5,TEM-13
6022a0ace7deee0069225fbd,TEMPO WORKLOAD,2025-06-12,1.0,TEM-13
6411cc617222b08f3e70f716,TEMPO WORKLOAD,2025-06-12,0.25,TEM-18
712020:15482282-a769-4a4d-a4c2-0424a3a2e0d8,TEMPO WORKLOAD,2025-06-12,2.5,TEM-9
5eb2db0fa4c57d0b8b13eecb,TEMPO WORKLOAD,2025-06-12,2.0,TEM-6
6411cc617222b08f3e70f716,TEMPO WORKLOAD,2025-06-12,0.75,TEM-1
636e3660c383ad842147234a,TEMPO WORKLOAD,2025-06-12,1.5,TEM-26
5dbc42d12757660db6144b56,TEMPO WORKLOAD,2025-06-12,1.0,TEM-28
712020:3268e7ac-2411-4ef8-a85a-d619f040639c,TEMPO WORKLOAD,2025-06-12,0.5,TEM-25
712020:34c5700f-f485-4468-b4d7-06a7a3e2942b,TEMPO WORKLOAD,2025-06-12,2.5,TEM-7
712020:5ee2f3fa-371b-4e6b-b912-594fc836bd92,TEMPO WORKLOAD,2025-06-12,4.0,TEM-30
5f45400afdc3f5003fee080b,TEMPO WORKLOAD,2025-06-12,1.5,TEM-14
5d6fae7bab129d0c306da857,TEMPO WORKLOAD,2025-06-12,2.5,TEM-13
712020:a7ee73c4-a6b3-4a8b-b22b-97aa3edf3ff7,TEMPO WORKLOAD,2025-06-12,4.0,TEM-8
712020:91b42101-19bb-498d-9942-8850a5540c96,TEMPO WORKLOAD,2025-06-12,0.5,TEM-25
712020:6b82bca4-7ae3-4417-b5b5-76024cf32617,TEMPO WORKLOAD,2025-06-12,3.0,TEM-22
5c8132a6e6e3160b9b6fd44d,TEMPO WORKLOAD,2025-06-12,1.0,TEM-13
712020:91b42101-19bb-498d-9942-8850a5540c96,TEMPO WORKLOAD,2025-06-12,2.0,TEM-25
6411cc617222b08f3e70f716,TEMPO WORKLOAD,2025-06-12,0.5,TEM-18
6022a0ace7deee0069225fbd,TEMPO WORKLOAD,2025-06-12,1.0,TEM-28
712020:3268e7ac-2411-4ef8-a85a-d619f040639c,TEMPO WORKLOAD,2025-06-12,0.5,TEM-17
5dea6ce9b95b180d17cfc7df,TEMPO WORKLOAD,2025-06-12,0.25,TEM-28
5dbc42d12757660db6144b56,TEMPO WORKLOAD,2025-06-12,1.0,TEM-36
6411cc617222b08f3e70f716,TEMPO WORKLOAD,2025-06-12,0.25,TEM-18
712020:5912aa5b-0476-4091-834a-994381177d1a,TEMPO WORKLOAD,2025-06-12,0.25,TEM-18
6324d3f3ce3e476e42ae2595,TEMPO WORKLOAD,2025-06-12,1.0,TEM-18
5dea6ce9b95b180d17cfc7df,TEMPO WORKLOAD,2025-06-12,2.25,TEM-28
6411cc617222b08f3e70f716,TEMPO WORKLOAD,2025-06-12,0.75,TEM-18
712020:5912aa5b-0476-4091-834a-994381177d1a,TEMPO WORKLOAD,2025-06-12,0.75,TEM-18
6310a896316bbc56c4249184,TEMPO WORKLOAD,2025-06-12,0.75,TEM-10
6022a0ace7deee0069225fbd,TEMPO WORKLOAD,2025-06-12,0.5,TEM-13
712020:3268e7ac-2411-4ef8-a85a-d619f040639c,TEMPO WORKLOAD,2025-06-12,0.5,TEM-10
636e3660c383ad842147234a,TEMPO WORKLOAD,2025-06-12,1.25,TEM-26
5f45400afdc3f5003fee080b,TEMPO WORKLOAD,2025-06-12,2.0,TEM-14
712020:31918087-5a23-4883-b0d2-134f05828b32,TEMPO WORKLOAD,2025-06-12,0.5,TEM-14
712020:e09a2eee-2fe3-41a8-8a9c-29acd2258249,TEMPO WORKLOAD,2025-06-12,2.5,TEM-8
5dbc42d12757660db6144b56,TEMPO WORKLOAD,2025-06-12,1.25,TEM-36
6310a896316bbc56c4249184,TEMPO WORKLOAD,2025-06-12,1.5,TEM-10
6022a0ace7deee0069225fbd,TEMPO WORKLOAD,2025-06-12,0.5,TEM-14
712020:3268e7ac-2411-4ef8-a85a-d619f040639c,TEMPO WORKLOAD,2025-06-12,2.0,TEM-36
712020:1e3eed0c-846c-4ebd-bec7-51d04bbb59c0,TEMPO WORKLOAD,2025-06-12,0.5,TEM-30
712020:5912aa5b-0476-4091-834a-994381177d1a,TEMPO WORKLOAD,2025-06-12,0.5,TEM-18
6022a0ace7deee0069225fbd,TEMPO WORKLOAD,2025-06-12,0.5,TEM-36
5dbc42d12757660db6144b56,TEMPO WORKLOAD,2025-06-12,3.0,TEM-36
712020:76b2ab6b-f08d-4fef-9ced-52ff15fad7a0,TEMPO WORKLOAD,2025-06-12,2.0,TEM-27
712020:51261fb6-b689-4617-8eae-46a70a19df7c,TEMPO WORKLOAD,2025-06-12,2.0,TEM-7
712020:34c5700f-f485-4468-b4d7-06a7a3e2942b,TEMPO WORKLOAD,2025-06-12,2.0,TEM-7
5d6fae7bab129d0c306da857,TEMPO WORKLOAD,2025-06-12,0.5,TEM-13
6324d3f3ce3e476e42ae2595,TEMPO WORKLOAD,2025-06-13,4.0,TEM-18
712020:76b2ab6b-f08d-4fef-9ced-52ff15fad7a0,TEMPO WORKLOAD,2025-06-13,2.0,TEM-27
5eb2db0fa4c57d0b8b13eecb,TEMPO WORKLOAD,2025-06-13,1.0,TEM-28
5dea6ce9b95b180d17cfc7df,TEMPO WORKLOAD,2025-06-13,2.25,TEM-28
5c5857d6036b380b84dc8212,TEMPO WORKLOAD,2025-06-13,1.0,TEM-31
62fbddc8bb0704a2a808bd57,TEMPO WORKLOAD,2025-06-13,8.0,TEM-5
6310a896316bbc56c4249184,TEMPO WORKLOAD,2025-06-13,0.5,TEM-13
6411cc617222b08f3e70f716,TEMPO WORKLOAD,2025-06-13,1.5,TEM-1
6310a8976856bdd60a9eddae,TEMPO WORKLOAD,2025-06-13,1.0,TEM-14
605e40fd2f7d900070bce962,TEMPO WORKLOAD,2025-06-13,1.0,TEM-26
712020:ca798410-124d-40e3-9954-420f35eb4d5c,TEMPO WORKLOAD,2025-06-13,7.2,TEM-7
557058:b0ab43f7-2329-4796-9a63-2abcf978b413,TEMPO WORKLOAD,2025-06-13,4.0,TEM-15
5dbc42d12757660db6144b56,TEMPO WORKLOAD,2025-06-13,1.0,TEM-13
6356e77976b91b62562d4fea,TEMPO WORKLOAD,2025-06-13,3.0,TEM-26
5c8132a6e6e3160b9b6fd44d,TEMPO WORKLOAD,2025-06-13,0.75,TEM-13
5eb2e91b96bbcb0b857bfa58,TEMPO WORKLOAD,2025-06-13,0.5,TEM-14
5f45400afdc3f5003fee080b,TEMPO WORKLOAD,2025-06-13,0.5,TEM-14
712020:50a28763-7675-4ba8-9f58-305b20af5172,TEMPO WORKLOAD,2025-06-13,8.0,TEM-9
5eb2e91b96bbcb0b857bfa58,TEMPO WORKLOAD,2025-06-13,0.5,TEM-14
712020:3268e7ac-2411-4ef8-a85a-d619f040639c,TEMPO WORKLOAD,2025-06-13,5.0,TEM-36
5eb2e91b96bbcb0b857bfa58,TEMPO WORKLOAD,2025-06-13,2.0,TEM-14
5eb2e91b96bbcb0b857bfa58,TEMPO WORKLOAD,2025-06-13,4.25,TEM-14
6310a8963e578bb3b5feb9f3,TEMPO WORKLOAD,2025-06-13,0.5,TEM-13
712020:db40572b-4fd3-49a2-b4c1-620d9be82a65,TEMPO WORKLOAD,2025-06-13,8.0,TEM-1
712020:f50b1e80-f1ef-440b-b954-716fbfdbc927,TEMPO WORKLOAD,2025-06-13,8.0,TEM-9
613fb43fe6c39d00721944a0,TEMPO WORKLOAD,2025-06-13,8.0,TEM-36
5c8bd79686c36970e812b609,TEMPO WORKLOAD,2025-06-13,4.0,TEM-9
62e433730b4bf7ad924bcbe5,TEMPO WORKLOAD,2025-06-13,8.0,TEM-7
557058:c310fa79-8a55-492f-a2fe-6e69a7d7c4eb,TEMPO WORKLOAD,2025-06-13,0.25,TEM-19
712020:6ad83a3e-a1e9-43e6-a0a2-7931a513de7f,TEMPO WORKLOAD,2025-06-13,0.5,TEM-17
61ddc1dcf3037f0069656c13,TEMPO WORKLOAD,2025-06-13,0.25,TEM-18
61ddc1dcf3037f0069656c13,TEMPO WORKLOAD,2025-06-13,1.0,TEM-18
61ddc1dcf3037f0069656c13,TEMPO WORKLOAD,2025-06-13,0.25,TEM-18
61ddc1dcf3037f0069656c13,TEMPO WORKLOAD,2025-06-13,0.5,TEM-18
712020:39d78a45-5732-4153-afaa-dc9227f4dfe3,TEMPO WORKLOAD,2025-06-13,3.0,TEM-7
712020:d26e58e6-874b-4243-ac4e-1d4cb867a542,TEMPO WORKLOAD,2025-06-13,8.0,TEM-8
712020:02ccfc0c-5c0f-4e48-8f91-fb3bb584a2dc,TEMPO WORKLOAD,2025-06-13,8.0,TEM-7
712020:a3240ec7-ccb7-4e31-81ed-5338bd11acc2,TEMPO WORKLOAD,2025-06-13,3.0,TEM-8
607829da95f6fc006aab9e92,TEMPO WORKLOAD,2025-06-13,0.25,TEM-19
712020:b6588882-6f04-4ee1-8c9d-7bdd4569e704,TEMPO WORKLOAD,2025-06-13,8.0,TEM-25
712020:1e3eed0c-846c-4ebd-bec7-51d04bbb59c0,TEMPO WORKLOAD,2025-06-13,1.5,TEM-30
712020:1e3eed0c-846c-4ebd-bec7-51d04bbb59c0,TEMPO WORKLOAD,2025-06-13,1.5,TEM-30
712020:ab3c5ef0-a515-47fc-9cdd-3b5d0c219224,TEMPO WORKLOAD,2025-06-13,8.0,TEM-7
712020:f5cdecd9-64db-4d5e-b4a2-c8f4b7201212,TEMPO WORKLOAD,2025-06-13,8.0,TEM-7
70121:e997c5d5-1d6e-4973-80cb-28bfe7343a3f,TEMPO WORKLOAD,2025-06-13,1.0,TEM-1
63d916c4bf837c6893d6fbad,TEMPO WORKLOAD,2025-06-13,9.0,TEM-7
6299079acd636500697d4701,TEMPO WORKLOAD,2025-06-13,8.0,TEM-21
613fb383e057c6006a1ccade,TEMPO WORKLOAD,2025-06-13,8.0,TEM-2
63600fdb1cc605b1fd177862,TEMPO WORKLOAD,2025-06-13,3.0,TEM-17
712020:d8a16146-bc5b-4c61-9c5d-af3eaddace2b,TEMPO WORKLOAD,2025-06-13,8.0,TEM-5
70121:2c1e0513-4f21-4c96-adc1-8c318e30bc0e,TEMPO WORKLOAD,2025-06-13,3.0,TEM-7
70121:2c1e0513-4f21-4c96-adc1-8c318e30bc0e,TEMPO WORKLOAD,2025-06-13,3.0,TEM-8
712020:98295f35-86b1-4d23-a51b-30dbe7170d11,TEMPO WORKLOAD,2025-06-13,7.2,TEM-7
712020:15482282-a769-4a4d-a4c2-0424a3a2e0d8,TEMPO WORKLOAD,2025-06-13,2.5,TEM-8
5c8bd7984c5068698da7b839,TEMPO WORKLOAD,2025-06-13,1.0,TEM-5
5eb2db0fa4c57d0b8b13eecb,TEMPO WORKLOAD,2025-06-13,0.5,TEM-6
70121:2c1e0513-4f21-4c96-adc1-8c318e30bc0e,TEMPO WORKLOAD,2025-06-13,1.5,TEM-28
70121:2c1e0513-4f21-4c96-adc1-8c318e30bc0e,TEMPO WORKLOAD,2025-06-13,0.5,TEM-5
557058:c310fa79-8a55-492f-a2fe-6e69a7d7c4eb,TEMPO WORKLOAD,2025-06-13,7.75,TEM-19
712020:91b42101-19bb-498d-9942-8850a5540c96,TEMPO WORKLOAD,2025-06-13,4.5,TEM-25
607829da95f6fc006aab9e92,TEMPO WORKLOAD,2025-06-13,7.083333333333333,TEM-19
557058:b0ab43f7-2329-4796-9a63-2abcf978b413,TEMPO WORKLOAD,2025-06-13,1.0,TEM-26
5c5857d6036b380b84dc8212,TEMPO WORKLOAD,2025-06-13,3.5,TEM-28
6310a896316bbc56c4249184,TEMPO WORKLOAD,2025-06-13,1.0,TEM-13
5f45400afdc3f5003fee080b,TEMPO WORKLOAD,2025-06-13,3.0,TEM-14
6310a8963e578bb3b5feb9f3,TEMPO WORKLOAD,2025-06-13,2.5,TEM-13
5c8132a6e6e3160b9b6fd44d,TEMPO WORKLOAD,2025-06-13,0.75,TEM-10
61ddc1dcf3037f0069656c13,TEMPO WORKLOAD,2025-06-13,3.5,TEM-24
61ddc1dcf3037f0069656c13,TEMPO WORKLOAD,2025-06-13,0.5,TEM-24
712020:6b82bca4-7ae3-4417-b5b5-76024cf32617,TEMPO WORKLOAD,2025-06-13,0.5,TEM-22
712020:5e29a15d-dadb-41b1-bd51-d65cb73a9a3e,TEMPO WORKLOAD,2025-06-13,8.0,TEM-7
6310a898316bbc56c4249187,TEMPO WORKLOAD,2025-06-13,4.0,TEM-21
63b6c257d3aeefa405443cf9,TEMPO WORKLOAD,2025-06-13,6.0,TEM-2
5f03aab970b8a90025641824,TEMPO WORKLOAD,2025-06-13,2.0,TEM-26
712020:6c5881b3-26a9-4223-a18b-14414e7b9d3a,TEMPO WORKLOAD,2025-06-13,8.0,TEM-9
62fbd97aeec8d4a478d41a3b,TEMPO WORKLOAD,2025-06-13,1.0,TEM-18
712020:5ee2f3fa-371b-4e6b-b912-594fc836bd92,TEMPO WORKLOAD,2025-06-13,4.0,TEM-30
605e40fd2f7d900070bce962,TEMPO WORKLOAD,2025-06-13,1.0,TEM-26
5dbc42d12757660db6144b56,TEMPO WORKLOAD,2025-06-13,0.5,TEM-28
6310a8954fbe9c4bd0edf82a,TEMPO WORKLOAD,2025-06-13,0.5,TEM-19
6310a8976856bdd60a9eddae,TEMPO WORKLOAD,2025-06-13,2.5,TEM-14
712020:31918087-5a23-4883-b0d2-134f05828b32,TEMPO WORKLOAD,2025-06-13,5.5,TEM-14
712020:c2d6f64b-7c18-4b58-9189-57c8823f4f64,TEMPO WORKLOAD,2025-06-13,8.0,TEM-5
712020:11e8ce5a-06a7-43cf-9c5a-858eed6f0a07,TEMPO WORKLOAD,2025-06-13,8.0,TEM-5
712020:448afbe2-d875-40e8-9541-835a59cdf0a7,TEMPO WORKLOAD,2025-06-13,8.0,TEM-7
712020:a7ee73c4-a6b3-4a8b-b22b-97aa3edf3ff7,TEMPO WORKLOAD,2025-06-13,4.0,TEM-8
5e0de9b99af3650e9e3ffc97,TEMPO WORKLOAD,2025-06-13,1.0,TEM-14
712020:2fd5ca9e-c92c-426e-b141-c27cdf46a539,TEMPO WORKLOAD,2025-06-13,6.0,TEM-9
637d1ac0f48fbd9b62d50fc3,TEMPO WORKLOAD,2025-06-13,4.0,TEM-1
712020:f71fff89-9283-4b8c-afc6-a4ccda67573c,TEMPO WORKLOAD,2025-06-13,8.0,TEM-9
712020:e09a2eee-2fe3-41a8-8a9c-29acd2258249,TEMPO WORKLOAD,2025-06-13,1.5,TEM-8
712020:34c5700f-f485-4468-b4d7-06a7a3e2942b,TEMPO WORKLOAD,2025-06-13,4.0,TEM-7
712020:d1c53603-3e65-4881-b493-a128394d565e,TEMPO WORKLOAD,2025-06-13,9.0,TEM-7
5c8bd7984c5068698da7b839,TEMPO WORKLOAD,2025-06-13,2.5,TEM-32
712020:76b2ab6b-f08d-4fef-9ced-52ff15fad7a0,TEMPO WORKLOAD,2025-06-13,0.31666666666666665,TEM-21
70121:e997c5d5-1d6e-4973-80cb-28bfe7343a3f,TEMPO WORKLOAD,2025-06-13,0.5833333333333334,TEM-28
712020:5912aa5b-0476-4091-834a-994381177d1a,TEMPO WORKLOAD,2025-06-13,0.25,TEM-18
712020:6b82bca4-7ae3-4417-b5b5-76024cf32617,TEMPO WORKLOAD,2025-06-13,0.25,TEM-22
712020:76b2ab6b-f08d-4fef-9ced-52ff15fad7a0,TEMPO WORKLOAD,2025-06-13,7.0,TEM-21
6411cc617222b08f3e70f716,TEMPO WORKLOAD,2025-06-13,0.5,TEM-18
6310a896316bbc56c4249184,TEMPO WORKLOAD,2025-06-13,0.75,TEM-10
712020:5912aa5b-0476-4091-834a-994381177d1a,TEMPO WORKLOAD,2025-06-13,0.5,TEM-18
5dbc42d12757660db6144b56,TEMPO WORKLOAD,2025-06-13,1.5,TEM-36
5c8132a6e6e3160b9b6fd44d,TEMPO WORKLOAD,2025-06-13,1.0,TEM-13
5d6fae7bab129d0c306da857,TEMPO WORKLOAD,2025-06-13,1.5,TEM-13
712020:f518f4e7-7314-45a9-a3ef-723ad3fd6d7f,TEMPO WORKLOAD,2025-06-13,7.0,TEM-7
6310a8954fbe9c4bd0edf82a,TEMPO WORKLOAD,2025-06-13,0.25,TEM-19
63e1170728cddcc70773cbd6,TEMPO WORKLOAD,2025-06-13,1.5,TEM-14
70121:272d7cde-e8e4-4a3f-9333-8e1247180871,TEMPO WORKLOAD,2025-06-13,1.0,TEM-18
712020:6b82bca4-7ae3-4417-b5b5-76024cf32617,TEMPO WORKLOAD,2025-06-13,0.5,TEM-22
63600fdb1cc605b1fd177862,TEMPO WORKLOAD,2025-06-13,1.0,TEM-6
70121:e997c5d5-1d6e-4973-80cb-28bfe7343a3f,TEMPO WORKLOAD,2025-06-13,2.0,TEM-15
6310a8954fbe9c4bd0edf82a,TEMPO WORKLOAD,2025-06-13,3.75,TEM-19
62fbd97aeec8d4a478d41a3b,TEMPO WORKLOAD,2025-06-13,7.0,TEM-17
6411cc617222b08f3e70f716,TEMPO WORKLOAD,2025-06-13,0.5,TEM-18
712020:c24d4628-d885-44d1-8ec8-dd76d416436a,TEMPO WORKLOAD,2025-06-13,6.0,TEM-26
64076b2b4d5e4b44e233faf6,TEMPO WORKLOAD,2025-06-13,1.0,TEM-26
5f4d8530d0884f00492507dd,TEMPO WORKLOAD,2025-06-13,1.0,TEM-26
6022a0ace7deee0069225fbd,TEMPO WORKLOAD,2025-06-13,0.5,TEM-13
712020:00e94d7a-1f49-4891-bbf9-a2bf827bd258,TEMPO WORKLOAD,2025-06-13,6.0,TEM-9
70121:716f3beb-9b1e-4b9c-bb75-d5716c9878b0,TEMPO WORKLOAD,2025-06-13,2.0,TEM-17
712020:6b82bca4-7ae3-4417-b5b5-76024cf32617,TEMPO WORKLOAD,2025-06-13,1.0,TEM-22
5eb2db0fa4c57d0b8b13eecb,TEMPO WORKLOAD,2025-06-13,0.5,TEM-28
5e0de9b99af3650e9e3ffc97,TEMPO WORKLOAD,2025-06-13,7.0,TEM-14
6310a896316bbc56c4249184,TEMPO WORKLOAD,2025-06-13,0.25,TEM-10
712020:5912aa5b-0476-4091-834a-994381177d1a,TEMPO WORKLOAD,2025-06-13,0.75,TEM-18
5dea6ce9b95b180d17cfc7df,TEMPO WORKLOAD,2025-06-13,0.5,TEM-15
6411cc617222b08f3e70f716,TEMPO WORKLOAD,2025-06-13,0.75,TEM-18
6310a896316bbc56c4249184,TEMPO WORKLOAD,2025-06-13,1.5,TEM-13
6022a0ace7deee0069225fbd,TEMPO WORKLOAD,2025-06-13,0.5,TEM-14
712020:e09a2eee-2fe3-41a8-8a9c-29acd2258249,TEMPO WORKLOAD,2025-06-13,0.25,TEM-8
712020:15482282-a769-4a4d-a4c2-0424a3a2e0d8,TEMPO WORKLOAD,2025-06-13,3.0,TEM-7
712020:e09a2eee-2fe3-41a8-8a9c-29acd2258249,TEMPO WORKLOAD,2025-06-13,3.0,TEM-8
5d6fae7bab129d0c306da857,TEMPO WORKLOAD,2025-06-13,0.5,TEM-13
712020:5912aa5b-0476-4091-834a-994381177d1a,TEMPO WORKLOAD,2025-06-13,0.25,TEM-18
5f03aab970b8a90025641824,TEMPO WORKLOAD,2025-06-13,2.0,TEM-26
712020:460f9b37-2b1d-4960-8575-5dc964940e8f,TEMPO WORKLOAD,2025-06-13,2.0,TEM-26
64076b2b4d5e4b44e233faf6,TEMPO WORKLOAD,2025-06-13,2.5,TEM-26
712020:51261fb6-b689-4617-8eae-46a70a19df7c,TEMPO WORKLOAD,2025-06-13,2.0,TEM-7
5f4d8530d0884f00492507dd,TEMPO WORKLOAD,2025-06-13,2.0,TEM-26
636e3660c383ad842147234a,TEMPO WORKLOAD,2025-06-13,2.0,TEM-26
6022a0ace7deee0069225fbd,TEMPO WORKLOAD,2025-06-13,0.5,TEM-14
6356e77976b91b62562d4fea,TEMPO WORKLOAD,2025-06-13,3.0,TEM-26
5dbc42d12757660db6144b56,TEMPO WORKLOAD,2025-06-13,3.75,TEM-17
5c8132a6e6e3160b9b6fd44d,TEMPO WORKLOAD,2025-06-13,1.0,TEM-13
6324d3f3ce3e476e42ae2595,TEMPO WORKLOAD,2025-06-13,0.5,TEM-18
5f45400afdc3f5003fee080b,TEMPO WORKLOAD,2025-06-13,2.0,TEM-14
63e1170728cddcc70773cbd6,TEMPO WORKLOAD,2025-06-13,0.5,TEM-2
6310a8963e578bb3b5feb9f3,TEMPO WORKLOAD,2025-06-13,1.5,TEM-13
70121:272d7cde-e8e4-4a3f-9333-8e1247180871,TEMPO WORKLOAD,2025-06-13,1.25,TEM-18
5dea6ce9b95b180d17cfc7df,TEMPO WORKLOAD,2025-06-13,5.75,TEM-28
712020:39d78a45-5732-4153-afaa-dc9227f4dfe3,TEMPO WORKLOAD,2025-06-13,2.0,TEM-8
70121:716f3beb-9b1e-4b9c-bb75-d5716c9878b0,TEMPO WORKLOAD,2025-06-13,1.5,TEM-17
712020:6b82bca4-7ae3-4417-b5b5-76024cf32617,TEMPO WORKLOAD,2025-06-13,2.0,TEM-22
712020:a3240ec7-ccb7-4e31-81ed-5338bd11acc2,TEMPO WORKLOAD,2025-06-13,5.0,TEM-8
5eb2db0fa4c57d0b8b13eecb,TEMPO WORKLOAD,2025-06-13,1.5,TEM-28
5eb2db0fa4c57d0b8b13eecb,TEMPO WORKLOAD,2025-06-13,1.5,TEM-28
6411cc617222b08f3e70f716,TEMPO WORKLOAD,2025-06-13,0.25,TEM-18
6411cc617222b08f3e70f716,TEMPO WORKLOAD,2025-06-13,0.5,TEM-18
6022a0ace7deee0069225fbd,TEMPO WORKLOAD,2025-06-13,0.5,TEM-13
712020:5912aa5b-0476-4091-834a-994381177d1a,TEMPO WORKLOAD,2025-06-13,0.75,TEM-18
6310a8976856bdd60a9eddae,TEMPO WORKLOAD,2025-06-13,1.5,TEM-14
63e1170728cddcc70773cbd6,TEMPO WORKLOAD,2025-06-13,4.0,TEM-14
5c8bd7984c5068698da7b839,TEMPO WORKLOAD,2025-06-13,2.0,TEM-4
70121:e997c5d5-1d6e-4973-80cb-28bfe7343a3f,TEMPO WORKLOAD,2025-06-13,0.5,TEM-28
712020:d6bab2e1-1616-4bfb-83a4-2be2aebf31ed,TEMPO WORKLOAD,2025-06-13,6.0,TEM-8
6411cc617222b08f3e70f716,TEMPO WORKLOAD,2025-06-13,0.75,TEM-18
6310a896316bbc56c4249184,TEMPO WORKLOAD,2025-06-13,0.5,TEM-13
6022a0ace7deee0069225fbd,TEMPO WORKLOAD,2025-06-13,0.5,TEM-28
5d6fae7bab129d0c306da857,TEMPO WORKLOAD,2025-06-13,2.0,TEM-13
6324d3f3ce3e476e42ae2595,TEMPO WORKLOAD,2025-06-13,3.5,TEM-18
5c8bd79686c36970e812b609,TEMPO WORKLOAD,2025-06-13,4.0,TEM-7
63600fdb1cc605b1fd177862,TEMPO WORKLOAD,2025-06-13,4.0,TEM-28
70121:e997c5d5-1d6e-4973-80cb-28bfe7343a3f,TEMPO WORKLOAD,2025-06-13,1.0,TEM-15
5c8132a6e6e3160b9b6fd44d,TEMPO WORKLOAD,2025-06-13,2.0,TEM-10
5c5857d6036b380b84dc8212,TEMPO WORKLOAD,2025-06-13,2.0,TEM-28
6022a0ace7deee0069225fbd,TEMPO WORKLOAD,2025-06-13,0.5,TEM-14
6310a896316bbc56c4249184,TEMPO WORKLOAD,2025-06-13,0.75,TEM-13
5f45400afdc3f5003fee080b,TEMPO WORKLOAD,2025-06-13,1.5,TEM-14
6310a8963e578bb3b5feb9f3,TEMPO WORKLOAD,2025-06-13,3.0,TEM-13
5dbc42d12757660db6144b56,TEMPO WORKLOAD,2025-06-13,1.0,TEM-36
5eb2db0fa4c57d0b8b13eecb,TEMPO WORKLOAD,2025-06-13,1.0,TEM-28
6411cc617222b08f3e70f716,TEMPO WORKLOAD,2025-06-13,1.0,TEM-18
70121:272d7cde-e8e4-4a3f-9333-8e1247180871,TEMPO WORKLOAD,2025-06-13,0.5,TEM-18
712020:91b42101-19bb-498d-9942-8850a5540c96,TEMPO WORKLOAD,2025-06-13,1.25,TEM-25
5f03aab970b8a90025641824,TEMPO WORKLOAD,2025-06-13,2.0,TEM-26
636e3660c383ad842147234a,TEMPO WORKLOAD,2025-06-13,2.0,TEM-26
712020:5912aa5b-0476-4091-834a-994381177d1a,TEMPO WORKLOAD,2025-06-13,0.5,TEM-18
712020:3268e7ac-2411-4ef8-a85a-d619f040639c,TEMPO WORKLOAD,2025-06-13,0.5,TEM-25
6310a8976856bdd60a9eddae,TEMPO WORKLOAD,2025-06-13,2.5,TEM-14
712020:39d78a45-5732-4153-afaa-dc9227f4dfe3,TEMPO WORKLOAD,2025-06-13,3.0,TEM-9
70121:716f3beb-9b1e-4b9c-bb75-d5716c9878b0,TEMPO WORKLOAD,2025-06-13,1.5,TEM-17
712020:6b82bca4-7ae3-4417-b5b5-76024cf32617,TEMPO WORKLOAD,2025-06-13,0.5,TEM-22
6310a896316bbc56c4249184,TEMPO WORKLOAD,2025-06-13,1.0,TEM-13
64076b2b4d5e4b44e233faf6,TEMPO WORKLOAD,2025-06-13,2.5,TEM-26
712020:5912aa5b-0476-4091-834a-994381177d1a,TEMPO WORKLOAD,2025-06-13,0.25,TEM-18
6310a8954fbe9c4bd0edf82a,TEMPO WORKLOAD,2025-06-13,0.5,TEM-19
5dbc42d12757660db6144b56,TEMPO WORKLOAD,2025-06-13,0.25,TEM-13
70121:272d7cde-e8e4-4a3f-9333-8e1247180871,TEMPO WORKLOAD,2025-06-13,1.25,TEM-18
712020:6b82bca4-7ae3-4417-b5b5-76024cf32617,TEMPO WORKLOAD,2025-06-13,1.0,TEM-22
712020:15482282-a769-4a4d-a4c2-0424a3a2e0d8,TEMPO WORKLOAD,2025-06-13,2.5,TEM-9
5eb2db0fa4c57d0b8b13eecb,TEMPO WORKLOAD,2025-06-13,2.0,TEM-28
6411cc617222b08f3e70f716,TEMPO WORKLOAD,2025-06-13,1.25,TEM-1
712020:5912aa5b-0476-4091-834a-994381177d1a,TEMPO WORKLOAD,2025-06-13,0.25,TEM-18
712020:34c5700f-f485-4468-b4d7-06a7a3e2942b,TEMPO WORKLOAD,2025-06-13,3.0,TEM-7
712020:a7ee73c4-a6b3-4a8b-b22b-97aa3edf3ff7,TEMPO WORKLOAD,2025-06-13,4.0,TEM-8
712020:91b42101-19bb-498d-9942-8850a5540c96,TEMPO WORKLOAD,2025-06-13,0.5,TEM-25
712020:5ee2f3fa-371b-4e6b-b912-594fc836bd92,TEMPO WORKLOAD,2025-06-13,4.0,TEM-30
712020:5912aa5b-0476-4091-834a-994381177d1a,TEMPO WORKLOAD,2025-06-13,0.25,TEM-18
6022a0ace7deee0069225fbd,TEMPO WORKLOAD,2025-06-13,1.0,TEM-14
6310a8954fbe9c4bd0edf82a,TEMPO WORKLOAD,2025-06-13,0.5,TEM-23
712020:3268e7ac-2411-4ef8-a85a-d619f040639c,TEMPO WORKLOAD,2025-06-13,0.5,TEM-25
5d6fae7bab129d0c306da857,TEMPO WORKLOAD,2025-06-13,1.0,TEM-13
712020:31918087-5a23-4883-b0d2-134f05828b32,TEMPO WORKLOAD,2025-06-13,1.0,TEM-14
712020:5912aa5b-0476-4091-834a-994381177d1a,TEMPO WORKLOAD,2025-06-13,0.25,TEM-18
6310a896316bbc56c4249184,TEMPO WORKLOAD,2025-06-13,0.5,TEM-13
712020:5912aa5b-0476-4091-834a-994381177d1a,TEMPO WORKLOAD,2025-06-13,0.5,TEM-18
6310a8954fbe9c4bd0edf82a,TEMPO WORKLOAD,2025-06-13,2.5,TEM-19
5c8132a6e6e3160b9b6fd44d,TEMPO WORKLOAD,2025-06-13,2.0,TEM-2
712020:3268e7ac-2411-4ef8-a85a-d619f040639c,TEMPO WORKLOAD,2025-06-13,0.5,TEM-25
712020:6b82bca4-7ae3-4417-b5b5-76024cf32617,TEMPO WORKLOAD,2025-06-13,1.25,TEM-22
6310a896316bbc56c4249184,TEMPO WORKLOAD,2025-06-13,0.75,TEM-10
712020:5912aa5b-0476-4091-834a-994381177d1a,TEMPO WORKLOAD,2025-06-13,0.5,TEM-18
6022a0ace7deee0069225fbd,TEMPO WORKLOAD,2025-06-13,0.5,TEM-14
712020:3268e7ac-2411-4ef8-a85a-d619f040639c,TEMPO WORKLOAD,2025-06-13,1.0,TEM-36
5d6fae7bab129d0c306da857,TEMPO WORKLOAD,2025-06-13,1.25,TEM-13
712020:31918087-5a23-4883-b0d2-134f05828b32,TEMPO WORKLOAD,2025-06-13,1.0,TEM-14
712020:51261fb6-b689-4617-8eae-46a70a19df7c,TEMPO WORKLOAD,2025-06-13,3.0,TEM-7
712020:e09a2eee-2fe3-41a8-8a9c-29acd2258249,TEMPO WORKLOAD,2025-06-13,2.75,TEM-8
607829da95f6fc006aab9e92,TEMPO WORKLOAD,2025-06-13,0.6666666666666666,TEM-19
712020:5912aa5b-0476-4091-834a-994381177d1a,TEMPO WORKLOAD,2025-06-13,1.0,TEM-1
6022a0ace7deee0069225fbd,TEMPO WORKLOAD,2025-06-13,0.5,TEM-14
63e1170728cddcc70773cbd6,TEMPO WORKLOAD,2025-06-13,0.5,TEM-14
6310a8976856bdd60a9eddae,TEMPO WORKLOAD,2025-06-13,0.5,TEM-14
712020:31918087-5a23-4883-b0d2-134f05828b32,TEMPO WORKLOAD,2025-06-13,0.5,TEM-14
6310a8963e578bb3b5feb9f3,TEMPO WORKLOAD,2025-06-13,0.5,TEM-13
712020:91b42101-19bb-498d-9942-8850a5540c96,TEMPO WORKLOAD,2025-06-13,2.0,TEM-25
712020:6b82bca4-7ae3-4417-b5b5-76024cf32617,TEMPO WORKLOAD,2025-06-13,1.0,TEM-22
6022a0ace7deee0069225fbd,TEMPO WORKLOAD,2025-06-13,0.5,TEM-13
63e1170728cddcc70773cbd6,TEMPO WORKLOAD,2025-06-13,2.0,TEM-14
5d6fae7bab129d0c306da857,TEMPO WORKLOAD,2025-06-13,0.75,TEM-13
712020:76b2ab6b-f08d-4fef-9ced-52ff15fad7a0,TEMPO WORKLOAD,2025-06-13,1.7,TEM-21
6022a0ace7deee0069225fbd,TEMPO WORKLOAD,2025-06-13,0.5,TEM-36
712020:3268e7ac-2411-4ef8-a85a-d619f040639c,TEMPO WORKLOAD,2025-06-13,0.5,TEM-36
6310a896316bbc56c4249184,TEMPO WORKLOAD,2025-06-13,0.5,TEM-13
5e751b85fad9000c325d9aae,TEMPO WORKLOAD,2025-06-13,6.0,TEM-8
5dbc42d12757660db6144b56,TEMPO WORKLOAD,2025-06-14,2.0,TEM-17
712020:1e3eed0c-846c-4ebd-bec7-51d04bbb59c0,TEMPO WORKLOAD,2025-06-14,2.0,TEM-30
5dbc42d12757660db6144b56,TEMPO WORKLOAD,2025-06-14,1.0,TEM-17
712020:f518f4e7-7314-45a9-a3ef-723ad3fd6d7f,TEMPO WORKLOAD,2025-06-14,2.5,TEM-7
5dbc42d12757660db6144b56,TEMPO WORKLOAD,2025-06-15,1.0,TEM-17
712020:f518f4e7-7314-45a9-a3ef-723ad3fd6d7f,TEMPO WORKLOAD,2025-06-16,6.75,TEM-7
712020:6c5881b3-26a9-4223-a18b-14414e7b9d3a,TEMPO WORKLOAD,2025-06-16,8.0,TEM-7
712020:267d13ec-de62-4d6f-95f6-db9acfb88e84,TEMPO WORKLOAD,2025-06-16,2.0,TEM-30
712020:ab3c5ef0-a515-47fc-9cdd-3b5d0c219224,TEMPO WORKLOAD,2025-06-17,8.0,TEM-9
6324d3f3ce3e476e42ae2595,TEMPO WORKLOAD,2025-06-17,0.5,TEM-18
712020:1e3eed0c-846c-4ebd-bec7-51d04bbb59c0,TEMPO WORKLOAD,2025-06-17,1.0,TEM-30
712020:34c5700f-f485-4468-b4d7-06a7a3e2942b,TEMPO WORKLOAD,2025-06-17,6.0,TEM-2
6411cc617222b08f3e70f716,TEMPO WORKLOAD,2025-06-17,0.25,TEM-18
6310a896316bbc56c4249184,TEMPO WORKLOAD,2025-06-17,0.5,TEM-13
5c8132a6e6e3160b9b6fd44d,TEMPO WORKLOAD,2025-06-17,0.5,TEM-13
613fb43fe6c39d00721944a0,TEMPO WORKLOAD,2025-06-17,1.0,TEM-13
62fbddc8bb0704a2a808bd57,TEMPO WORKLOAD,2025-06-17,8.0,TEM-5
62e433730b4bf7ad924bcbe5,TEMPO WORKLOAD,2025-06-17,8.0,TEM-7
557058:c310fa79-8a55-492f-a2fe-6e69a7d7c4eb,TEMPO WORKLOAD,2025-06-17,0.25,TEM-19
712020:db40572b-4fd3-49a2-b4c1-620d9be82a65,TEMPO WORKLOAD,2025-06-17,8.0,TEM-1
5eb2e91b96bbcb0b857bfa58,TEMPO WORKLOAD,2025-06-17,7.25,TEM-14
712020:f50b1e80-f1ef-440b-b954-716fbfdbc927,TEMPO WORKLOAD,2025-06-17,8.0,TEM-9
5f45400afdc3f5003fee080b,TEMPO WORKLOAD,2025-06-17,0.25,TEM-14
6310a8976856bdd60a9eddae,TEMPO WORKLOAD,2025-06-17,0.75,TEM-14
5e751b85fad9000c325d9aae,TEMPO WORKLOAD,2025-06-17,11.0,TEM-8
712020:d6bab2e1-1616-4bfb-83a4-2be2aebf31ed,TEMPO WORKLOAD,2025-06-17,6.0,TEM-8
5c5857d6036b380b84dc8212,TEMPO WORKLOAD,2025-06-17,0.5,TEM-31
712020:91b42101-19bb-498d-9942-8850a5540c96,TEMPO WORKLOAD,2025-06-17,6.0,TEM-25
712020:6ad83a3e-a1e9-43e6-a0a2-7931a513de7f,TEMPO WORKLOAD,2025-06-17,1.0,TEM-17
61ddc1dcf3037f0069656c13,TEMPO WORKLOAD,2025-06-17,0.25,TEM-18
61ddc1dcf3037f0069656c13,TEMPO WORKLOAD,2025-06-17,0.25,TEM-18
712020:39d78a45-5732-4153-afaa-dc9227f4dfe3,TEMPO WORKLOAD,2025-06-17,3.0,TEM-7
712020:d26e58e6-874b-4243-ac4e-1d4cb867a542,TEMPO WORKLOAD,2025-06-17,8.0,TEM-8
712020:02ccfc0c-5c0f-4e48-8f91-fb3bb584a2dc,TEMPO WORKLOAD,2025-06-17,8.0,TEM-7
6310a8963e578bb3b5feb9f3,TEMPO WORKLOAD,2025-06-17,0.5,TEM-13
64076b2b4d5e4b44e233faf6,TEMPO WORKLOAD,2025-06-17,1.0,TEM-26
712020:a3240ec7-ccb7-4e31-81ed-5338bd11acc2,TEMPO WORKLOAD,2025-06-17,3.0,TEM-8
607829da95f6fc006aab9e92,TEMPO WORKLOAD,2025-06-17,0.25,TEM-19
712020:1e3eed0c-846c-4ebd-bec7-51d04bbb59c0,TEMPO WORKLOAD,2025-06-17,1.5,TEM-30
712020:1e3eed0c-846c-4ebd-bec7-51d04bbb59c0,TEMPO WORKLOAD,2025-06-17,1.5,TEM-30
5dbc42d12757660db6144b56,TEMPO WORKLOAD,2025-06-17,8.0,TEM-2
6356e77976b91b62562d4fea,TEMPO WORKLOAD,2025-06-17,6.0,TEM-26
5c8bd79686c36970e812b609,TEMPO WORKLOAD,2025-06-17,4.0,TEM-9
712020:f5cdecd9-64db-4d5e-b4a2-c8f4b7201212,TEMPO WORKLOAD,2025-06-17,8.0,TEM-7
712020:00e94d7a-1f49-4891-bbf9-a2bf827bd258,TEMPO WORKLOAD,2025-06-17,6.0,TEM-9
63d916c4bf837c6893d6fbad,TEMPO WORKLOAD,2025-06-17,9.0,TEM-7
6299079acd636500697d4701,TEMPO WORKLOAD,2025-06-17,8.0,TEM-21
613fb383e057c6006a1ccade,TEMPO WORKLOAD,2025-06-17,8.0,TEM-8
70121:2c1e0513-4f21-4c96-adc1-8c318e30bc0e,TEMPO WORKLOAD,2025-06-17,3.0,TEM-7
70121:2c1e0513-4f21-4c96-adc1-8c318e30bc0e,TEMPO WORKLOAD,2025-06-17,3.0,TEM-8
712020:98295f35-86b1-4d23-a51b-30dbe7170d11,TEMPO WORKLOAD,2025-06-17,7.2,TEM-7
70121:716f3beb-9b1e-4b9c-bb75-d5716c9878b0,TEMPO WORKLOAD,2025-06-17,2.0,TEM-17
712020:15482282-a769-4a4d-a4c2-0424a3a2e0d8,TEMPO WORKLOAD,2025-06-17,2.0,TEM-8
605e40fd2f7d900070bce962,TEMPO WORKLOAD,2025-06-17,4.0,TEM-26
70121:e997c5d5-1d6e-4973-80cb-28bfe7343a3f,TEMPO WORKLOAD,2025-06-17,0.25,TEM-28
70121:2c1e0513-4f21-4c96-adc1-8c318e30bc0e,TEMPO WORKLOAD,2025-06-17,1.5,TEM-28
70121:2c1e0513-4f21-4c96-adc1-8c318e30bc0e,TEMPO WORKLOAD,2025-06-17,0.5,TEM-5
6411cc617222b08f3e70f716,TEMPO WORKLOAD,2025-06-17,3.0,TEM-18
557058:c310fa79-8a55-492f-a2fe-6e69a7d7c4eb,TEMPO WORKLOAD,2025-06-17,7.75,TEM-19
5dea6ce9b95b180d17cfc7df,TEMPO WORKLOAD,2025-06-17,1.5,TEM-28
5f45400afdc3f5003fee080b,TEMPO WORKLOAD,2025-06-17,0.5,TEM-13
607829da95f6fc006aab9e92,TEMPO WORKLOAD,2025-06-17,7.733333333333333,TEM-19
70121:e997c5d5-1d6e-4973-80cb-28bfe7343a3f,TEMPO WORKLOAD,2025-06-17,0.75,TEM-28
6310a896316bbc56c4249184,TEMPO WORKLOAD,2025-06-17,0.5,TEM-13
5c8132a6e6e3160b9b6fd44d,TEMPO WORKLOAD,2025-06-17,0.5,TEM-13
63600fdb1cc605b1fd177862,TEMPO WORKLOAD,2025-06-17,2.0,TEM-17
5c5857d6036b380b84dc8212,TEMPO WORKLOAD,2025-06-17,5.0,TEM-28
6310a8963e578bb3b5feb9f3,TEMPO WORKLOAD,2025-06-17,2.5,TEM-13
6324d3f3ce3e476e42ae2595,TEMPO WORKLOAD,2025-06-17,2.5,TEM-18
5f45400afdc3f5003fee080b,TEMPO WORKLOAD,2025-06-17,1.0,TEM-13
6310a8976856bdd60a9eddae,TEMPO WORKLOAD,2025-06-17,0.75,TEM-14
61ddc1dcf3037f0069656c13,TEMPO WORKLOAD,2025-06-17,1.0,TEM-24
61ddc1dcf3037f0069656c13,TEMPO WORKLOAD,2025-06-17,1.5,TEM-24
61ddc1dcf3037f0069656c13,TEMPO WORKLOAD,2025-06-17,1.5,TEM-24
61ddc1dcf3037f0069656c13,TEMPO WORKLOAD,2025-06-17,1.0,TEM-24
61ddc1dcf3037f0069656c13,TEMPO WORKLOAD,2025-06-17,0.25,TEM-24
712020:c2d6f64b-7c18-4b58-9189-57c8823f4f64,TEMPO WORKLOAD,2025-06-17,8.0,TEM-5
712020:11e8ce5a-06a7-43cf-9c5a-858eed6f0a07,TEMPO WORKLOAD,2025-06-17,8.0,TEM-5
613fb43fe6c39d00721944a0,TEMPO WORKLOAD,2025-06-17,3.0,TEM-36
6310a896316bbc56c4249184,TEMPO WORKLOAD,2025-06-17,1.0,TEM-13
5c8132a6e6e3160b9b6fd44d,TEMPO WORKLOAD,2025-06-17,1.0,TEM-13
712020:5912aa5b-0476-4091-834a-994381177d1a,TEMPO WORKLOAD,2025-06-17,0.25,TEM-18
5e0de9b99af3650e9e3ffc97,TEMPO WORKLOAD,2025-06-17,0.5,TEM-14
712020:3268e7ac-2411-4ef8-a85a-d619f040639c,TEMPO WORKLOAD,2025-06-17,4.0,TEM-36
712020:2fd5ca9e-c92c-426e-b141-c27cdf46a539,TEMPO WORKLOAD,2025-06-17,6.0,TEM-9
6022a0ace7deee0069225fbd,TEMPO WORKLOAD,2025-06-17,4.0,TEM-2
712020:5ee2f3fa-371b-4e6b-b912-594fc836bd92,TEMPO WORKLOAD,2025-06-17,4.0,TEM-30
712020:d8a16146-bc5b-4c61-9c5d-af3eaddace2b,TEMPO WORKLOAD,2025-06-17,8.0,TEM-5
712020:a7ee73c4-a6b3-4a8b-b22b-97aa3edf3ff7,TEMPO WORKLOAD,2025-06-17,4.0,TEM-8
5d6fae7bab129d0c306da857,TEMPO WORKLOAD,2025-06-17,1.0,TEM-13
712020:f518f4e7-7314-45a9-a3ef-723ad3fd6d7f,TEMPO WORKLOAD,2025-06-17,7.0,TEM-7
62fbd97aeec8d4a478d41a3b,TEMPO WORKLOAD,2025-06-17,8.0,TEM-17
637d1ac0f48fbd9b62d50fc3,TEMPO WORKLOAD,2025-06-17,8.0,TEM-1
712020:6ad83a3e-a1e9-43e6-a0a2-7931a513de7f,TEMPO WORKLOAD,2025-06-17,1.0,TEM-17
6310a898316bbc56c4249187,TEMPO WORKLOAD,2025-06-17,4.0,TEM-21
712020:6c5881b3-26a9-4223-a18b-14414e7b9d3a,TEMPO WORKLOAD,2025-06-17,8.0,TEM-7
712020:f71fff89-9283-4b8c-afc6-a4ccda67573c,TEMPO WORKLOAD,2025-06-17,8.0,TEM-9
5f03aab970b8a90025641824,TEMPO WORKLOAD,2025-06-17,6.0,TEM-26
63b6c257d3aeefa405443cf9,TEMPO WORKLOAD,2025-06-17,6.0,TEM-24
712020:11e8ce5a-06a7-43cf-9c5a-858eed6f0a07,TEMPO WORKLOAD,2025-06-17,8.0,TEM-5
712020:e09a2eee-2fe3-41a8-8a9c-29acd2258249,TEMPO WORKLOAD,2025-06-17,1.5,TEM-8
712020:31918087-5a23-4883-b0d2-134f05828b32,TEMPO WORKLOAD,2025-06-17,4.5,TEM-14
6310a8954fbe9c4bd0edf82a,TEMPO WORKLOAD,2025-06-17,0.5,TEM-19
712020:448afbe2-d875-40e8-9541-835a59cdf0a7,TEMPO WORKLOAD,2025-06-17,8.0,TEM-7
712020:d1c53603-3e65-4881-b493-a128394d565e,TEMPO WORKLOAD,2025-06-17,9.0,TEM-7
712020:76b2ab6b-f08d-4fef-9ced-52ff15fad7a0,TEMPO WORKLOAD,2025-06-17,0.31666666666666665,TEM-21
712020:5e29a15d-dadb-41b1-bd51-d65cb73a9a3e,TEMPO WORKLOAD,2025-06-17,9.0,TEM-9
70121:e997c5d5-1d6e-4973-80cb-28bfe7343a3f,TEMPO WORKLOAD,2025-06-17,0.25,TEM-15
712020:5912aa5b-0476-4091-834a-994381177d1a,TEMPO WORKLOAD,2025-06-17,0.75,TEM-18
70121:e997c5d5-1d6e-4973-80cb-28bfe7343a3f,TEMPO WORKLOAD,2025-06-17,2.5,TEM-15
712020:76b2ab6b-f08d-4fef-9ced-52ff15fad7a0,TEMPO WORKLOAD,2025-06-17,1.65,TEM-21
5e0de9b99af3650e9e3ffc97,TEMPO WORKLOAD,2025-06-17,2.0,TEM-14
6310a8976856bdd60a9eddae,TEMPO WORKLOAD,2025-06-17,0.5,TEM-14
712020:6b82bca4-7ae3-4417-b5b5-76024cf32617,TEMPO WORKLOAD,2025-06-17,0.5,TEM-22
6310a8954fbe9c4bd0edf82a,TEMPO WORKLOAD,2025-06-17,0.25,TEM-19
5eb2db0fa4c57d0b8b13eecb,TEMPO WORKLOAD,2025-06-17,2.0,TEM-28
5eb2db0fa4c57d0b8b13eecb,TEMPO WORKLOAD,2025-06-17,2.0,TEM-28
5eb2db0fa4c57d0b8b13eecb,TEMPO WORKLOAD,2025-06-17,2.0,TEM-28
5eb2db0fa4c57d0b8b13eecb,TEMPO WORKLOAD,2025-06-17,2.0,TEM-28
5f45400afdc3f5003fee080b,TEMPO WORKLOAD,2025-06-17,3.25,TEM-14
712020:05c80f08-99ab-4608-9ac1-8c3c43fbef01,TEMPO WORKLOAD,2025-06-17,0.5,TEM-25
70121:272d7cde-e8e4-4a3f-9333-8e1247180871,TEMPO WORKLOAD,2025-06-17,1.0,TEM-18
6310a8954fbe9c4bd0edf82a,TEMPO WORKLOAD,2025-06-17,7.25,TEM-19
5f4d8530d0884f00492507dd,TEMPO WORKLOAD,2025-06-17,2.0,TEM-26
6310a896316bbc56c4249184,TEMPO WORKLOAD,2025-06-17,2.0,TEM-13
5c8132a6e6e3160b9b6fd44d,TEMPO WORKLOAD,2025-06-17,2.0,TEM-13
712020:51261fb6-b689-4617-8eae-46a70a19df7c,TEMPO WORKLOAD,2025-06-17,7.5,TEM-7
5dea6ce9b95b180d17cfc7df,TEMPO WORKLOAD,2025-06-17,2.0,TEM-28
5d6fae7bab129d0c306da857,TEMPO WORKLOAD,2025-06-17,1.0,TEM-13
6310a8976856bdd60a9eddae,TEMPO WORKLOAD,2025-06-17,4.5,TEM-14
63e1170728cddcc70773cbd6,TEMPO WORKLOAD,2025-06-17,8.0,TEM-14
712020:6ad83a3e-a1e9-43e6-a0a2-7931a513de7f,TEMPO WORKLOAD,2025-06-17,1.0,TEM-17
712020:c24d4628-d885-44d1-8ec8-dd76d416436a,TEMPO WORKLOAD,2025-06-17,6.0,TEM-26
712020:6b82bca4-7ae3-4417-b5b5-76024cf32617,TEMPO WORKLOAD,2025-06-17,2.0,TEM-22
636e3660c383ad842147234a,TEMPO WORKLOAD,2025-06-17,2.5,TEM-26
712020:460f9b37-2b1d-4960-8575-5dc964940e8f,TEMPO WORKLOAD,2025-06-17,1.5,TEM-26
712020:15482282-a769-4a4d-a4c2-0424a3a2e0d8,TEMPO WORKLOAD,2025-06-17,3.0,TEM-9
712020:5912aa5b-0476-4091-834a-994381177d1a,TEMPO WORKLOAD,2025-06-17,1.0,TEM-1
6324d3f3ce3e476e42ae2595,TEMPO WORKLOAD,2025-06-17,5.0,TEM-18
712020:05c80f08-99ab-4608-9ac1-8c3c43fbef01,TEMPO WORKLOAD,2025-06-17,8.0,TEM-17
712020:e09a2eee-2fe3-41a8-8a9c-29acd2258249,TEMPO WORKLOAD,2025-06-17,0.25,TEM-8
63600fdb1cc605b1fd177862,TEMPO WORKLOAD,2025-06-17,1.0,TEM-28
712020:e09a2eee-2fe3-41a8-8a9c-29acd2258249,TEMPO WORKLOAD,2025-06-17,2.25,TEM-8
712020:76b2ab6b-f08d-4fef-9ced-52ff15fad7a0,TEMPO WORKLOAD,2025-06-17,6.033333333333333,TEM-21
712020:5912aa5b-0476-4091-834a-994381177d1a,TEMPO WORKLOAD,2025-06-17,0.25,TEM-18
712020:6ad83a3e-a1e9-43e6-a0a2-7931a513de7f,TEMPO WORKLOAD,2025-06-17,1.0,TEM-17
712020:39d78a45-5732-4153-afaa-dc9227f4dfe3,TEMPO WORKLOAD,2025-06-17,2.0,TEM-8
70121:272d7cde-e8e4-4a3f-9333-8e1247180871,TEMPO WORKLOAD,2025-06-17,0.5,TEM-18
712020:a3240ec7-ccb7-4e31-81ed-5338bd11acc2,TEMPO WORKLOAD,2025-06-17,5.0,TEM-8
6310a8963e578bb3b5feb9f3,TEMPO WORKLOAD,2025-06-17,5.0,TEM-13
6411cc617222b08f3e70f716,TEMPO WORKLOAD,2025-06-17,0.5,TEM-18
712020:5912aa5b-0476-4091-834a-994381177d1a,TEMPO WORKLOAD,2025-06-17,0.5,TEM-1
5e0de9b99af3650e9e3ffc97,TEMPO WORKLOAD,2025-06-17,2.5,TEM-14
5d6fae7bab129d0c306da857,TEMPO WORKLOAD,2025-06-17,0.5,TEM-13
70121:272d7cde-e8e4-4a3f-9333-8e1247180871,TEMPO WORKLOAD,2025-06-17,2.5,TEM-18
63600fdb1cc605b1fd177862,TEMPO WORKLOAD,2025-06-17,2.0,TEM-17
6411cc617222b08f3e70f716,TEMPO WORKLOAD,2025-06-17,0.5,TEM-18
712020:5912aa5b-0476-4091-834a-994381177d1a,TEMPO WORKLOAD,2025-06-17,0.5,TEM-18
70121:e997c5d5-1d6e-4973-80cb-28bfe7343a3f,TEMPO WORKLOAD,2025-06-17,0.75,TEM-28
613fb43fe6c39d00721944a0,TEMPO WORKLOAD,2025-06-17,4.0,TEM-36
6310a896316bbc56c4249184,TEMPO WORKLOAD,2025-06-17,2.0,TEM-13
5c8132a6e6e3160b9b6fd44d,TEMPO WORKLOAD,2025-06-17,2.0,TEM-13
712020:6b82bca4-7ae3-4417-b5b5-76024cf32617,TEMPO WORKLOAD,2025-06-17,1.5,TEM-22
5c8bd79686c36970e812b609,TEMPO WORKLOAD,2025-06-17,4.0,TEM-7
6411cc617222b08f3e70f716,TEMPO WORKLOAD,2025-06-17,0.25,TEM-18
5dea6ce9b95b180d17cfc7df,TEMPO WORKLOAD,2025-06-17,3.0,TEM-28
712020:5912aa5b-0476-4091-834a-994381177d1a,TEMPO WORKLOAD,2025-06-17,1.25,TEM-1
6411cc617222b08f3e70f716,TEMPO WORKLOAD,2025-06-17,1.0,TEM-18
5c5857d6036b380b84dc8212,TEMPO WORKLOAD,2025-06-17,1.0,TEM-28
5c5857d6036b380b84dc8212,TEMPO WORKLOAD,2025-06-17,0.5,TEM-28
5d6fae7bab129d0c306da857,TEMPO WORKLOAD,2025-06-17,0.5,TEM-13
70121:e997c5d5-1d6e-4973-80cb-28bfe7343a3f,TEMPO WORKLOAD,2025-06-17,1.0,TEM-15
5d6fae7bab129d0c306da857,TEMPO WORKLOAD,2025-06-17,1.0,TEM-13
5f45400afdc3f5003fee080b,TEMPO WORKLOAD,2025-06-17,2.0,TEM-14
712020:39d78a45-5732-4153-afaa-dc9227f4dfe3,TEMPO WORKLOAD,2025-06-17,3.0,TEM-9
712020:15482282-a769-4a4d-a4c2-0424a3a2e0d8,TEMPO WORKLOAD,2025-06-17,3.0,TEM-7
712020:5912aa5b-0476-4091-834a-994381177d1a,TEMPO WORKLOAD,2025-06-17,1.0,TEM-18
6411cc617222b08f3e70f716,TEMPO WORKLOAD,2025-06-17,0.5,TEM-18
63600fdb1cc605b1fd177862,TEMPO WORKLOAD,2025-06-17,2.0,TEM-28
6411cc617222b08f3e70f716,TEMPO WORKLOAD,2025-06-17,0.5,TEM-18
712020:3268e7ac-2411-4ef8-a85a-d619f040639c,TEMPO WORKLOAD,2025-06-17,0.5,TEM-25
5e0de9b99af3650e9e3ffc97,TEMPO WORKLOAD,2025-06-17,0.5,TEM-14
712020:5ee2f3fa-371b-4e6b-b912-594fc836bd92,TEMPO WORKLOAD,2025-06-17,4.0,TEM-30
712020:a7ee73c4-a6b3-4a8b-b22b-97aa3edf3ff7,TEMPO WORKLOAD,2025-06-17,4.0,TEM-8
6310a896316bbc56c4249184,TEMPO WORKLOAD,2025-06-17,1.0,TEM-13
5c8132a6e6e3160b9b6fd44d,TEMPO WORKLOAD,2025-06-17,1.0,TEM-13
712020:91b42101-19bb-498d-9942-8850a5540c96,TEMPO WORKLOAD,2025-06-17,0.5,TEM-25
70121:716f3beb-9b1e-4b9c-bb75-d5716c9878b0,TEMPO WORKLOAD,2025-06-17,2.0,TEM-17
712020:6b82bca4-7ae3-4417-b5b5-76024cf32617,TEMPO WORKLOAD,2025-06-17,0.5,TEM-22
712020:e09a2eee-2fe3-41a8-8a9c-29acd2258249,TEMPO WORKLOAD,2025-06-17,1.0,TEM-8
712020:31918087-5a23-4883-b0d2-134f05828b32,TEMPO WORKLOAD,2025-06-17,3.0,TEM-14
5d6fae7bab129d0c306da857,TEMPO WORKLOAD,2025-06-17,3.0,TEM-13
6411cc617222b08f3e70f716,TEMPO WORKLOAD,2025-06-17,1.5,TEM-1
712020:3268e7ac-2411-4ef8-a85a-d619f040639c,TEMPO WORKLOAD,2025-06-17,0.5,TEM-25
5e0de9b99af3650e9e3ffc97,TEMPO WORKLOAD,2025-06-17,0.5,TEM-14
712020:5912aa5b-0476-4091-834a-994381177d1a,TEMPO WORKLOAD,2025-06-17,0.5,TEM-18
6310a8976856bdd60a9eddae,TEMPO WORKLOAD,2025-06-17,0.5,TEM-14
712020:6b82bca4-7ae3-4417-b5b5-76024cf32617,TEMPO WORKLOAD,2025-06-17,3.5,TEM-22
712020:3268e7ac-2411-4ef8-a85a-d619f040639c,TEMPO WORKLOAD,2025-06-17,3.0,TEM-36
5e0de9b99af3650e9e3ffc97,TEMPO WORKLOAD,2025-06-17,0.6666666666666666,TEM-14
6022a0ace7deee0069225fbd,TEMPO WORKLOAD,2025-06-17,1.0,TEM-13
5f45400afdc3f5003fee080b,TEMPO WORKLOAD,2025-06-17,1.0,TEM-13
6310a8976856bdd60a9eddae,TEMPO WORKLOAD,2025-06-17,0.5,TEM-14
712020:e09a2eee-2fe3-41a8-8a9c-29acd2258249,TEMPO WORKLOAD,2025-06-17,3.0,TEM-8
712020:31918087-5a23-4883-b0d2-134f05828b32,TEMPO WORKLOAD,2025-06-17,0.5,TEM-14
5dea6ce9b95b180d17cfc7df,TEMPO WORKLOAD,2025-06-17,0.5,TEM-28
712020:91b42101-19bb-498d-9942-8850a5540c96,TEMPO WORKLOAD,2025-06-17,2.0,TEM-25
6310a8976856bdd60a9eddae,TEMPO WORKLOAD,2025-06-17,0.5,TEM-14
64076b2b4d5e4b44e233faf6,TEMPO WORKLOAD,2025-06-17,1.0,TEM-26
636e3660c383ad842147234a,TEMPO WORKLOAD,2025-06-17,1.5,TEM-26
712020:460f9b37-2b1d-4960-8575-5dc964940e8f,TEMPO WORKLOAD,2025-06-17,0.5,TEM-26
63600fdb1cc605b1fd177862,TEMPO WORKLOAD,2025-06-17,1.0,TEM-6
5e0de9b99af3650e9e3ffc97,TEMPO WORKLOAD,2025-06-17,0.5,TEM-14
6022a0ace7deee0069225fbd,TEMPO WORKLOAD,2025-06-17,1.0,TEM-36
5dea6ce9b95b180d17cfc7df,TEMPO WORKLOAD,2025-06-17,1.0,TEM-15
5e0de9b99af3650e9e3ffc97,TEMPO WORKLOAD,2025-06-17,0.8333333333333334,TEM-14
6310a896316bbc56c4249184,TEMPO WORKLOAD,2025-06-17,0.5,TEM-13
6022a0ace7deee0069225fbd,TEMPO WORKLOAD,2025-06-17,1.0,TEM-14
712020:76b2ab6b-f08d-4fef-9ced-52ff15fad7a0,TEMPO WORKLOAD,2025-06-17,2.0166666666666666,TEM-27
6310a896316bbc56c4249184,TEMPO WORKLOAD,2025-06-17,0.5,TEM-13
6310a896316bbc56c4249184,TEMPO WORKLOAD,2025-06-17,0.25,TEM-10
5eb2db0fa4c57d0b8b13eecb,TEMPO WORKLOAD,2025-06-18,2.0,TEM-28
5eb2db0fa4c57d0b8b13eecb,TEMPO WORKLOAD,2025-06-18,2.0,TEM-28
62fbddc8bb0704a2a808bd57,TEMPO WORKLOAD,2025-06-18,8.0,TEM-5
62e433730b4bf7ad924bcbe5,TEMPO WORKLOAD,2025-06-18,8.0,TEM-7
6411cc617222b08f3e70f716,TEMPO WORKLOAD,2025-06-18,3.5,TEM-6
6310a896316bbc56c4249184,TEMPO WORKLOAD,2025-06-18,0.25,TEM-10
613fb43fe6c39d00721944a0,TEMPO WORKLOAD,2025-06-18,1.0,TEM-36
5f45400afdc3f5003fee080b,TEMPO WORKLOAD,2025-06-18,1.0,TEM-13
5c8132a6e6e3160b9b6fd44d,TEMPO WORKLOAD,2025-06-18,2.0,TEM-13
5eb2e91b96bbcb0b857bfa58,TEMPO WORKLOAD,2025-06-18,2.75,TEM-14
5eb2e91b96bbcb0b857bfa58,TEMPO WORKLOAD,2025-06-18,4.5,TEM-14
712020:db40572b-4fd3-49a2-b4c1-620d9be82a65,TEMPO WORKLOAD,2025-06-18,8.0,TEM-1
5e751b85fad9000c325d9aae,TEMPO WORKLOAD,2025-06-18,7.0,TEM-8
6324d3f3ce3e476e42ae2595,TEMPO WORKLOAD,2025-06-18,1.5,TEM-6
712020:d6bab2e1-1616-4bfb-83a4-2be2aebf31ed,TEMPO WORKLOAD,2025-06-18,6.0,TEM-8
5c5857d6036b380b84dc8212,TEMPO WORKLOAD,2025-06-18,0.5,TEM-31
712020:6ad83a3e-a1e9-43e6-a0a2-7931a513de7f,TEMPO WORKLOAD,2025-06-18,1.0,TEM-17
712020:6ad83a3e-a1e9-43e6-a0a2-7931a513de7f,TEMPO WORKLOAD,2025-06-18,1.0,TEM-17
61ddc1dcf3037f0069656c13,TEMPO WORKLOAD,2025-06-18,0.5,TEM-18
712020:39d78a45-5732-4153-afaa-dc9227f4dfe3,TEMPO WORKLOAD,2025-06-18,3.0,TEM-7
6310a8976856bdd60a9eddae,TEMPO WORKLOAD,2025-06-18,4.0,TEM-14
712020:d26e58e6-874b-4243-ac4e-1d4cb867a542,TEMPO WORKLOAD,2025-06-18,8.0,TEM-8
712020:02ccfc0c-5c0f-4e48-8f91-fb3bb584a2dc,TEMPO WORKLOAD,2025-06-18,8.0,TEM-7
70121:716f3beb-9b1e-4b9c-bb75-d5716c9878b0,TEMPO WORKLOAD,2025-06-18,3.0,TEM-17
6310a8963e578bb3b5feb9f3,TEMPO WORKLOAD,2025-06-18,0.5,TEM-13
64076b2b4d5e4b44e233faf6,TEMPO WORKLOAD,2025-06-18,6.0,TEM-15
712020:a3240ec7-ccb7-4e31-81ed-5338bd11acc2,TEMPO WORKLOAD,2025-06-18,3.0,TEM-8
607829da95f6fc006aab9e92,TEMPO WORKLOAD,2025-06-18,0.25,TEM-19
712020:1e3eed0c-846c-4ebd-bec7-51d04bbb59c0,TEMPO WORKLOAD,2025-06-18,1.5,TEM-30
712020:1e3eed0c-846c-4ebd-bec7-51d04bbb59c0,TEMPO WORKLOAD,2025-06-18,1.5,TEM-30
712020:ab3c5ef0-a515-47fc-9cdd-3b5d0c219224,TEMPO WORKLOAD,2025-06-18,8.0,TEM-9
557058:c310fa79-8a55-492f-a2fe-6e69a7d7c4eb,TEMPO WORKLOAD,2025-06-18,0.25,TEM-19
5dbc42d12757660db6144b56,TEMPO WORKLOAD,2025-06-18,1.0,TEM-17
6356e77976b91b62562d4fea,TEMPO WORKLOAD,2025-06-18,6.0,TEM-26
5c8bd79686c36970e812b609,TEMPO WORKLOAD,2025-06-18,4.0,TEM-9
712020:f5cdecd9-64db-4d5e-b4a2-c8f4b7201212,TEMPO WORKLOAD,2025-06-18,8.0,TEM-7
712020:f50b1e80-f1ef-440b-b954-716fbfdbc927,TEMPO WORKLOAD,2025-06-18,8.0,TEM-9
712020:00e94d7a-1f49-4891-bbf9-a2bf827bd258,TEMPO WORKLOAD,2025-06-18,6.0,TEM-9
63d916c4bf837c6893d6fbad,TEMPO WORKLOAD,2025-06-18,10.0,TEM-7
6299079acd636500697d4701,TEMPO WORKLOAD,2025-06-18,8.0,TEM-21
613fb383e057c6006a1ccade,TEMPO WORKLOAD,2025-06-18,8.0,TEM-8
70121:2c1e0513-4f21-4c96-adc1-8c318e30bc0e,TEMPO WORKLOAD,2025-06-18,3.0,TEM-7
70121:2c1e0513-4f21-4c96-adc1-8c318e30bc0e,TEMPO WORKLOAD,2025-06-18,3.0,TEM-8
712020:98295f35-86b1-4d23-a51b-30dbe7170d11,TEMPO WORKLOAD,2025-06-18,7.2,TEM-7
712020:31918087-5a23-4883-b0d2-134f05828b32,TEMPO WORKLOAD,2025-06-18,5.0,TEM-14
712020:15482282-a769-4a4d-a4c2-0424a3a2e0d8,TEMPO WORKLOAD,2025-06-18,2.0,TEM-8
605e40fd2f7d900070bce962,TEMPO WORKLOAD,2025-06-18,0.25,TEM-26
70121:e997c5d5-1d6e-4973-80cb-28bfe7343a3f,TEMPO WORKLOAD,2025-06-18,0.08333333333333333,TEM-28
70121:2c1e0513-4f21-4c96-adc1-8c318e30bc0e,TEMPO WORKLOAD,2025-06-18,1.5,TEM-28
70121:2c1e0513-4f21-4c96-adc1-8c318e30bc0e,TEMPO WORKLOAD,2025-06-18,0.5,TEM-5
70121:e997c5d5-1d6e-4973-80cb-28bfe7343a3f,TEMPO WORKLOAD,2025-06-18,0.25,TEM-28
6310a896316bbc56c4249184,TEMPO WORKLOAD,2025-06-18,0.5,TEM-13
607829da95f6fc006aab9e92,TEMPO WORKLOAD,2025-06-18,7.383333333333334,TEM-19
557058:c310fa79-8a55-492f-a2fe-6e69a7d7c4eb,TEMPO WORKLOAD,2025-06-18,7.75,TEM-19
605e40fd2f7d900070bce962,TEMPO WORKLOAD,2025-06-18,0.75,TEM-26
70121:e997c5d5-1d6e-4973-80cb-28bfe7343a3f,TEMPO WORKLOAD,2025-06-18,4.0,TEM-15
712020:3268e7ac-2411-4ef8-a85a-d619f040639c,TEMPO WORKLOAD,2025-06-18,2.0,TEM-36
5c5857d6036b380b84dc8212,TEMPO WORKLOAD,2025-06-18,3.5,TEM-28
5dea6ce9b95b180d17cfc7df,TEMPO WORKLOAD,2025-06-18,2.5,TEM-28
712020:91b42101-19bb-498d-9942-8850a5540c96,TEMPO WORKLOAD,2025-06-18,3.0,TEM-25
6310a8963e578bb3b5feb9f3,TEMPO WORKLOAD,2025-06-18,1.0,TEM-13
6310a896316bbc56c4249184,TEMPO WORKLOAD,2025-06-18,2.0,TEM-13
61ddc1dcf3037f0069656c13,TEMPO WORKLOAD,2025-06-18,0.5,TEM-24
61ddc1dcf3037f0069656c13,TEMPO WORKLOAD,2025-06-18,0.5,TEM-24
61ddc1dcf3037f0069656c13,TEMPO WORKLOAD,2025-06-18,0.5,TEM-24
61ddc1dcf3037f0069656c13,TEMPO WORKLOAD,2025-06-18,4.0,TEM-24
6310a898316bbc56c4249187,TEMPO WORKLOAD,2025-06-18,4.5,TEM-21
712020:5ee2f3fa-371b-4e6b-b912-594fc836bd92,TEMPO WORKLOAD,2025-06-18,4.0,TEM-30
712020:c2d6f64b-7c18-4b58-9189-57c8823f4f64,TEMPO WORKLOAD,2025-06-18,8.0,TEM-5
5f45400afdc3f5003fee080b,TEMPO WORKLOAD,2025-06-18,0.5,TEM-14
5d6fae7bab129d0c306da857,TEMPO WORKLOAD,2025-06-18,0.5,TEM-13
712020:f71fff89-9283-4b8c-afc6-a4ccda67573c,TEMPO WORKLOAD,2025-06-18,7.0,TEM-9
712020:f518f4e7-7314-45a9-a3ef-723ad3fd6d7f,TEMPO WORKLOAD,2025-06-18,6.5,TEM-7
712020:a7ee73c4-a6b3-4a8b-b22b-97aa3edf3ff7,TEMPO WORKLOAD,2025-06-18,4.0,TEM-8
62fbd97aeec8d4a478d41a3b,TEMPO WORKLOAD,2025-06-18,4.0,TEM-17
637d1ac0f48fbd9b62d50fc3,TEMPO WORKLOAD,2025-06-18,8.0,TEM-8
712020:6ad83a3e-a1e9-43e6-a0a2-7931a513de7f,TEMPO WORKLOAD,2025-06-18,1.0,TEM-17
712020:6c5881b3-26a9-4223-a18b-14414e7b9d3a,TEMPO WORKLOAD,2025-06-18,8.0,TEM-7
5e0de9b99af3650e9e3ffc97,TEMPO WORKLOAD,2025-06-18,0.6666666666666666,TEM-14
613fb43fe6c39d00721944a0,TEMPO WORKLOAD,2025-06-18,7.0,TEM-36
5f03aab970b8a90025641824,TEMPO WORKLOAD,2025-06-18,3.0,TEM-15
5dbc42d12757660db6144b56,TEMPO WORKLOAD,2025-06-18,1.0,TEM-13
63b6c257d3aeefa405443cf9,TEMPO WORKLOAD,2025-06-18,6.0,TEM-24
712020:11e8ce5a-06a7-43cf-9c5a-858eed6f0a07,TEMPO WORKLOAD,2025-06-18,8.0,TEM-5
712020:e09a2eee-2fe3-41a8-8a9c-29acd2258249,TEMPO WORKLOAD,2025-06-18,1.5,TEM-8
63600fdb1cc605b1fd177862,TEMPO WORKLOAD,2025-06-18,3.0,TEM-17
712020:d8a16146-bc5b-4c61-9c5d-af3eaddace2b,TEMPO WORKLOAD,2025-06-18,8.0,TEM-5
6310a8954fbe9c4bd0edf82a,TEMPO WORKLOAD,2025-06-18,0.5,TEM-19
712020:448afbe2-d875-40e8-9541-835a59cdf0a7,TEMPO WORKLOAD,2025-06-18,8.0,TEM-7
712020:d1c53603-3e65-4881-b493-a128394d565e,TEMPO WORKLOAD,2025-06-18,9.0,TEM-7
712020:76b2ab6b-f08d-4fef-9ced-52ff15fad7a0,TEMPO WORKLOAD,2025-06-18,1.6333333333333333,TEM-21
712020:5e29a15d-dadb-41b1-bd51-d65cb73a9a3e,TEMPO WORKLOAD,2025-06-18,9.0,TEM-9
712020:2fd5ca9e-c92c-426e-b141-c27cdf46a539,TEMPO WORKLOAD,2025-06-18,6.0,TEM-9
605e40fd2f7d900070bce962,TEMPO WORKLOAD,2025-06-18,1.0,TEM-26
5f45400afdc3f5003fee080b,TEMPO WORKLOAD,2025-06-18,4.5,TEM-14
6324d3f3ce3e476e42ae2595,TEMPO WORKLOAD,2025-06-18,4.5,TEM-18
70121:716f3beb-9b1e-4b9c-bb75-d5716c9878b0,TEMPO WORKLOAD,2025-06-18,1.5,TEM-17
712020:6b82bca4-7ae3-4417-b5b5-76024cf32617,TEMPO WORKLOAD,2025-06-18,0.5,TEM-22
6310a8963e578bb3b5feb9f3,TEMPO WORKLOAD,2025-06-18,6.5,TEM-13
6310a8954fbe9c4bd0edf82a,TEMPO WORKLOAD,2025-06-18,0.25,TEM-19
712020:5912aa5b-0476-4091-834a-994381177d1a,TEMPO WORKLOAD,2025-06-18,1.5,TEM-18
5e0de9b99af3650e9e3ffc97,TEMPO WORKLOAD,2025-06-18,3.0,TEM-14
712020:05c80f08-99ab-4608-9ac1-8c3c43fbef01,TEMPO WORKLOAD,2025-06-18,0.5,TEM-25
6310a8954fbe9c4bd0edf82a,TEMPO WORKLOAD,2025-06-18,7.25,TEM-19
63e1170728cddcc70773cbd6,TEMPO WORKLOAD,2025-06-18,8.0,TEM-14
712020:6ad83a3e-a1e9-43e6-a0a2-7931a513de7f,TEMPO WORKLOAD,2025-06-18,2.0,TEM-17
712020:6b82bca4-7ae3-4417-b5b5-76024cf32617,TEMPO WORKLOAD,2025-06-18,2.0,TEM-22
712020:c24d4628-d885-44d1-8ec8-dd76d416436a,TEMPO WORKLOAD,2025-06-18,6.0,TEM-26
636e3660c383ad842147234a,TEMPO WORKLOAD,2025-06-18,4.0,TEM-26
712020:460f9b37-2b1d-4960-8575-5dc964940e8f,TEMPO WORKLOAD,2025-06-18,4.0,TEM-26
5dbc42d12757660db6144b56,TEMPO WORKLOAD,2025-06-18,1.0,TEM-36
712020:15482282-a769-4a4d-a4c2-0424a3a2e0d8,TEMPO WORKLOAD,2025-06-18,3.0,TEM-9
605e40fd2f7d900070bce962,TEMPO WORKLOAD,2025-06-18,1.0,TEM-26
5eb2db0fa4c57d0b8b13eecb,TEMPO WORKLOAD,2025-06-18,1.0,TEM-28
6022a0ace7deee0069225fbd,TEMPO WORKLOAD,2025-06-18,1.0,TEM-13
5c8132a6e6e3160b9b6fd44d,TEMPO WORKLOAD,2025-06-18,2.0,TEM-13
5d6fae7bab129d0c306da857,TEMPO WORKLOAD,2025-06-18,2.0,TEM-13
712020:05c80f08-99ab-4608-9ac1-8c3c43fbef01,TEMPO WORKLOAD,2025-06-18,8.0,TEM-17
712020:3268e7ac-2411-4ef8-a85a-d619f040639c,TEMPO WORKLOAD,2025-06-18,0.5,TEM-36
712020:e09a2eee-2fe3-41a8-8a9c-29acd2258249,TEMPO WORKLOAD,2025-06-18,0.25,TEM-8
712020:1e3eed0c-846c-4ebd-bec7-51d04bbb59c0,TEMPO WORKLOAD,2025-06-18,0.5,TEM-30
712020:76b2ab6b-f08d-4fef-9ced-52ff15fad7a0,TEMPO WORKLOAD,2025-06-18,2.65,TEM-21
6310a896316bbc56c4249184,TEMPO WORKLOAD,2025-06-18,1.0,TEM-13
70121:272d7cde-e8e4-4a3f-9333-8e1247180871,TEMPO WORKLOAD,2025-06-18,0.5,TEM-18
712020:e09a2eee-2fe3-41a8-8a9c-29acd2258249,TEMPO WORKLOAD,2025-06-18,2.25,TEM-8
712020:5912aa5b-0476-4091-834a-994381177d1a,TEMPO WORKLOAD,2025-06-18,0.5,TEM-18
5dea6ce9b95b180d17cfc7df,TEMPO WORKLOAD,2025-06-18,1.0,TEM-15
712020:3268e7ac-2411-4ef8-a85a-d619f040639c,TEMPO WORKLOAD,2025-06-18,2.0,TEM-36
712020:39d78a45-5732-4153-afaa-dc9227f4dfe3,TEMPO WORKLOAD,2025-06-18,2.0,TEM-8
712020:51261fb6-b689-4617-8eae-46a70a19df7c,TEMPO WORKLOAD,2025-06-18,6.0,TEM-7
712020:a3240ec7-ccb7-4e31-81ed-5338bd11acc2,TEMPO WORKLOAD,2025-06-18,5.0,TEM-8
5dbc42d12757660db6144b56,TEMPO WORKLOAD,2025-06-18,1.0,TEM-28
5eb2db0fa4c57d0b8b13eecb,TEMPO WORKLOAD,2025-06-18,1.0,TEM-6
70121:272d7cde-e8e4-4a3f-9333-8e1247180871,TEMPO WORKLOAD,2025-06-18,0.5,TEM-18
6411cc617222b08f3e70f716,TEMPO WORKLOAD,2025-06-18,0.25,TEM-18
6022a0ace7deee0069225fbd,TEMPO WORKLOAD,2025-06-18,0.5,TEM-36
712020:91b42101-19bb-498d-9942-8850a5540c96,TEMPO WORKLOAD,2025-06-18,2.5,TEM-25
712020:5912aa5b-0476-4091-834a-994381177d1a,TEMPO WORKLOAD,2025-06-18,3.5,TEM-1
712020:1e3eed0c-846c-4ebd-bec7-51d04bbb59c0,TEMPO WORKLOAD,2025-06-18,0.5,TEM-30
6411cc617222b08f3e70f716,TEMPO WORKLOAD,2025-06-18,0.5,TEM-18
6310a896316bbc56c4249184,TEMPO WORKLOAD,2025-06-18,2.0,TEM-13
70121:272d7cde-e8e4-4a3f-9333-8e1247180871,TEMPO WORKLOAD,2025-06-18,3.0,TEM-18
5dea6ce9b95b180d17cfc7df,TEMPO WORKLOAD,2025-06-18,0.25,TEM-26
712020:6ad83a3e-a1e9-43e6-a0a2-7931a513de7f,TEMPO WORKLOAD,2025-06-18,0.5,TEM-17
6310a8976856bdd60a9eddae,TEMPO WORKLOAD,2025-06-18,2.0,TEM-14
712020:6b82bca4-7ae3-4417-b5b5-76024cf32617,TEMPO WORKLOAD,2025-06-18,1.5,TEM-22
5f03aab970b8a90025641824,TEMPO WORKLOAD,2025-06-18,0.25,TEM-26
5dbc42d12757660db6144b56,TEMPO WORKLOAD,2025-06-18,1.5,TEM-13
5c8bd79686c36970e812b609,TEMPO WORKLOAD,2025-06-18,4.0,TEM-7
63600fdb1cc605b1fd177862,TEMPO WORKLOAD,2025-06-18,2.0,TEM-17
5eb2db0fa4c57d0b8b13eecb,TEMPO WORKLOAD,2025-06-18,1.0,TEM-18
6411cc617222b08f3e70f716,TEMPO WORKLOAD,2025-06-18,0.5,TEM-6
5dea6ce9b95b180d17cfc7df,TEMPO WORKLOAD,2025-06-18,1.0,TEM-15
5f03aab970b8a90025641824,TEMPO WORKLOAD,2025-06-18,2.75,TEM-15
6324d3f3ce3e476e42ae2595,TEMPO WORKLOAD,2025-06-18,1.0,TEM-18
5c5857d6036b380b84dc8212,TEMPO WORKLOAD,2025-06-18,1.5,TEM-28
5c5857d6036b380b84dc8212,TEMPO WORKLOAD,2025-06-18,0.5,TEM-28
5d6fae7bab129d0c306da857,TEMPO WORKLOAD,2025-06-18,0.5,TEM-13
5c8132a6e6e3160b9b6fd44d,TEMPO WORKLOAD,2025-06-18,1.0,TEM-2
712020:6ad83a3e-a1e9-43e6-a0a2-7931a513de7f,TEMPO WORKLOAD,2025-06-18,0.5,TEM-17
5e0de9b99af3650e9e3ffc97,TEMPO WORKLOAD,2025-06-18,4.333333333333333,TEM-14
6411cc617222b08f3e70f716,TEMPO WORKLOAD,2025-06-18,0.25,TEM-18
6411cc617222b08f3e70f716,TEMPO WORKLOAD,2025-06-18,0.25,TEM-18
62fbd97aeec8d4a478d41a3b,TEMPO WORKLOAD,2025-06-18,4.0,TEM-17
712020:39d78a45-5732-4153-afaa-dc9227f4dfe3,TEMPO WORKLOAD,2025-06-18,3.0,TEM-9
5dbc42d12757660db6144b56,TEMPO WORKLOAD,2025-06-18,1.0,TEM-36
712020:31918087-5a23-4883-b0d2-134f05828b32,TEMPO WORKLOAD,2025-06-18,1.0,TEM-14
5d6fae7bab129d0c306da857,TEMPO WORKLOAD,2025-06-18,1.0,TEM-13
712020:15482282-a769-4a4d-a4c2-0424a3a2e0d8,TEMPO WORKLOAD,2025-06-18,3.0,TEM-7
5eb2db0fa4c57d0b8b13eecb,TEMPO WORKLOAD,2025-06-18,0.5,TEM-28
5dea6ce9b95b180d17cfc7df,TEMPO WORKLOAD,2025-06-18,0.75,TEM-28
6411cc617222b08f3e70f716,TEMPO WORKLOAD,2025-06-18,0.25,TEM-18
712020:76b2ab6b-f08d-4fef-9ced-52ff15fad7a0,TEMPO WORKLOAD,2025-06-18,3.7333333333333334,TEM-21
6324d3f3ce3e476e42ae2595,TEMPO WORKLOAD,2025-06-18,0.5,TEM-18
6022a0ace7deee0069225fbd,TEMPO WORKLOAD,2025-06-18,0.5,TEM-13
6411cc617222b08f3e70f716,TEMPO WORKLOAD,2025-06-18,2.5,TEM-18
712020:6b82bca4-7ae3-4417-b5b5-76024cf32617,TEMPO WORKLOAD,2025-06-18,0.5,TEM-22
6310a896316bbc56c4249184,TEMPO WORKLOAD,2025-06-18,0.5,TEM-13
712020:5ee2f3fa-371b-4e6b-b912-594fc836bd92,TEMPO WORKLOAD,2025-06-18,6.0,TEM-30
5dea6ce9b95b180d17cfc7df,TEMPO WORKLOAD,2025-06-18,1.0,TEM-15
6022a0ace7deee0069225fbd,TEMPO WORKLOAD,2025-06-18,1.0,TEM-36
5d6fae7bab129d0c306da857,TEMPO WORKLOAD,2025-06-18,0.5,TEM-13
712020:3268e7ac-2411-4ef8-a85a-d619f040639c,TEMPO WORKLOAD,2025-06-18,0.5,TEM-25
712020:91b42101-19bb-498d-9942-8850a5540c96,TEMPO WORKLOAD,2025-06-18,0.5,TEM-25
6310a8976856bdd60a9eddae,TEMPO WORKLOAD,2025-06-18,0.5,TEM-14
5f45400afdc3f5003fee080b,TEMPO WORKLOAD,2025-06-18,2.0,TEM-14
712020:a7ee73c4-a6b3-4a8b-b22b-97aa3edf3ff7,TEMPO WORKLOAD,2025-06-18,4.0,TEM-8
712020:6b82bca4-7ae3-4417-b5b5-76024cf32617,TEMPO WORKLOAD,2025-06-18,1.0,TEM-22
5dbc42d12757660db6144b56,TEMPO WORKLOAD,2025-06-18,0.5,TEM-17
712020:e09a2eee-2fe3-41a8-8a9c-29acd2258249,TEMPO WORKLOAD,2025-06-18,1.5,TEM-8
63600fdb1cc605b1fd177862,TEMPO WORKLOAD,2025-06-18,3.0,TEM-28
712020:31918087-5a23-4883-b0d2-134f05828b32,TEMPO WORKLOAD,2025-06-18,2.0,TEM-14
5c5857d6036b380b84dc8212,TEMPO WORKLOAD,2025-06-18,1.5,TEM-28
6324d3f3ce3e476e42ae2595,TEMPO WORKLOAD,2025-06-18,1.0,TEM-6
5eb2db0fa4c57d0b8b13eecb,TEMPO WORKLOAD,2025-06-18,0.5,TEM-28
6310a896316bbc56c4249184,TEMPO WORKLOAD,2025-06-18,0.5,TEM-13
5d6fae7bab129d0c306da857,TEMPO WORKLOAD,2025-06-18,0.5,TEM-13
712020:3268e7ac-2411-4ef8-a85a-d619f040639c,TEMPO WORKLOAD,2025-06-18,0.5,TEM-36
6310a8976856bdd60a9eddae,TEMPO WORKLOAD,2025-06-18,0.5,TEM-14
5dbc42d12757660db6144b56,TEMPO WORKLOAD,2025-06-18,1.0,TEM-36
6310a896316bbc56c4249184,TEMPO WORKLOAD,2025-06-18,1.0,TEM-2
712020:5912aa5b-0476-4091-834a-994381177d1a,TEMPO WORKLOAD,2025-06-18,0.5,TEM-18
5dea6ce9b95b180d17cfc7df,TEMPO WORKLOAD,2025-06-18,1.0,TEM-28
6022a0ace7deee0069225fbd,TEMPO WORKLOAD,2025-06-18,1.0,TEM-28
712020:3268e7ac-2411-4ef8-a85a-d619f040639c,TEMPO WORKLOAD,2025-06-18,1.0,TEM-36
6310a8976856bdd60a9eddae,TEMPO WORKLOAD,2025-06-18,0.75,TEM-14
712020:6b82bca4-7ae3-4417-b5b5-76024cf32617,TEMPO WORKLOAD,2025-06-18,1.5,TEM-22
5d6fae7bab129d0c306da857,TEMPO WORKLOAD,2025-06-18,0.5,TEM-13
5c8132a6e6e3160b9b6fd44d,TEMPO WORKLOAD,2025-06-18,2.0,TEM-13
5d6fae7bab129d0c306da857,TEMPO WORKLOAD,2025-06-18,0.5,TEM-13
712020:91b42101-19bb-498d-9942-8850a5540c96,TEMPO WORKLOAD,2025-06-18,2.0,TEM-25
712020:e09a2eee-2fe3-41a8-8a9c-29acd2258249,TEMPO WORKLOAD,2025-06-18,2.5,TEM-8
607829da95f6fc006aab9e92,TEMPO WORKLOAD,2025-06-18,0.38333333333333336,TEM-19
6310a896316bbc56c4249184,TEMPO WORKLOAD,2025-06-18,0.5,TEM-13
6310a8976856bdd60a9eddae,TEMPO WORKLOAD,2025-06-18,0.25,TEM-14
5dea6ce9b95b180d17cfc7df,TEMPO WORKLOAD,2025-06-18,0.5,TEM-15
5d6fae7bab129d0c306da857,TEMPO WORKLOAD,2025-06-18,0.5,TEM-13
6022a0ace7deee0069225fbd,TEMPO WORKLOAD,2025-06-18,1.5,TEM-13
712020:3268e7ac-2411-4ef8-a85a-d619f040639c,TEMPO WORKLOAD,2025-06-18,1.5,TEM-25
712020:6b82bca4-7ae3-4417-b5b5-76024cf32617,TEMPO WORKLOAD,2025-06-18,1.0,TEM-22
5d6fae7bab129d0c306da857,TEMPO WORKLOAD,2025-06-18,0.5,TEM-13
712020:f71fff89-9283-4b8c-afc6-a4ccda67573c,TEMPO WORKLOAD,2025-06-18,1.0,TEM-7
712020:76b2ab6b-f08d-4fef-9ced-52ff15fad7a0,TEMPO WORKLOAD,2025-06-18,2.0,TEM-27
6022a0ace7deee0069225fbd,TEMPO WORKLOAD,2025-06-18,0.5,TEM-14
712020:1e3eed0c-846c-4ebd-bec7-51d04bbb59c0,TEMPO WORKLOAD,2025-06-18,2.0,TEM-30
5eb2db0fa4c57d0b8b13eecb,TEMPO WORKLOAD,2025-06-19,1.5,TEM-28
712020:a3240ec7-ccb7-4e31-81ed-5338bd11acc2,TEMPO WORKLOAD,2025-06-19,3.0,TEM-8
62fbddc8bb0704a2a808bd57,TEMPO WORKLOAD,2025-06-19,8.0,TEM-5
62e433730b4bf7ad924bcbe5,TEMPO WORKLOAD,2025-06-19,8.0,TEM-7
712020:d6bab2e1-1616-4bfb-83a4-2be2aebf31ed,TEMPO WORKLOAD,2025-06-19,6.0,TEM-8
6324d3f3ce3e476e42ae2595,TEMPO WORKLOAD,2025-06-19,2.5,TEM-18
6411cc617222b08f3e70f716,TEMPO WORKLOAD,2025-06-19,1.0,TEM-18
5c5857d6036b380b84dc8212,TEMPO WORKLOAD,2025-06-19,0.5,TEM-31
712020:6ad83a3e-a1e9-43e6-a0a2-7931a513de7f,TEMPO WORKLOAD,2025-06-19,0.5,TEM-17
5c8132a6e6e3160b9b6fd44d,TEMPO WORKLOAD,2025-06-19,1.5,TEM-13
6310a8976856bdd60a9eddae,TEMPO WORKLOAD,2025-06-19,3.0,TEM-14
5f45400afdc3f5003fee080b,TEMPO WORKLOAD,2025-06-19,3.0,TEM-14
5eb2e91b96bbcb0b857bfa58,TEMPO WORKLOAD,2025-06-19,2.0,TEM-14
5eb2e91b96bbcb0b857bfa58,TEMPO WORKLOAD,2025-06-19,2.75,TEM-14
712020:d26e58e6-874b-4243-ac4e-1d4cb867a542,TEMPO WORKLOAD,2025-06-19,8.0,TEM-8
712020:db40572b-4fd3-49a2-b4c1-620d9be82a65,TEMPO WORKLOAD,2025-06-19,8.0,TEM-1
61ddc1dcf3037f0069656c13,TEMPO WORKLOAD,2025-06-19,0.5,TEM-18
61ddc1dcf3037f0069656c13,TEMPO WORKLOAD,2025-06-19,0.25,TEM-18
712020:02ccfc0c-5c0f-4e48-8f91-fb3bb584a2dc,TEMPO WORKLOAD,2025-06-19,8.0,TEM-7
6310a8963e578bb3b5feb9f3,TEMPO WORKLOAD,2025-06-19,0.5,TEM-13
6310a896316bbc56c4249184,TEMPO WORKLOAD,2025-06-19,8.0,TEM-2
607829da95f6fc006aab9e92,TEMPO WORKLOAD,2025-06-19,0.25,TEM-19
712020:1e3eed0c-846c-4ebd-bec7-51d04bbb59c0,TEMPO WORKLOAD,2025-06-19,2.0,TEM-30
712020:ab3c5ef0-a515-47fc-9cdd-3b5d0c219224,TEMPO WORKLOAD,2025-06-19,8.0,TEM-9
5dbc42d12757660db6144b56,TEMPO WORKLOAD,2025-06-19,1.5,TEM-13
557058:c310fa79-8a55-492f-a2fe-6e69a7d7c4eb,TEMPO WORKLOAD,2025-06-19,0.25,TEM-19
613fb43fe6c39d00721944a0,TEMPO WORKLOAD,2025-06-19,6.0,TEM-36
6356e77976b91b62562d4fea,TEMPO WORKLOAD,2025-06-19,6.0,TEM-26
5c8bd79686c36970e812b609,TEMPO WORKLOAD,2025-06-19,4.0,TEM-9
712020:f5cdecd9-64db-4d5e-b4a2-c8f4b7201212,TEMPO WORKLOAD,2025-06-19,8.0,TEM-7
712020:f50b1e80-f1ef-440b-b954-716fbfdbc927,TEMPO WORKLOAD,2025-06-19,8.0,TEM-9
5dea6ce9b95b180d17cfc7df,TEMPO WORKLOAD,2025-06-19,1.75,TEM-28
712020:00e94d7a-1f49-4891-bbf9-a2bf827bd258,TEMPO WORKLOAD,2025-06-19,6.0,TEM-9
63d916c4bf837c6893d6fbad,TEMPO WORKLOAD,2025-06-19,8.0,TEM-7
6299079acd636500697d4701,TEMPO WORKLOAD,2025-06-19,8.0,TEM-21
613fb383e057c6006a1ccade,TEMPO WORKLOAD,2025-06-19,8.0,TEM-8
70121:2c1e0513-4f21-4c96-adc1-8c318e30bc0e,TEMPO WORKLOAD,2025-06-19,3.0,TEM-7
70121:2c1e0513-4f21-4c96-adc1-8c318e30bc0e,TEMPO WORKLOAD,2025-06-19,3.0,TEM-8
712020:98295f35-86b1-4d23-a51b-30dbe7170d11,TEMPO WORKLOAD,2025-06-19,7.2,TEM-7
712020:31918087-5a23-4883-b0d2-134f05828b32,TEMPO WORKLOAD,2025-06-19,8.0,TEM-14
712020:15482282-a769-4a4d-a4c2-0424a3a2e0d8,TEMPO WORKLOAD,2025-06-19,2.0,TEM-36
605e40fd2f7d900070bce962,TEMPO WORKLOAD,2025-06-19,0.25,TEM-26
5eb2db0fa4c57d0b8b13eecb,TEMPO WORKLOAD,2025-06-19,1.0,TEM-28
5e751b85fad9000c325d9aae,TEMPO WORKLOAD,2025-06-19,8.0,TEM-2
70121:e997c5d5-1d6e-4973-80cb-28bfe7343a3f,TEMPO WORKLOAD,2025-06-19,0.5,TEM-28
70121:2c1e0513-4f21-4c96-adc1-8c318e30bc0e,TEMPO WORKLOAD,2025-06-19,3.0,TEM-28
70121:2c1e0513-4f21-4c96-adc1-8c318e30bc0e,TEMPO WORKLOAD,2025-06-19,0.5,TEM-5
607829da95f6fc006aab9e92,TEMPO WORKLOAD,2025-06-19,7.15,TEM-19
557058:c310fa79-8a55-492f-a2fe-6e69a7d7c4eb,TEMPO WORKLOAD,2025-06-19,7.75,TEM-19
605e40fd2f7d900070bce962,TEMPO WORKLOAD,2025-06-19,1.75,TEM-26
5c5857d6036b380b84dc8212,TEMPO WORKLOAD,2025-06-19,4.5,TEM-28
712020:91b42101-19bb-498d-9942-8850a5540c96,TEMPO WORKLOAD,2025-06-19,1.5,TEM-22
712020:6ad83a3e-a1e9-43e6-a0a2-7931a513de7f,TEMPO WORKLOAD,2025-06-19,0.5,TEM-17
712020:6b82bca4-7ae3-4417-b5b5-76024cf32617,TEMPO WORKLOAD,2025-06-19,1.0,TEM-22
6310a8963e578bb3b5feb9f3,TEMPO WORKLOAD,2025-06-19,1.5,TEM-13
70121:e997c5d5-1d6e-4973-80cb-28bfe7343a3f,TEMPO WORKLOAD,2025-06-19,0.25,TEM-27
61ddc1dcf3037f0069656c13,TEMPO WORKLOAD,2025-06-19,7.0,TEM-24
70121:e997c5d5-1d6e-4973-80cb-28bfe7343a3f,TEMPO WORKLOAD,2025-06-19,1.0,TEM-28
63e1170728cddcc70773cbd6,TEMPO WORKLOAD,2025-06-19,8.0,TEM-2
712020:a7ee73c4-a6b3-4a8b-b22b-97aa3edf3ff7,TEMPO WORKLOAD,2025-06-19,4.0,TEM-8
6310a898316bbc56c4249187,TEMPO WORKLOAD,2025-06-19,4.0,TEM-21
6411cc617222b08f3e70f716,TEMPO WORKLOAD,2025-06-19,0.25,TEM-18
5d6fae7bab129d0c306da857,TEMPO WORKLOAD,2025-06-19,0.5,TEM-13
62fbd97aeec8d4a478d41a3b,TEMPO WORKLOAD,2025-06-19,1.0,TEM-18
637d1ac0f48fbd9b62d50fc3,TEMPO WORKLOAD,2025-06-19,8.0,TEM-8
712020:3268e7ac-2411-4ef8-a85a-d619f040639c,TEMPO WORKLOAD,2025-06-19,2.0,TEM-13
712020:39d78a45-5732-4153-afaa-dc9227f4dfe3,TEMPO WORKLOAD,2025-06-19,2.0,TEM-8
712020:c2d6f64b-7c18-4b58-9189-57c8823f4f64,TEMPO WORKLOAD,2025-06-19,8.0,TEM-5
712020:6c5881b3-26a9-4223-a18b-14414e7b9d3a,TEMPO WORKLOAD,2025-06-19,8.0,TEM-7
712020:6ad83a3e-a1e9-43e6-a0a2-7931a513de7f,TEMPO WORKLOAD,2025-06-19,2.0,TEM-17
5e0de9b99af3650e9e3ffc97,TEMPO WORKLOAD,2025-06-19,2.0,TEM-14
712020:5ee2f3fa-371b-4e6b-b912-594fc836bd92,TEMPO WORKLOAD,2025-06-19,4.0,TEM-30
712020:f71fff89-9283-4b8c-afc6-a4ccda67573c,TEMPO WORKLOAD,2025-06-19,8.0,TEM-9
712020:c24d4628-d885-44d1-8ec8-dd76d416436a,TEMPO WORKLOAD,2025-06-19,8.0,TEM-26
712020:51261fb6-b689-4617-8eae-46a70a19df7c,TEMPO WORKLOAD,2025-06-19,3.0,TEM-7
5f03aab970b8a90025641824,TEMPO WORKLOAD,2025-06-19,3.0,TEM-15
63b6c257d3aeefa405443cf9,TEMPO WORKLOAD,2025-06-19,6.0,TEM-24
712020:11e8ce5a-06a7-43cf-9c5a-858eed6f0a07,TEMPO WORKLOAD,2025-06-19,8.0,TEM-5
712020:e09a2eee-2fe3-41a8-8a9c-29acd2258249,TEMPO WORKLOAD,2025-06-19,1.5,TEM-8
712020:d8a16146-bc5b-4c61-9c5d-af3eaddace2b,TEMPO WORKLOAD,2025-06-19,8.0,TEM-5
6310a8954fbe9c4bd0edf82a,TEMPO WORKLOAD,2025-06-19,0.5,TEM-19
712020:448afbe2-d875-40e8-9541-835a59cdf0a7,TEMPO WORKLOAD,2025-06-19,8.0,TEM-7
712020:d1c53603-3e65-4881-b493-a128394d565e,TEMPO WORKLOAD,2025-06-19,9.0,TEM-7
712020:76b2ab6b-f08d-4fef-9ced-52ff15fad7a0,TEMPO WORKLOAD,2025-06-19,0.5333333333333333,TEM-21
712020:5e29a15d-dadb-41b1-bd51-d65cb73a9a3e,TEMPO WORKLOAD,2025-06-19,9.0,TEM-9
712020:2fd5ca9e-c92c-426e-b141-c27cdf46a539,TEMPO WORKLOAD,2025-06-19,6.0,TEM-9
5eb2db0fa4c57d0b8b13eecb,TEMPO WORKLOAD,2025-06-19,1.0,TEM-28
6411cc617222b08f3e70f716,TEMPO WORKLOAD,2025-06-19,0.25,TEM-18
63600fdb1cc605b1fd177862,TEMPO WORKLOAD,2025-06-19,1.5,TEM-28
6411cc617222b08f3e70f716,TEMPO WORKLOAD,2025-06-19,6.5,TEM-18
712020:5912aa5b-0476-4091-834a-994381177d1a,TEMPO WORKLOAD,2025-06-19,0.5,TEM-18
5d6fae7bab129d0c306da857,TEMPO WORKLOAD,2025-06-19,0.5,TEM-13
712020:6b82bca4-7ae3-4417-b5b5-76024cf32617,TEMPO WORKLOAD,2025-06-19,0.5,TEM-22
5dbc42d12757660db6144b56,TEMPO WORKLOAD,2025-06-19,2.0,TEM-36
6310a8954fbe9c4bd0edf82a,TEMPO WORKLOAD,2025-06-19,0.25,TEM-19
712020:76b2ab6b-f08d-4fef-9ced-52ff15fad7a0,TEMPO WORKLOAD,2025-06-19,7.483333333333333,TEM-21
712020:05c80f08-99ab-4608-9ac1-8c3c43fbef01,TEMPO WORKLOAD,2025-06-19,0.5,TEM-25
6310a8954fbe9c4bd0edf82a,TEMPO WORKLOAD,2025-06-19,3.25,TEM-19
62fbd97aeec8d4a478d41a3b,TEMPO WORKLOAD,2025-06-19,7.0,TEM-17
712020:91b42101-19bb-498d-9942-8850a5540c96,TEMPO WORKLOAD,2025-06-19,1.0,TEM-22
5eb2e91b96bbcb0b857bfa58,TEMPO WORKLOAD,2025-06-19,2.0,TEM-14
712020:6b82bca4-7ae3-4417-b5b5-76024cf32617,TEMPO WORKLOAD,2025-06-19,1.0,TEM-22
6310a8963e578bb3b5feb9f3,TEMPO WORKLOAD,2025-06-19,6.0,TEM-13
636e3660c383ad842147234a,TEMPO WORKLOAD,2025-06-19,4.0,TEM-26
712020:460f9b37-2b1d-4960-8575-5dc964940e8f,TEMPO WORKLOAD,2025-06-19,4.0,TEM-26
5dea6ce9b95b180d17cfc7df,TEMPO WORKLOAD,2025-06-19,2.0,TEM-28
712020:15482282-a769-4a4d-a4c2-0424a3a2e0d8,TEMPO WORKLOAD,2025-06-19,3.0,TEM-9
5d6fae7bab129d0c306da857,TEMPO WORKLOAD,2025-06-19,1.0,TEM-13
712020:5912aa5b-0476-4091-834a-994381177d1a,TEMPO WORKLOAD,2025-06-19,1.5,TEM-1
5eb2db0fa4c57d0b8b13eecb,TEMPO WORKLOAD,2025-06-19,0.5,TEM-6
70121:e997c5d5-1d6e-4973-80cb-28bfe7343a3f,TEMPO WORKLOAD,2025-06-19,0.5,TEM-15
712020:05c80f08-99ab-4608-9ac1-8c3c43fbef01,TEMPO WORKLOAD,2025-06-19,8.0,TEM-17
712020:e09a2eee-2fe3-41a8-8a9c-29acd2258249,TEMPO WORKLOAD,2025-06-19,0.25,TEM-8
5eb2db0fa4c57d0b8b13eecb,TEMPO WORKLOAD,2025-06-19,2.0,TEM-28
5eb2db0fa4c57d0b8b13eecb,TEMPO WORKLOAD,2025-06-19,2.0,TEM-28
712020:e09a2eee-2fe3-41a8-8a9c-29acd2258249,TEMPO WORKLOAD,2025-06-19,2.25,TEM-8
70121:e997c5d5-1d6e-4973-80cb-28bfe7343a3f,TEMPO WORKLOAD,2025-06-19,0.25,TEM-28
712020:91b42101-19bb-498d-9942-8850a5540c96,TEMPO WORKLOAD,2025-06-19,1.5,TEM-22
712020:3268e7ac-2411-4ef8-a85a-d619f040639c,TEMPO WORKLOAD,2025-06-19,1.0,TEM-17
712020:39d78a45-5732-4153-afaa-dc9227f4dfe3,TEMPO WORKLOAD,2025-06-19,3.0,TEM-7
6310a8976856bdd60a9eddae,TEMPO WORKLOAD,2025-06-19,0.75,TEM-14
5e0de9b99af3650e9e3ffc97,TEMPO WORKLOAD,2025-06-19,0.5,TEM-14
5f45400afdc3f5003fee080b,TEMPO WORKLOAD,2025-06-19,3.0,TEM-14
6324d3f3ce3e476e42ae2595,TEMPO WORKLOAD,2025-06-19,1.0,TEM-18
712020:6b82bca4-7ae3-4417-b5b5-76024cf32617,TEMPO WORKLOAD,2025-06-19,1.0,TEM-22
70121:272d7cde-e8e4-4a3f-9333-8e1247180871,TEMPO WORKLOAD,2025-06-19,1.0,TEM-18
63600fdb1cc605b1fd177862,TEMPO WORKLOAD,2025-06-19,1.5,TEM-28
712020:a3240ec7-ccb7-4e31-81ed-5338bd11acc2,TEMPO WORKLOAD,2025-06-19,5.0,TEM-8
70121:e997c5d5-1d6e-4973-80cb-28bfe7343a3f,TEMPO WORKLOAD,2025-06-19,2.0,TEM-15
5c8132a6e6e3160b9b6fd44d,TEMPO WORKLOAD,2025-06-19,3.0,TEM-13
5d6fae7bab129d0c306da857,TEMPO WORKLOAD,2025-06-19,1.0,TEM-13
5e0de9b99af3650e9e3ffc97,TEMPO WORKLOAD,2025-06-19,4.0,TEM-14
5dbc42d12757660db6144b56,TEMPO WORKLOAD,2025-06-19,1.0,TEM-13
6324d3f3ce3e476e42ae2595,TEMPO WORKLOAD,2025-06-19,2.5,TEM-6
712020:3268e7ac-2411-4ef8-a85a-d619f040639c,TEMPO WORKLOAD,2025-06-19,1.0,TEM-25
5eb2e91b96bbcb0b857bfa58,TEMPO WORKLOAD,2025-06-19,0.5,TEM-14
712020:6b82bca4-7ae3-4417-b5b5-76024cf32617,TEMPO WORKLOAD,2025-06-19,1.0,TEM-22
70121:272d7cde-e8e4-4a3f-9333-8e1247180871,TEMPO WORKLOAD,2025-06-19,3.0,TEM-18
5f03aab970b8a90025641824,TEMPO WORKLOAD,2025-06-19,0.25,TEM-26
5c8bd79686c36970e812b609,TEMPO WORKLOAD,2025-06-19,4.0,TEM-7
63600fdb1cc605b1fd177862,TEMPO WORKLOAD,2025-06-19,4.5,TEM-17
5f03aab970b8a90025641824,TEMPO WORKLOAD,2025-06-19,2.75,TEM-15
5dea6ce9b95b180d17cfc7df,TEMPO WORKLOAD,2025-06-19,0.5,TEM-28
712020:5912aa5b-0476-4091-834a-994381177d1a,TEMPO WORKLOAD,2025-06-19,0.5,TEM-18
5c5857d6036b380b84dc8212,TEMPO WORKLOAD,2025-06-19,2.0,TEM-28
5c5857d6036b380b84dc8212,TEMPO WORKLOAD,2025-06-19,0.5,TEM-28
712020:6ad83a3e-a1e9-43e6-a0a2-7931a513de7f,TEMPO WORKLOAD,2025-06-19,0.5,TEM-17
6310a8976856bdd60a9eddae,TEMPO WORKLOAD,2025-06-19,1.0,TEM-14
5dbc42d12757660db6144b56,TEMPO WORKLOAD,2025-06-19,2.0,TEM-17
5d6fae7bab129d0c306da857,TEMPO WORKLOAD,2025-06-19,0.5,TEM-13
712020:91b42101-19bb-498d-9942-8850a5540c96,TEMPO WORKLOAD,2025-06-19,1.5,TEM-25
712020:6b82bca4-7ae3-4417-b5b5-76024cf32617,TEMPO WORKLOAD,2025-06-19,0.5,TEM-22
5dea6ce9b95b180d17cfc7df,TEMPO WORKLOAD,2025-06-19,1.0,TEM-28
6310a8954fbe9c4bd0edf82a,TEMPO WORKLOAD,2025-06-19,1.0,TEM-19
712020:15482282-a769-4a4d-a4c2-0424a3a2e0d8,TEMPO WORKLOAD,2025-06-19,3.0,TEM-7
712020:5912aa5b-0476-4091-834a-994381177d1a,TEMPO WORKLOAD,2025-06-19,3.5,TEM-18
70121:716f3beb-9b1e-4b9c-bb75-d5716c9878b0,TEMPO WORKLOAD,2025-06-19,1.0,TEM-17
6022a0ace7deee0069225fbd,TEMPO WORKLOAD,2025-06-19,0.5,TEM-14
6310a8976856bdd60a9eddae,TEMPO WORKLOAD,2025-06-19,2.0,TEM-14
712020:6b82bca4-7ae3-4417-b5b5-76024cf32617,TEMPO WORKLOAD,2025-06-19,1.0,TEM-22
712020:a7ee73c4-a6b3-4a8b-b22b-97aa3edf3ff7,TEMPO WORKLOAD,2025-06-19,4.0,TEM-8
712020:91b42101-19bb-498d-9942-8850a5540c96,TEMPO WORKLOAD,2025-06-19,0.5,TEM-25
712020:39d78a45-5732-4153-afaa-dc9227f4dfe3,TEMPO WORKLOAD,2025-06-19,3.0,TEM-9
6022a0ace7deee0069225fbd,TEMPO WORKLOAD,2025-06-19,0.5,TEM-13
712020:3268e7ac-2411-4ef8-a85a-d619f040639c,TEMPO WORKLOAD,2025-06-19,1.0,TEM-25
613fb43fe6c39d00721944a0,TEMPO WORKLOAD,2025-06-19,1.0,TEM-13
712020:5ee2f3fa-371b-4e6b-b912-594fc836bd92,TEMPO WORKLOAD,2025-06-19,7.0,TEM-30
5f45400afdc3f5003fee080b,TEMPO WORKLOAD,2025-06-19,1.0,TEM-14
6324d3f3ce3e476e42ae2595,TEMPO WORKLOAD,2025-06-19,1.5,TEM-18
712020:e09a2eee-2fe3-41a8-8a9c-29acd2258249,TEMPO WORKLOAD,2025-06-19,2.25,TEM-8
5dea6ce9b95b180d17cfc7df,TEMPO WORKLOAD,2025-06-19,1.0,TEM-15
6310a8954fbe9c4bd0edf82a,TEMPO WORKLOAD,2025-06-19,3.0,TEM-19
5d6fae7bab129d0c306da857,TEMPO WORKLOAD,2025-06-19,1.0,TEM-13
6022a0ace7deee0069225fbd,TEMPO WORKLOAD,2025-06-19,1.0,TEM-28
5dbc42d12757660db6144b56,TEMPO WORKLOAD,2025-06-19,1.5,TEM-17
712020:6b82bca4-7ae3-4417-b5b5-76024cf32617,TEMPO WORKLOAD,2025-06-19,1.5,TEM-22
712020:3268e7ac-2411-4ef8-a85a-d619f040639c,TEMPO WORKLOAD,2025-06-19,0.5,TEM-36
613fb43fe6c39d00721944a0,TEMPO WORKLOAD,2025-06-19,1.0,TEM-16
5d6fae7bab129d0c306da857,TEMPO WORKLOAD,2025-06-19,1.0,TEM-13
63600fdb1cc605b1fd177862,TEMPO WORKLOAD,2025-06-19,0.5,TEM-6
5dea6ce9b95b180d17cfc7df,TEMPO WORKLOAD,2025-06-19,1.75,TEM-28
607829da95f6fc006aab9e92,TEMPO WORKLOAD,2025-06-19,0.6,TEM-19
712020:91b42101-19bb-498d-9942-8850a5540c96,TEMPO WORKLOAD,2025-06-19,2.0,TEM-25
712020:3268e7ac-2411-4ef8-a85a-d619f040639c,TEMPO WORKLOAD,2025-06-19,0.5,TEM-36
5e0de9b99af3650e9e3ffc97,TEMPO WORKLOAD,2025-06-19,1.5,TEM-14
6022a0ace7deee0069225fbd,TEMPO WORKLOAD,2025-06-19,0.5,TEM-36
712020:f518f4e7-7314-45a9-a3ef-723ad3fd6d7f,TEMPO WORKLOAD,2025-06-19,4.75,TEM-7
70121:716f3beb-9b1e-4b9c-bb75-d5716c9878b0,TEMPO WORKLOAD,2025-06-19,1.0,TEM-17
712020:3268e7ac-2411-4ef8-a85a-d619f040639c,TEMPO WORKLOAD,2025-06-19,2.0,TEM-25
6310a8976856bdd60a9eddae,TEMPO WORKLOAD,2025-06-19,0.5,TEM-14
6022a0ace7deee0069225fbd,TEMPO WORKLOAD,2025-06-19,0.5,TEM-13
70121:716f3beb-9b1e-4b9c-bb75-d5716c9878b0,TEMPO WORKLOAD,2025-06-19,2.0,TEM-17
712020:6b82bca4-7ae3-4417-b5b5-76024cf32617,TEMPO WORKLOAD,2025-06-19,0.5,TEM-22
5d6fae7bab129d0c306da857,TEMPO WORKLOAD,2025-06-19,0.5,TEM-13
712020:e09a2eee-2fe3-41a8-8a9c-29acd2258249,TEMPO WORKLOAD,2025-06-19,1.75,TEM-8
5c8132a6e6e3160b9b6fd44d,TEMPO WORKLOAD,2025-06-19,2.25,TEM-13
6022a0ace7deee0069225fbd,TEMPO WORKLOAD,2025-06-19,0.5,TEM-36
5d6fae7bab129d0c306da857,TEMPO WORKLOAD,2025-06-19,0.5,TEM-13
6022a0ace7deee0069225fbd,TEMPO WORKLOAD,2025-06-19,0.5,TEM-13
5d6fae7bab129d0c306da857,TEMPO WORKLOAD,2025-06-19,0.5,TEM-13
712020:76b2ab6b-f08d-4fef-9ced-52ff15fad7a0,TEMPO WORKLOAD,2025-06-19,2.0,TEM-27
5d6fae7bab129d0c306da857,TEMPO WORKLOAD,2025-06-19,0.5,TEM-13
712020:51261fb6-b689-4617-8eae-46a70a19df7c,TEMPO WORKLOAD,2025-06-19,3.0,TEM-7
712020:d26e58e6-874b-4243-ac4e-1d4cb867a542,TEMPO WORKLOAD,2025-06-20,3.0,TEM-8
712020:ab3c5ef0-a515-47fc-9cdd-3b5d0c219224,TEMPO WORKLOAD,2025-06-20,8.0,TEM-9
5e751b85fad9000c325d9aae,TEMPO WORKLOAD,2025-06-20,5.0,TEM-21
712020:5ee2f3fa-371b-4e6b-b912-594fc836bd92,TEMPO WORKLOAD,2025-06-20,8.0,TEM-30
712020:6c5881b3-26a9-4223-a18b-14414e7b9d3a,TEMPO WORKLOAD,2025-06-20,8.0,TEM-7
712020:f518f4e7-7314-45a9-a3ef-723ad3fd6d7f,TEMPO WORKLOAD,2025-06-20,4.0,TEM-7
712020:1e3eed0c-846c-4ebd-bec7-51d04bbb59c0,TEMPO WORKLOAD,2025-06-20,1.0,TEM-30
5e751b85fad9000c325d9aae,TEMPO WORKLOAD,2025-06-21,2.0,TEM-21
712020:5ee2f3fa-371b-4e6b-b912-594fc836bd92,TEMPO WORKLOAD,2025-06-21,4.0,TEM-30
712020:51261fb6-b689-4617-8eae-46a70a19df7c,TEMPO WORKLOAD,2025-06-21,6.0,TEM-7
712020:51261fb6-b689-4617-8eae-46a70a19df7c,TEMPO WORKLOAD,2025-06-22,7.0,TEM-7
712020:1e3eed0c-846c-4ebd-bec7-51d04bbb59c0,TEMPO WORKLOAD,2025-06-22,2.5,TEM-30
712020:05c80f08-99ab-4608-9ac1-8c3c43fbef01,TEMPO WORKLOAD,2025-06-23,8.0,TEM-17
5eb2db0fa4c57d0b8b13eecb,TEMPO WORKLOAD,2025-06-23,2.0,TEM-28
5eb2db0fa4c57d0b8b13eecb,TEMPO WORKLOAD,2025-06-23,2.0,TEM-28
5eb2db0fa4c57d0b8b13eecb,TEMPO WORKLOAD,2025-06-23,1.25,TEM-28
5eb2e91b96bbcb0b857bfa58,TEMPO WORKLOAD,2025-06-23,7.25,TEM-2
5f45400afdc3f5003fee080b,TEMPO WORKLOAD,2025-06-23,0.25,TEM-14
6310a896316bbc56c4249184,TEMPO WORKLOAD,2025-06-23,0.5,TEM-13
557058:b0ab43f7-2329-4796-9a63-2abcf978b413,TEMPO WORKLOAD,2025-06-23,0.3333333333333333,TEM-26
5c8132a6e6e3160b9b6fd44d,TEMPO WORKLOAD,2025-06-23,1.0,TEM-13
63d916c4bf837c6893d6fbad,TEMPO WORKLOAD,2025-06-23,9.0,TEM-7
712020:39d78a45-5732-4153-afaa-dc9227f4dfe3,TEMPO WORKLOAD,2025-06-23,3.0,TEM-9
607829da95f6fc006aab9e92,TEMPO WORKLOAD,2025-06-23,0.25,TEM-19
712020:b6588882-6f04-4ee1-8c9d-7bdd4569e704,TEMPO WORKLOAD,2025-06-23,8.0,TEM-25
712020:ab3c5ef0-a515-47fc-9cdd-3b5d0c219224,TEMPO WORKLOAD,2025-06-23,8.0,TEM-9
6411cc617222b08f3e70f716,TEMPO WORKLOAD,2025-06-23,8.0,TEM-2
613fb43fe6c39d00721944a0,TEMPO WORKLOAD,2025-06-23,8.0,TEM-2
5dbc42d12757660db6144b56,TEMPO WORKLOAD,2025-06-23,1.0,TEM-14
557058:c310fa79-8a55-492f-a2fe-6e69a7d7c4eb,TEMPO WORKLOAD,2025-06-23,0.25,TEM-19
6310a8963e578bb3b5feb9f3,TEMPO WORKLOAD,2025-06-23,0.5,TEM-13
6356e77976b91b62562d4fea,TEMPO WORKLOAD,2025-06-23,6.0,TEM-26
712020:db40572b-4fd3-49a2-b4c1-620d9be82a65,TEMPO WORKLOAD,2025-06-23,8.0,TEM-1
5c8bd79686c36970e812b609,TEMPO WORKLOAD,2025-06-23,8.0,TEM-7
712020:f5cdecd9-64db-4d5e-b4a2-c8f4b7201212,TEMPO WORKLOAD,2025-06-23,8.0,TEM-7
712020:f50b1e80-f1ef-440b-b954-716fbfdbc927,TEMPO WORKLOAD,2025-06-23,8.0,TEM-9
6299079acd636500697d4701,TEMPO WORKLOAD,2025-06-23,8.0,TEM-21
613fb383e057c6006a1ccade,TEMPO WORKLOAD,2025-06-23,8.0,TEM-8
712020:02ccfc0c-5c0f-4e48-8f91-fb3bb584a2dc,TEMPO WORKLOAD,2025-06-23,8.0,TEM-7
712020:a3240ec7-ccb7-4e31-81ed-5338bd11acc2,TEMPO WORKLOAD,2025-06-23,3.0,TEM-8
70121:2c1e0513-4f21-4c96-adc1-8c318e30bc0e,TEMPO WORKLOAD,2025-06-23,3.0,TEM-7
70121:2c1e0513-4f21-4c96-adc1-8c318e30bc0e,TEMPO WORKLOAD,2025-06-23,3.0,TEM-8
6310a8976856bdd60a9eddae,TEMPO WORKLOAD,2025-06-23,0.5,TEM-14
5dea6ce9b95b180d17cfc7df,TEMPO WORKLOAD,2025-06-23,3.75,TEM-28
712020:98295f35-86b1-4d23-a51b-30dbe7170d11,TEMPO WORKLOAD,2025-06-23,7.2,TEM-7
712020:00e94d7a-1f49-4891-bbf9-a2bf827bd258,TEMPO WORKLOAD,2025-06-23,8.0,TEM-9
5e751b85fad9000c325d9aae,TEMPO WORKLOAD,2025-06-23,8.333333333333334,TEM-8
712020:6ad83a3e-a1e9-43e6-a0a2-7931a513de7f,TEMPO WORKLOAD,2025-06-23,2.0,TEM-17
712020:15482282-a769-4a4d-a4c2-0424a3a2e0d8,TEMPO WORKLOAD,2025-06-23,5.0,TEM-7
5c8bd7984c5068698da7b839,TEMPO WORKLOAD,2025-06-23,8.15,TEM-5
712020:91b42101-19bb-498d-9942-8850a5540c96,TEMPO WORKLOAD,2025-06-23,8.0,TEM-2
712020:d26e58e6-874b-4243-ac4e-1d4cb867a542,TEMPO WORKLOAD,2025-06-23,8.0,TEM-8
605e40fd2f7d900070bce962,TEMPO WORKLOAD,2025-06-23,0.25,TEM-26
62e433730b4bf7ad924bcbe5,TEMPO WORKLOAD,2025-06-23,8.0,TEM-2
62fbddc8bb0704a2a808bd57,TEMPO WORKLOAD,2025-06-23,8.0,TEM-5
70121:2c1e0513-4f21-4c96-adc1-8c318e30bc0e,TEMPO WORKLOAD,2025-06-23,1.5,TEM-28
70121:2c1e0513-4f21-4c96-adc1-8c318e30bc0e,TEMPO WORKLOAD,2025-06-23,0.5,TEM-5
70121:e997c5d5-1d6e-4973-80cb-28bfe7343a3f,TEMPO WORKLOAD,2025-06-23,1.0,TEM-15
5f45400afdc3f5003fee080b,TEMPO WORKLOAD,2025-06-23,0.25,TEM-14
607829da95f6fc006aab9e92,TEMPO WORKLOAD,2025-06-23,0.15,TEM-19
636e3660c383ad842147234a,TEMPO WORKLOAD,2025-06-23,3.75,TEM-26
557058:c310fa79-8a55-492f-a2fe-6e69a7d7c4eb,TEMPO WORKLOAD,2025-06-23,7.75,TEM-19
605e40fd2f7d900070bce962,TEMPO WORKLOAD,2025-06-23,1.75,TEM-26
557058:b0ab43f7-2329-4796-9a63-2abcf978b413,TEMPO WORKLOAD,2025-06-23,2.0,TEM-26
607829da95f6fc006aab9e92,TEMPO WORKLOAD,2025-06-23,3.7666666666666666,TEM-19
6310a896316bbc56c4249184,TEMPO WORKLOAD,2025-06-23,1.0,TEM-13
5f45400afdc3f5003fee080b,TEMPO WORKLOAD,2025-06-23,3.0,TEM-14
5c5857d6036b380b84dc8212,TEMPO WORKLOAD,2025-06-23,5.5,TEM-28
6310a8976856bdd60a9eddae,TEMPO WORKLOAD,2025-06-23,0.5,TEM-14
6310a8963e578bb3b5feb9f3,TEMPO WORKLOAD,2025-06-23,0.5,TEM-13
61ddc1dcf3037f0069656c13,TEMPO WORKLOAD,2025-06-23,6.0,TEM-24
61ddc1dcf3037f0069656c13,TEMPO WORKLOAD,2025-06-23,1.0,TEM-24
61ddc1dcf3037f0069656c13,TEMPO WORKLOAD,2025-06-23,0.5,TEM-24
63600fdb1cc605b1fd177862,TEMPO WORKLOAD,2025-06-23,2.0,TEM-17
712020:c2d6f64b-7c18-4b58-9189-57c8823f4f64,TEMPO WORKLOAD,2025-06-23,8.0,TEM-5
712020:c24d4628-d885-44d1-8ec8-dd76d416436a,TEMPO WORKLOAD,2025-06-23,8.0,TEM-26
6310a898316bbc56c4249187,TEMPO WORKLOAD,2025-06-23,4.0,TEM-21
5f03aab970b8a90025641824,TEMPO WORKLOAD,2025-06-23,3.0,TEM-15
712020:f71fff89-9283-4b8c-afc6-a4ccda67573c,TEMPO WORKLOAD,2025-06-23,8.0,TEM-9
712020:5912aa5b-0476-4091-834a-994381177d1a,TEMPO WORKLOAD,2025-06-23,0.5,TEM-18
712020:5ee2f3fa-371b-4e6b-b912-594fc836bd92,TEMPO WORKLOAD,2025-06-23,4.0,TEM-30
5e0de9b99af3650e9e3ffc97,TEMPO WORKLOAD,2025-06-23,0.5,TEM-14
5dbc42d12757660db6144b56,TEMPO WORKLOAD,2025-06-23,0.5,TEM-13
712020:a7ee73c4-a6b3-4a8b-b22b-97aa3edf3ff7,TEMPO WORKLOAD,2025-06-23,4.0,TEM-8
63b6c257d3aeefa405443cf9,TEMPO WORKLOAD,2025-06-23,6.0,TEM-24
712020:3268e7ac-2411-4ef8-a85a-d619f040639c,TEMPO WORKLOAD,2025-06-23,4.0,TEM-36
712020:11e8ce5a-06a7-43cf-9c5a-858eed6f0a07,TEMPO WORKLOAD,2025-06-23,8.0,TEM-2
712020:f518f4e7-7314-45a9-a3ef-723ad3fd6d7f,TEMPO WORKLOAD,2025-06-23,7.666666666666667,TEM-7
62fbd97aeec8d4a478d41a3b,TEMPO WORKLOAD,2025-06-23,4.0,TEM-17
712020:6c5881b3-26a9-4223-a18b-14414e7b9d3a,TEMPO WORKLOAD,2025-06-23,8.0,TEM-7
5c8132a6e6e3160b9b6fd44d,TEMPO WORKLOAD,2025-06-23,6.0,TEM-10
712020:e09a2eee-2fe3-41a8-8a9c-29acd2258249,TEMPO WORKLOAD,2025-06-23,1.5,TEM-8
712020:d8a16146-bc5b-4c61-9c5d-af3eaddace2b,TEMPO WORKLOAD,2025-06-23,8.0,TEM-5
6310a8976856bdd60a9eddae,TEMPO WORKLOAD,2025-06-23,3.0,TEM-14
712020:31918087-5a23-4883-b0d2-134f05828b32,TEMPO WORKLOAD,2025-06-23,6.0,TEM-14
6310a8954fbe9c4bd0edf82a,TEMPO WORKLOAD,2025-06-23,0.5,TEM-19
712020:448afbe2-d875-40e8-9541-835a59cdf0a7,TEMPO WORKLOAD,2025-06-23,8.0,TEM-7
6310a8963e578bb3b5feb9f3,TEMPO WORKLOAD,2025-06-23,0.5,TEM-13
712020:34c5700f-f485-4468-b4d7-06a7a3e2942b,TEMPO WORKLOAD,2025-06-23,3.0,TEM-7
5d6fae7bab129d0c306da857,TEMPO WORKLOAD,2025-06-23,8.0,TEM-2
712020:d1c53603-3e65-4881-b493-a128394d565e,TEMPO WORKLOAD,2025-06-23,9.0,TEM-7
712020:76b2ab6b-f08d-4fef-9ced-52ff15fad7a0,TEMPO WORKLOAD,2025-06-23,0.75,TEM-21
712020:5e29a15d-dadb-41b1-bd51-d65cb73a9a3e,TEMPO WORKLOAD,2025-06-23,9.0,TEM-7
712020:2fd5ca9e-c92c-426e-b141-c27cdf46a539,TEMPO WORKLOAD,2025-06-23,6.0,TEM-9
6324d3f3ce3e476e42ae2595,TEMPO WORKLOAD,2025-06-23,2.0,TEM-6
6310a896316bbc56c4249184,TEMPO WORKLOAD,2025-06-23,0.5,TEM-13
5e0de9b99af3650e9e3ffc97,TEMPO WORKLOAD,2025-06-23,0.6666666666666666,TEM-14
5dbc42d12757660db6144b56,TEMPO WORKLOAD,2025-06-23,1.0,TEM-13
63e1170728cddcc70773cbd6,TEMPO WORKLOAD,2025-06-23,0.25,TEM-14
712020:6b82bca4-7ae3-4417-b5b5-76024cf32617,TEMPO WORKLOAD,2025-06-23,0.5,TEM-22
6310a8954fbe9c4bd0edf82a,TEMPO WORKLOAD,2025-06-23,0.3333333333333333,TEM-19
6310a8963e578bb3b5feb9f3,TEMPO WORKLOAD,2025-06-23,0.5,TEM-13
63e1170728cddcc70773cbd6,TEMPO WORKLOAD,2025-06-23,0.25,TEM-14
712020:76b2ab6b-f08d-4fef-9ced-52ff15fad7a0,TEMPO WORKLOAD,2025-06-23,2.183333333333333,TEM-21
70121:e997c5d5-1d6e-4973-80cb-28bfe7343a3f,TEMPO WORKLOAD,2025-06-23,0.5,TEM-28
6310a8954fbe9c4bd0edf82a,TEMPO WORKLOAD,2025-06-23,7.166666666666667,TEM-19
5f4d8530d0884f00492507dd,TEMPO WORKLOAD,2025-06-23,2.0,TEM-26
70121:716f3beb-9b1e-4b9c-bb75-d5716c9878b0,TEMPO WORKLOAD,2025-06-23,0.5,TEM-17
70121:716f3beb-9b1e-4b9c-bb75-d5716c9878b0,TEMPO WORKLOAD,2025-06-23,1.0,TEM-17
712020:460f9b37-2b1d-4960-8575-5dc964940e8f,TEMPO WORKLOAD,2025-06-23,2.0,TEM-26
712020:5912aa5b-0476-4091-834a-994381177d1a,TEMPO WORKLOAD,2025-06-23,0.5,TEM-18
63e1170728cddcc70773cbd6,TEMPO WORKLOAD,2025-06-23,1.5,TEM-14
6310a896316bbc56c4249184,TEMPO WORKLOAD,2025-06-23,0.25,TEM-10
712020:6b82bca4-7ae3-4417-b5b5-76024cf32617,TEMPO WORKLOAD,2025-06-23,0.5,TEM-22
6310a8963e578bb3b5feb9f3,TEMPO WORKLOAD,2025-06-23,0.75,TEM-13
712020:6ad83a3e-a1e9-43e6-a0a2-7931a513de7f,TEMPO WORKLOAD,2025-06-23,1.0,TEM-17
6324d3f3ce3e476e42ae2595,TEMPO WORKLOAD,2025-06-23,3.0,TEM-18
5e0de9b99af3650e9e3ffc97,TEMPO WORKLOAD,2025-06-23,1.0,TEM-14
637d1ac0f48fbd9b62d50fc3,TEMPO WORKLOAD,2025-06-23,8.0,TEM-8
6310a896316bbc56c4249184,TEMPO WORKLOAD,2025-06-23,0.5,TEM-13
70121:e997c5d5-1d6e-4973-80cb-28bfe7343a3f,TEMPO WORKLOAD,2025-06-23,2.0,TEM-28
5dbc42d12757660db6144b56,TEMPO WORKLOAD,2025-06-23,1.0,TEM-13
712020:51261fb6-b689-4617-8eae-46a70a19df7c,TEMPO WORKLOAD,2025-06-23,6.0,TEM-7
712020:5912aa5b-0476-4091-834a-994381177d1a,TEMPO WORKLOAD,2025-06-23,5.0,TEM-18
712020:6b82bca4-7ae3-4417-b5b5-76024cf32617,TEMPO WORKLOAD,2025-06-23,0.75,TEM-22
712020:e09a2eee-2fe3-41a8-8a9c-29acd2258249,TEMPO WORKLOAD,2025-06-23,0.25,TEM-8
557058:b0ab43f7-2329-4796-9a63-2abcf978b413,TEMPO WORKLOAD,2025-06-23,3.0,TEM-26
712020:e09a2eee-2fe3-41a8-8a9c-29acd2258249,TEMPO WORKLOAD,2025-06-23,2.25,TEM-8
63600fdb1cc605b1fd177862,TEMPO WORKLOAD,2025-06-23,3.0,TEM-28
6310a8963e578bb3b5feb9f3,TEMPO WORKLOAD,2025-06-23,0.75,TEM-13
5eb2db0fa4c57d0b8b13eecb,TEMPO WORKLOAD,2025-06-23,0.75,TEM-18
6022a0ace7deee0069225fbd,TEMPO WORKLOAD,2025-06-23,0.5,TEM-28
70121:716f3beb-9b1e-4b9c-bb75-d5716c9878b0,TEMPO WORKLOAD,2025-06-23,0.5,TEM-17
712020:39d78a45-5732-4153-afaa-dc9227f4dfe3,TEMPO WORKLOAD,2025-06-23,3.0,TEM-7
712020:a3240ec7-ccb7-4e31-81ed-5338bd11acc2,TEMPO WORKLOAD,2025-06-23,5.0,TEM-8
5e0de9b99af3650e9e3ffc97,TEMPO WORKLOAD,2025-06-23,2.0,TEM-14
70121:272d7cde-e8e4-4a3f-9333-8e1247180871,TEMPO WORKLOAD,2025-06-23,1.0,TEM-18
6310a896316bbc56c4249184,TEMPO WORKLOAD,2025-06-23,4.25,TEM-10
712020:6b82bca4-7ae3-4417-b5b5-76024cf32617,TEMPO WORKLOAD,2025-06-23,0.75,TEM-22
6022a0ace7deee0069225fbd,TEMPO WORKLOAD,2025-06-23,0.5,TEM-14
5dbc42d12757660db6144b56,TEMPO WORKLOAD,2025-06-23,0.75,TEM-36
63e1170728cddcc70773cbd6,TEMPO WORKLOAD,2025-06-23,0.5,TEM-14
5f45400afdc3f5003fee080b,TEMPO WORKLOAD,2025-06-23,0.5,TEM-14
712020:31918087-5a23-4883-b0d2-134f05828b32,TEMPO WORKLOAD,2025-06-23,0.5,TEM-14
6310a8963e578bb3b5feb9f3,TEMPO WORKLOAD,2025-06-23,1.0,TEM-13
5eb2db0fa4c57d0b8b13eecb,TEMPO WORKLOAD,2025-06-23,0.5,TEM-6
712020:76b2ab6b-f08d-4fef-9ced-52ff15fad7a0,TEMPO WORKLOAD,2025-06-23,5.066666666666666,TEM-21
6022a0ace7deee0069225fbd,TEMPO WORKLOAD,2025-06-23,1.0,TEM-13
70121:716f3beb-9b1e-4b9c-bb75-d5716c9878b0,TEMPO WORKLOAD,2025-06-23,0.5,TEM-6
5f03aab970b8a90025641824,TEMPO WORKLOAD,2025-06-23,0.25,TEM-26
636e3660c383ad842147234a,TEMPO WORKLOAD,2025-06-23,0.25,TEM-26
712020:d6bab2e1-1616-4bfb-83a4-2be2aebf31ed,TEMPO WORKLOAD,2025-06-23,6.0,TEM-8
63e1170728cddcc70773cbd6,TEMPO WORKLOAD,2025-06-23,1.5,TEM-14
5f45400afdc3f5003fee080b,TEMPO WORKLOAD,2025-06-23,4.0,TEM-14
712020:6b82bca4-7ae3-4417-b5b5-76024cf32617,TEMPO WORKLOAD,2025-06-23,0.5,TEM-22
5dea6ce9b95b180d17cfc7df,TEMPO WORKLOAD,2025-06-23,0.25,TEM-28
712020:31918087-5a23-4883-b0d2-134f05828b32,TEMPO WORKLOAD,2025-06-23,0.75,TEM-14
6310a8976856bdd60a9eddae,TEMPO WORKLOAD,2025-06-23,2.0,TEM-14
712020:34c5700f-f485-4468-b4d7-06a7a3e2942b,TEMPO WORKLOAD,2025-06-23,1.0,TEM-7
5eb2db0fa4c57d0b8b13eecb,TEMPO WORKLOAD,2025-06-23,1.0,TEM-18
607829da95f6fc006aab9e92,TEMPO WORKLOAD,2025-06-23,3.8333333333333335,TEM-19
70121:272d7cde-e8e4-4a3f-9333-8e1247180871,TEMPO WORKLOAD,2025-06-23,3.0,TEM-18
5f03aab970b8a90025641824,TEMPO WORKLOAD,2025-06-23,3.75,TEM-15
5dbc42d12757660db6144b56,TEMPO WORKLOAD,2025-06-23,0.75,TEM-36
70121:e997c5d5-1d6e-4973-80cb-28bfe7343a3f,TEMPO WORKLOAD,2025-06-23,2.0,TEM-15
5c5857d6036b380b84dc8212,TEMPO WORKLOAD,2025-06-23,0.5,TEM-28
5c5857d6036b380b84dc8212,TEMPO WORKLOAD,2025-06-23,2.0,TEM-28
712020:6b82bca4-7ae3-4417-b5b5-76024cf32617,TEMPO WORKLOAD,2025-06-23,1.5,TEM-22
5dea6ce9b95b180d17cfc7df,TEMPO WORKLOAD,2025-06-23,1.25,TEM-28
6310a8963e578bb3b5feb9f3,TEMPO WORKLOAD,2025-06-23,3.5,TEM-13
712020:1e3eed0c-846c-4ebd-bec7-51d04bbb59c0,TEMPO WORKLOAD,2025-06-23,0.25,TEM-30
6022a0ace7deee0069225fbd,TEMPO WORKLOAD,2025-06-23,1.0,TEM-36
5dbc42d12757660db6144b56,TEMPO WORKLOAD,2025-06-23,0.75,TEM-36
712020:3268e7ac-2411-4ef8-a85a-d619f040639c,TEMPO WORKLOAD,2025-06-23,1.0,TEM-36
62fbd97aeec8d4a478d41a3b,TEMPO WORKLOAD,2025-06-23,4.0,TEM-17
712020:15482282-a769-4a4d-a4c2-0424a3a2e0d8,TEMPO WORKLOAD,2025-06-23,2.0,TEM-8
5e0de9b99af3650e9e3ffc97,TEMPO WORKLOAD,2025-06-23,3.8333333333333335,TEM-14
63e1170728cddcc70773cbd6,TEMPO WORKLOAD,2025-06-23,0.25,TEM-14
5eb2db0fa4c57d0b8b13eecb,TEMPO WORKLOAD,2025-06-23,0.5,TEM-18
5dbc42d12757660db6144b56,TEMPO WORKLOAD,2025-06-23,0.5,TEM-13
63e1170728cddcc70773cbd6,TEMPO WORKLOAD,2025-06-23,1.75,TEM-14
63600fdb1cc605b1fd177862,TEMPO WORKLOAD,2025-06-23,3.0,TEM-17
712020:34c5700f-f485-4468-b4d7-06a7a3e2942b,TEMPO WORKLOAD,2025-06-23,3.0,TEM-7
6022a0ace7deee0069225fbd,TEMPO WORKLOAD,2025-06-23,0.5,TEM-36
712020:5ee2f3fa-371b-4e6b-b912-594fc836bd92,TEMPO WORKLOAD,2025-06-23,4.0,TEM-30
712020:39d78a45-5732-4153-afaa-dc9227f4dfe3,TEMPO WORKLOAD,2025-06-23,2.0,TEM-8
712020:3268e7ac-2411-4ef8-a85a-d619f040639c,TEMPO WORKLOAD,2025-06-23,0.25,TEM-25
712020:a7ee73c4-a6b3-4a8b-b22b-97aa3edf3ff7,TEMPO WORKLOAD,2025-06-23,5.0,TEM-8
712020:e09a2eee-2fe3-41a8-8a9c-29acd2258249,TEMPO WORKLOAD,2025-06-23,2.75,TEM-8
5dea6ce9b95b180d17cfc7df,TEMPO WORKLOAD,2025-06-23,1.0,TEM-15
6310a8976856bdd60a9eddae,TEMPO WORKLOAD,2025-06-23,0.5,TEM-14
6324d3f3ce3e476e42ae2595,TEMPO WORKLOAD,2025-06-23,3.0,TEM-18
5dbc42d12757660db6144b56,TEMPO WORKLOAD,2025-06-23,0.5,TEM-2
712020:3268e7ac-2411-4ef8-a85a-d619f040639c,TEMPO WORKLOAD,2025-06-23,0.75,TEM-36
712020:6b82bca4-7ae3-4417-b5b5-76024cf32617,TEMPO WORKLOAD,2025-06-23,1.5,TEM-22
70121:e997c5d5-1d6e-4973-80cb-28bfe7343a3f,TEMPO WORKLOAD,2025-06-23,1.0,TEM-15
6022a0ace7deee0069225fbd,TEMPO WORKLOAD,2025-06-23,0.5,TEM-36
6310a8976856bdd60a9eddae,TEMPO WORKLOAD,2025-06-23,0.5,TEM-14
5dbc42d12757660db6144b56,TEMPO WORKLOAD,2025-06-23,0.75,TEM-17
70121:716f3beb-9b1e-4b9c-bb75-d5716c9878b0,TEMPO WORKLOAD,2025-06-23,2.0,TEM-17
6022a0ace7deee0069225fbd,TEMPO WORKLOAD,2025-06-23,0.5,TEM-13
5dea6ce9b95b180d17cfc7df,TEMPO WORKLOAD,2025-06-23,1.0,TEM-28
712020:15482282-a769-4a4d-a4c2-0424a3a2e0d8,TEMPO WORKLOAD,2025-06-23,1.0,TEM-9
6310a8976856bdd60a9eddae,TEMPO WORKLOAD,2025-06-23,1.0,TEM-14
6022a0ace7deee0069225fbd,TEMPO WORKLOAD,2025-06-23,0.5,TEM-14
5dbc42d12757660db6144b56,TEMPO WORKLOAD,2025-06-23,0.5,TEM-36
63e1170728cddcc70773cbd6,TEMPO WORKLOAD,2025-06-23,2.0,TEM-14
6310a896316bbc56c4249184,TEMPO WORKLOAD,2025-06-23,1.0,TEM-13
712020:6b82bca4-7ae3-4417-b5b5-76024cf32617,TEMPO WORKLOAD,2025-06-23,2.0,TEM-22
712020:39d78a45-5732-4153-afaa-dc9227f4dfe3,TEMPO WORKLOAD,2025-06-23,4.0,TEM-7
712020:3268e7ac-2411-4ef8-a85a-d619f040639c,TEMPO WORKLOAD,2025-06-23,1.0,TEM-36
5c8bd7984c5068698da7b839,TEMPO WORKLOAD,2025-06-23,0.8833333333333333,TEM-9
5dea6ce9b95b180d17cfc7df,TEMPO WORKLOAD,2025-06-23,0.75,TEM-28
712020:e09a2eee-2fe3-41a8-8a9c-29acd2258249,TEMPO WORKLOAD,2025-06-23,1.25,TEM-8
712020:3268e7ac-2411-4ef8-a85a-d619f040639c,TEMPO WORKLOAD,2025-06-23,1.0,TEM-36
712020:76b2ab6b-f08d-4fef-9ced-52ff15fad7a0,TEMPO WORKLOAD,2025-06-23,2.0,TEM-27
5c8bd7984c5068698da7b839,TEMPO WORKLOAD,2025-06-23,0.8333333333333334,TEM-9
5c8bd7984c5068698da7b839,TEMPO WORKLOAD,2025-06-23,0.5166666666666667,TEM-32
712020:05c80f08-99ab-4608-9ac1-8c3c43fbef01,TEMPO WORKLOAD,2025-06-24,0.5,TEM-25
712020:05c80f08-99ab-4608-9ac1-8c3c43fbef01,TEMPO WORKLOAD,2025-06-24,8.0,TEM-17
712020:5ee2f3fa-371b-4e6b-b912-594fc836bd92,TEMPO WORKLOAD,2025-06-24,6.5,TEM-30
5eb2db0fa4c57d0b8b13eecb,TEMPO WORKLOAD,2025-06-24,0.5,TEM-28
5eb2db0fa4c57d0b8b13eecb,TEMPO WORKLOAD,2025-06-24,0.5,TEM-18
64076b2b4d5e4b44e233faf6,TEMPO WORKLOAD,2025-06-24,8.0,TEM-15
557058:b0ab43f7-2329-4796-9a63-2abcf978b413,TEMPO WORKLOAD,2025-06-24,0.3333333333333333,TEM-26
607829da95f6fc006aab9e92,TEMPO WORKLOAD,2025-06-24,0.25,TEM-19
712020:b6588882-6f04-4ee1-8c9d-7bdd4569e704,TEMPO WORKLOAD,2025-06-24,7.0,TEM-25
6411cc617222b08f3e70f716,TEMPO WORKLOAD,2025-06-24,0.25,TEM-18
613fb43fe6c39d00721944a0,TEMPO WORKLOAD,2025-06-24,1.0,TEM-13
5dbc42d12757660db6144b56,TEMPO WORKLOAD,2025-06-24,1.0,TEM-13
61ddc1dcf3037f0069656c13,TEMPO WORKLOAD,2025-06-24,2.0,TEM-18
61ddc1dcf3037f0069656c13,TEMPO WORKLOAD,2025-06-24,0.5,TEM-18
6356e77976b91b62562d4fea,TEMPO WORKLOAD,2025-06-24,6.0,TEM-26
712020:f5cdecd9-64db-4d5e-b4a2-c8f4b7201212,TEMPO WORKLOAD,2025-06-24,8.0,TEM-7
5c8132a6e6e3160b9b6fd44d,TEMPO WORKLOAD,2025-06-24,0.5,TEM-13
712020:db40572b-4fd3-49a2-b4c1-620d9be82a65,TEMPO WORKLOAD,2025-06-24,8.0,TEM-9
5eb2e91b96bbcb0b857bfa58,TEMPO WORKLOAD,2025-06-24,6.25,TEM-14
5eb2e91b96bbcb0b857bfa58,TEMPO WORKLOAD,2025-06-24,0.5,TEM-14
5eb2e91b96bbcb0b857bfa58,TEMPO WORKLOAD,2025-06-24,0.5,TEM-14
557058:c310fa79-8a55-492f-a2fe-6e69a7d7c4eb,TEMPO WORKLOAD,2025-06-24,1.0,TEM-23
5c5857d6036b380b84dc8212,TEMPO WORKLOAD,2025-06-24,1.0,TEM-23
63d916c4bf837c6893d6fbad,TEMPO WORKLOAD,2025-06-24,8.0,TEM-7
6310a896316bbc56c4249184,TEMPO WORKLOAD,2025-06-24,0.25,TEM-10
6299079acd636500697d4701,TEMPO WORKLOAD,2025-06-24,8.0,TEM-21
712020:ab3c5ef0-a515-47fc-9cdd-3b5d0c219224,TEMPO WORKLOAD,2025-06-24,8.0,TEM-7
613fb383e057c6006a1ccade,TEMPO WORKLOAD,2025-06-24,8.0,TEM-8
63600fdb1cc605b1fd177862,TEMPO WORKLOAD,2025-06-24,3.0,TEM-17
712020:02ccfc0c-5c0f-4e48-8f91-fb3bb584a2dc,TEMPO WORKLOAD,2025-06-24,8.0,TEM-7
712020:a3240ec7-ccb7-4e31-81ed-5338bd11acc2,TEMPO WORKLOAD,2025-06-24,3.0,TEM-8
70121:2c1e0513-4f21-4c96-adc1-8c318e30bc0e,TEMPO WORKLOAD,2025-06-24,3.0,TEM-7
70121:2c1e0513-4f21-4c96-adc1-8c318e30bc0e,TEMPO WORKLOAD,2025-06-24,3.0,TEM-8
6310a8976856bdd60a9eddae,TEMPO WORKLOAD,2025-06-24,0.5,TEM-14
712020:98295f35-86b1-4d23-a51b-30dbe7170d11,TEMPO WORKLOAD,2025-06-24,7.2,TEM-7
712020:00e94d7a-1f49-4891-bbf9-a2bf827bd258,TEMPO WORKLOAD,2025-06-24,8.0,TEM-9
712020:f50b1e80-f1ef-440b-b954-716fbfdbc927,TEMPO WORKLOAD,2025-06-24,8.0,TEM-9
5e751b85fad9000c325d9aae,TEMPO WORKLOAD,2025-06-24,9.25,TEM-8
5f45400afdc3f5003fee080b,TEMPO WORKLOAD,2025-06-24,2.0,TEM-14
6310a8963e578bb3b5feb9f3,TEMPO WORKLOAD,2025-06-24,0.5,TEM-13
712020:6ad83a3e-a1e9-43e6-a0a2-7931a513de7f,TEMPO WORKLOAD,2025-06-24,2.0,TEM-17
70121:716f3beb-9b1e-4b9c-bb75-d5716c9878b0,TEMPO WORKLOAD,2025-06-24,1.0,TEM-17
712020:39d78a45-5732-4153-afaa-dc9227f4dfe3,TEMPO WORKLOAD,2025-06-24,3.0,TEM-7
5dea6ce9b95b180d17cfc7df,TEMPO WORKLOAD,2025-06-24,3.75,TEM-28
5c8bd7984c5068698da7b839,TEMPO WORKLOAD,2025-06-24,10.283333333333333,TEM-32
712020:15482282-a769-4a4d-a4c2-0424a3a2e0d8,TEMPO WORKLOAD,2025-06-24,5.0,TEM-7
712020:d26e58e6-874b-4243-ac4e-1d4cb867a542,TEMPO WORKLOAD,2025-06-24,8.0,TEM-8
605e40fd2f7d900070bce962,TEMPO WORKLOAD,2025-06-24,0.25,TEM-26
5eb2db0fa4c57d0b8b13eecb,TEMPO WORKLOAD,2025-06-24,1.0,TEM-28
5c8bd79686c36970e812b609,TEMPO WORKLOAD,2025-06-24,8.0,TEM-7
62e433730b4bf7ad924bcbe5,TEMPO WORKLOAD,2025-06-24,8.0,TEM-2
62fbddc8bb0704a2a808bd57,TEMPO WORKLOAD,2025-06-24,8.0,TEM-5
70121:e997c5d5-1d6e-4973-80cb-28bfe7343a3f,TEMPO WORKLOAD,2025-06-24,0.25,TEM-28
70121:2c1e0513-4f21-4c96-adc1-8c318e30bc0e,TEMPO WORKLOAD,2025-06-24,1.5,TEM-28
70121:2c1e0513-4f21-4c96-adc1-8c318e30bc0e,TEMPO WORKLOAD,2025-06-24,0.5,TEM-5
607829da95f6fc006aab9e92,TEMPO WORKLOAD,2025-06-24,7.75,TEM-19
636e3660c383ad842147234a,TEMPO WORKLOAD,2025-06-24,3.75,TEM-26
6411cc617222b08f3e70f716,TEMPO WORKLOAD,2025-06-24,4.5,TEM-18
6310a896316bbc56c4249184,TEMPO WORKLOAD,2025-06-24,0.5,TEM-13
605e40fd2f7d900070bce962,TEMPO WORKLOAD,2025-06-24,0.75,TEM-26
70121:e997c5d5-1d6e-4973-80cb-28bfe7343a3f,TEMPO WORKLOAD,2025-06-24,0.75,TEM-15
557058:b0ab43f7-2329-4796-9a63-2abcf978b413,TEMPO WORKLOAD,2025-06-24,2.0,TEM-26
5c5857d6036b380b84dc8212,TEMPO WORKLOAD,2025-06-24,4.5,TEM-28
5c8132a6e6e3160b9b6fd44d,TEMPO WORKLOAD,2025-06-24,4.0,TEM-10
6310a8976856bdd60a9eddae,TEMPO WORKLOAD,2025-06-24,0.5,TEM-14
6310a8963e578bb3b5feb9f3,TEMPO WORKLOAD,2025-06-24,1.5,TEM-13
61ddc1dcf3037f0069656c13,TEMPO WORKLOAD,2025-06-24,0.5,TEM-24
6310a896316bbc56c4249184,TEMPO WORKLOAD,2025-06-24,2.0,TEM-13
61ddc1dcf3037f0069656c13,TEMPO WORKLOAD,2025-06-24,1.0,TEM-24
61ddc1dcf3037f0069656c13,TEMPO WORKLOAD,2025-06-24,3.0,TEM-24
712020:c24d4628-d885-44d1-8ec8-dd76d416436a,TEMPO WORKLOAD,2025-06-24,8.0,TEM-26
5f03aab970b8a90025641824,TEMPO WORKLOAD,2025-06-24,3.0,TEM-15
62fbd97aeec8d4a478d41a3b,TEMPO WORKLOAD,2025-06-24,4.0,TEM-17
63b6c257d3aeefa405443cf9,TEMPO WORKLOAD,2025-06-24,6.0,TEM-24
712020:3268e7ac-2411-4ef8-a85a-d619f040639c,TEMPO WORKLOAD,2025-06-24,1.5,TEM-36
712020:11e8ce5a-06a7-43cf-9c5a-858eed6f0a07,TEMPO WORKLOAD,2025-06-24,8.0,TEM-5
5dbc42d12757660db6144b56,TEMPO WORKLOAD,2025-06-24,1.0,TEM-13
712020:5912aa5b-0476-4091-834a-994381177d1a,TEMPO WORKLOAD,2025-06-24,0.25,TEM-18
712020:f71fff89-9283-4b8c-afc6-a4ccda67573c,TEMPO WORKLOAD,2025-06-24,8.0,TEM-9
712020:6c5881b3-26a9-4223-a18b-14414e7b9d3a,TEMPO WORKLOAD,2025-06-24,8.0,TEM-7
712020:c2d6f64b-7c18-4b58-9189-57c8823f4f64,TEMPO WORKLOAD,2025-06-24,8.0,TEM-5
557058:c310fa79-8a55-492f-a2fe-6e69a7d7c4eb,TEMPO WORKLOAD,2025-06-24,0.25,TEM-19
712020:6b82bca4-7ae3-4417-b5b5-76024cf32617,TEMPO WORKLOAD,2025-06-24,0.5,TEM-22
5e0de9b99af3650e9e3ffc97,TEMPO WORKLOAD,2025-06-24,0.5,TEM-14
712020:f518f4e7-7314-45a9-a3ef-723ad3fd6d7f,TEMPO WORKLOAD,2025-06-24,6.5,TEM-7
712020:e09a2eee-2fe3-41a8-8a9c-29acd2258249,TEMPO WORKLOAD,2025-06-24,1.5,TEM-8
613fb43fe6c39d00721944a0,TEMPO WORKLOAD,2025-06-24,3.0,TEM-36
712020:d8a16146-bc5b-4c61-9c5d-af3eaddace2b,TEMPO WORKLOAD,2025-06-24,8.0,TEM-5
6310a8976856bdd60a9eddae,TEMPO WORKLOAD,2025-06-24,0.5,TEM-14
712020:a7ee73c4-a6b3-4a8b-b22b-97aa3edf3ff7,TEMPO WORKLOAD,2025-06-24,4.0,TEM-8
712020:31918087-5a23-4883-b0d2-134f05828b32,TEMPO WORKLOAD,2025-06-24,7.0,TEM-14
6310a8954fbe9c4bd0edf82a,TEMPO WORKLOAD,2025-06-24,0.5,TEM-19
712020:448afbe2-d875-40e8-9541-835a59cdf0a7,TEMPO WORKLOAD,2025-06-24,8.0,TEM-7
712020:34c5700f-f485-4468-b4d7-06a7a3e2942b,TEMPO WORKLOAD,2025-06-24,7.0,TEM-7
5d6fae7bab129d0c306da857,TEMPO WORKLOAD,2025-06-24,0.5,TEM-13
712020:d1c53603-3e65-4881-b493-a128394d565e,TEMPO WORKLOAD,2025-06-24,9.0,TEM-7
712020:91b42101-19bb-498d-9942-8850a5540c96,TEMPO WORKLOAD,2025-06-24,5.0,TEM-25
6310a898316bbc56c4249187,TEMPO WORKLOAD,2025-06-24,4.0,TEM-21
712020:76b2ab6b-f08d-4fef-9ced-52ff15fad7a0,TEMPO WORKLOAD,2025-06-24,2.0833333333333335,TEM-21
712020:5e29a15d-dadb-41b1-bd51-d65cb73a9a3e,TEMPO WORKLOAD,2025-06-24,8.0,TEM-9
712020:2fd5ca9e-c92c-426e-b141-c27cdf46a539,TEMPO WORKLOAD,2025-06-24,6.0,TEM-9
605e40fd2f7d900070bce962,TEMPO WORKLOAD,2025-06-24,2.0,TEM-26
5eb2db0fa4c57d0b8b13eecb,TEMPO WORKLOAD,2025-06-24,1.0,TEM-28
70121:e997c5d5-1d6e-4973-80cb-28bfe7343a3f,TEMPO WORKLOAD,2025-06-24,0.25,TEM-28
712020:5912aa5b-0476-4091-834a-994381177d1a,TEMPO WORKLOAD,2025-06-24,0.25,TEM-18
557058:c310fa79-8a55-492f-a2fe-6e69a7d7c4eb,TEMPO WORKLOAD,2025-06-24,7.75,TEM-19
70121:e997c5d5-1d6e-4973-80cb-28bfe7343a3f,TEMPO WORKLOAD,2025-06-24,1.5,TEM-15
5e0de9b99af3650e9e3ffc97,TEMPO WORKLOAD,2025-06-24,3.0,TEM-14
712020:6b82bca4-7ae3-4417-b5b5-76024cf32617,TEMPO WORKLOAD,2025-06-24,0.5,TEM-22
6310a8976856bdd60a9eddae,TEMPO WORKLOAD,2025-06-24,2.5,TEM-14
6310a8954fbe9c4bd0edf82a,TEMPO WORKLOAD,2025-06-24,0.25,TEM-19
6324d3f3ce3e476e42ae2595,TEMPO WORKLOAD,2025-06-24,0.5,TEM-18
6310a8954fbe9c4bd0edf82a,TEMPO WORKLOAD,2025-06-24,7.25,TEM-19
5f4d8530d0884f00492507dd,TEMPO WORKLOAD,2025-06-24,2.0,TEM-26
712020:5912aa5b-0476-4091-834a-994381177d1a,TEMPO WORKLOAD,2025-06-24,0.5,TEM-18
712020:460f9b37-2b1d-4960-8575-5dc964940e8f,TEMPO WORKLOAD,2025-06-24,2.0,TEM-26
5dbc42d12757660db6144b56,TEMPO WORKLOAD,2025-06-24,1.5,TEM-17
63e1170728cddcc70773cbd6,TEMPO WORKLOAD,2025-06-24,2.5,TEM-14
637d1ac0f48fbd9b62d50fc3,TEMPO WORKLOAD,2025-06-24,8.0,TEM-8
712020:6b82bca4-7ae3-4417-b5b5-76024cf32617,TEMPO WORKLOAD,2025-06-24,2.0,TEM-22
712020:6ad83a3e-a1e9-43e6-a0a2-7931a513de7f,TEMPO WORKLOAD,2025-06-24,0.5,TEM-17
6310a8963e578bb3b5feb9f3,TEMPO WORKLOAD,2025-06-24,5.5,TEM-13
6324d3f3ce3e476e42ae2595,TEMPO WORKLOAD,2025-06-24,2.5,TEM-18
5eb2db0fa4c57d0b8b13eecb,TEMPO WORKLOAD,2025-06-24,2.0,TEM-28
712020:5912aa5b-0476-4091-834a-994381177d1a,TEMPO WORKLOAD,2025-06-24,5.0,TEM-18
6022a0ace7deee0069225fbd,TEMPO WORKLOAD,2025-06-24,1.0,TEM-13
712020:3268e7ac-2411-4ef8-a85a-d619f040639c,TEMPO WORKLOAD,2025-06-24,1.0,TEM-36
5dbc42d12757660db6144b56,TEMPO WORKLOAD,2025-06-24,2.5,TEM-36
712020:e09a2eee-2fe3-41a8-8a9c-29acd2258249,TEMPO WORKLOAD,2025-06-24,0.25,TEM-8
712020:e09a2eee-2fe3-41a8-8a9c-29acd2258249,TEMPO WORKLOAD,2025-06-24,0.25,TEM-8
712020:6ad83a3e-a1e9-43e6-a0a2-7931a513de7f,TEMPO WORKLOAD,2025-06-24,0.5,TEM-17
712020:e09a2eee-2fe3-41a8-8a9c-29acd2258249,TEMPO WORKLOAD,2025-06-24,2.25,TEM-8
70121:e997c5d5-1d6e-4973-80cb-28bfe7343a3f,TEMPO WORKLOAD,2025-06-24,0.5,TEM-28
712020:51261fb6-b689-4617-8eae-46a70a19df7c,TEMPO WORKLOAD,2025-06-24,3.0,TEM-7
6310a896316bbc56c4249184,TEMPO WORKLOAD,2025-06-24,1.0,TEM-13
63600fdb1cc605b1fd177862,TEMPO WORKLOAD,2025-06-24,2.0,TEM-28
712020:a3240ec7-ccb7-4e31-81ed-5338bd11acc2,TEMPO WORKLOAD,2025-06-24,5.0,TEM-8
70121:716f3beb-9b1e-4b9c-bb75-d5716c9878b0,TEMPO WORKLOAD,2025-06-24,0.5,TEM-17
70121:716f3beb-9b1e-4b9c-bb75-d5716c9878b0,TEMPO WORKLOAD,2025-06-24,2.0,TEM-17
712020:39d78a45-5732-4153-afaa-dc9227f4dfe3,TEMPO WORKLOAD,2025-06-24,2.0,TEM-8
712020:76b2ab6b-f08d-4fef-9ced-52ff15fad7a0,TEMPO WORKLOAD,2025-06-24,5.916666666666667,TEM-21
70121:e997c5d5-1d6e-4973-80cb-28bfe7343a3f,TEMPO WORKLOAD,2025-06-24,0.25,TEM-27
6022a0ace7deee0069225fbd,TEMPO WORKLOAD,2025-06-24,0.5,TEM-14
712020:3268e7ac-2411-4ef8-a85a-d619f040639c,TEMPO WORKLOAD,2025-06-24,0.5,TEM-25
70121:e997c5d5-1d6e-4973-80cb-28bfe7343a3f,TEMPO WORKLOAD,2025-06-24,0.5,TEM-28
5f03aab970b8a90025641824,TEMPO WORKLOAD,2025-06-24,0.25,TEM-26
636e3660c383ad842147234a,TEMPO WORKLOAD,2025-06-24,0.25,TEM-26
712020:3268e7ac-2411-4ef8-a85a-d619f040639c,TEMPO WORKLOAD,2025-06-24,1.0,TEM-25
5f45400afdc3f5003fee080b,TEMPO WORKLOAD,2025-06-24,0.5,TEM-14
6310a896316bbc56c4249184,TEMPO WORKLOAD,2025-06-24,4.0,TEM-10
613fb43fe6c39d00721944a0,TEMPO WORKLOAD,2025-06-24,3.0,TEM-36
712020:d6bab2e1-1616-4bfb-83a4-2be2aebf31ed,TEMPO WORKLOAD,2025-06-24,6.0,TEM-8
5dea6ce9b95b180d17cfc7df,TEMPO WORKLOAD,2025-06-24,0.25,TEM-28
6310a8976856bdd60a9eddae,TEMPO WORKLOAD,2025-06-24,0.75,TEM-14
712020:6b82bca4-7ae3-4417-b5b5-76024cf32617,TEMPO WORKLOAD,2025-06-24,3.5,TEM-22
5eb2db0fa4c57d0b8b13eecb,TEMPO WORKLOAD,2025-06-24,2.0,TEM-6
70121:e997c5d5-1d6e-4973-80cb-28bfe7343a3f,TEMPO WORKLOAD,2025-06-24,0.75,TEM-15
70121:272d7cde-e8e4-4a3f-9333-8e1247180871,TEMPO WORKLOAD,2025-06-24,4.0,TEM-18
5f03aab970b8a90025641824,TEMPO WORKLOAD,2025-06-24,3.75,TEM-15
5e0de9b99af3650e9e3ffc97,TEMPO WORKLOAD,2025-06-24,0.5,TEM-14
5dea6ce9b95b180d17cfc7df,TEMPO WORKLOAD,2025-06-24,3.25,TEM-28
63e1170728cddcc70773cbd6,TEMPO WORKLOAD,2025-06-24,2.0,TEM-14
5c5857d6036b380b84dc8212,TEMPO WORKLOAD,2025-06-24,1.5,TEM-28
5c5857d6036b380b84dc8212,TEMPO WORKLOAD,2025-06-24,0.5,TEM-28
5c8132a6e6e3160b9b6fd44d,TEMPO WORKLOAD,2025-06-24,1.5,TEM-13
5f45400afdc3f5003fee080b,TEMPO WORKLOAD,2025-06-24,5.5,TEM-14
6324d3f3ce3e476e42ae2595,TEMPO WORKLOAD,2025-06-24,3.0,TEM-18
6411cc617222b08f3e70f716,TEMPO WORKLOAD,2025-06-24,0.25,TEM-18
6310a8976856bdd60a9eddae,TEMPO WORKLOAD,2025-06-24,2.25,TEM-14
70121:e997c5d5-1d6e-4973-80cb-28bfe7343a3f,TEMPO WORKLOAD,2025-06-24,0.25,TEM-28
5e0de9b99af3650e9e3ffc97,TEMPO WORKLOAD,2025-06-24,4.0,TEM-14
6411cc617222b08f3e70f716,TEMPO WORKLOAD,2025-06-24,0.25,TEM-18
712020:3268e7ac-2411-4ef8-a85a-d619f040639c,TEMPO WORKLOAD,2025-06-24,1.0,TEM-25
62fbd97aeec8d4a478d41a3b,TEMPO WORKLOAD,2025-06-24,4.0,TEM-17
63600fdb1cc605b1fd177862,TEMPO WORKLOAD,2025-06-24,2.0,TEM-28
5dbc42d12757660db6144b56,TEMPO WORKLOAD,2025-06-24,1.5,TEM-17
712020:39d78a45-5732-4153-afaa-dc9227f4dfe3,TEMPO WORKLOAD,2025-06-24,3.0,TEM-9
712020:15482282-a769-4a4d-a4c2-0424a3a2e0d8,TEMPO WORKLOAD,2025-06-24,2.0,TEM-8
6411cc617222b08f3e70f716,TEMPO WORKLOAD,2025-06-24,0.25,TEM-18
6411cc617222b08f3e70f716,TEMPO WORKLOAD,2025-06-24,1.0,TEM-18
5c8132a6e6e3160b9b6fd44d,TEMPO WORKLOAD,2025-06-24,2.0,TEM-13
712020:5ee2f3fa-371b-4e6b-b912-594fc836bd92,TEMPO WORKLOAD,2025-06-24,4.0,TEM-30
712020:3268e7ac-2411-4ef8-a85a-d619f040639c,TEMPO WORKLOAD,2025-06-24,0.5,TEM-25
712020:e09a2eee-2fe3-41a8-8a9c-29acd2258249,TEMPO WORKLOAD,2025-06-24,2.0,TEM-8
712020:a7ee73c4-a6b3-4a8b-b22b-97aa3edf3ff7,TEMPO WORKLOAD,2025-06-24,5.0,TEM-8
70121:716f3beb-9b1e-4b9c-bb75-d5716c9878b0,TEMPO WORKLOAD,2025-06-24,1.0,TEM-17
712020:91b42101-19bb-498d-9942-8850a5540c96,TEMPO WORKLOAD,2025-06-24,0.5,TEM-25
5eb2db0fa4c57d0b8b13eecb,TEMPO WORKLOAD,2025-06-24,1.0,TEM-28
6411cc617222b08f3e70f716,TEMPO WORKLOAD,2025-06-24,0.5,TEM-18
63e1170728cddcc70773cbd6,TEMPO WORKLOAD,2025-06-24,1.0,TEM-14
712020:3268e7ac-2411-4ef8-a85a-d619f040639c,TEMPO WORKLOAD,2025-06-24,1.0,TEM-36
5dbc42d12757660db6144b56,TEMPO WORKLOAD,2025-06-24,0.5,TEM-36
6411cc617222b08f3e70f716,TEMPO WORKLOAD,2025-06-24,0.25,TEM-18
613fb43fe6c39d00721944a0,TEMPO WORKLOAD,2025-06-24,0.5,TEM-13
6022a0ace7deee0069225fbd,TEMPO WORKLOAD,2025-06-24,0.25,TEM-13
712020:31918087-5a23-4883-b0d2-134f05828b32,TEMPO WORKLOAD,2025-06-24,0.5,TEM-14
712020:1e3eed0c-846c-4ebd-bec7-51d04bbb59c0,TEMPO WORKLOAD,2025-06-24,0.5,TEM-30
6310a8976856bdd60a9eddae,TEMPO WORKLOAD,2025-06-24,0.5,TEM-14
712020:15482282-a769-4a4d-a4c2-0424a3a2e0d8,TEMPO WORKLOAD,2025-06-24,1.0,TEM-9
6324d3f3ce3e476e42ae2595,TEMPO WORKLOAD,2025-06-24,2.0,TEM-18
63600fdb1cc605b1fd177862,TEMPO WORKLOAD,2025-06-24,1.0,TEM-6
6411cc617222b08f3e70f716,TEMPO WORKLOAD,2025-06-24,0.25,TEM-18
6022a0ace7deee0069225fbd,TEMPO WORKLOAD,2025-06-24,0.25,TEM-14
712020:6b82bca4-7ae3-4417-b5b5-76024cf32617,TEMPO WORKLOAD,2025-06-24,1.5,TEM-22
6022a0ace7deee0069225fbd,TEMPO WORKLOAD,2025-06-24,0.5,TEM-14
6411cc617222b08f3e70f716,TEMPO WORKLOAD,2025-06-24,0.5,TEM-18
63e1170728cddcc70773cbd6,TEMPO WORKLOAD,2025-06-24,0.5,TEM-14
613fb43fe6c39d00721944a0,TEMPO WORKLOAD,2025-06-24,0.5,TEM-36
6310a8963e578bb3b5feb9f3,TEMPO WORKLOAD,2025-06-24,0.5,TEM-13
6310a8976856bdd60a9eddae,TEMPO WORKLOAD,2025-06-24,0.5,TEM-14
712020:91b42101-19bb-498d-9942-8850a5540c96,TEMPO WORKLOAD,2025-06-24,2.5,TEM-25
6022a0ace7deee0069225fbd,TEMPO WORKLOAD,2025-06-24,0.5,TEM-13
63e1170728cddcc70773cbd6,TEMPO WORKLOAD,2025-06-24,0.5,TEM-14
6310a896316bbc56c4249184,TEMPO WORKLOAD,2025-06-24,0.5,TEM-13
712020:e09a2eee-2fe3-41a8-8a9c-29acd2258249,TEMPO WORKLOAD,2025-06-24,2.0,TEM-8
5dea6ce9b95b180d17cfc7df,TEMPO WORKLOAD,2025-06-24,1.0,TEM-15
6022a0ace7deee0069225fbd,TEMPO WORKLOAD,2025-06-24,0.5,TEM-36
63e1170728cddcc70773cbd6,TEMPO WORKLOAD,2025-06-24,1.5,TEM-14
712020:3268e7ac-2411-4ef8-a85a-d619f040639c,TEMPO WORKLOAD,2025-06-24,0.5,TEM-36
6022a0ace7deee0069225fbd,TEMPO WORKLOAD,2025-06-24,0.5,TEM-36
712020:76b2ab6b-f08d-4fef-9ced-52ff15fad7a0,TEMPO WORKLOAD,2025-06-24,2.0,TEM-27
712020:3268e7ac-2411-4ef8-a85a-d619f040639c,TEMPO WORKLOAD,2025-06-24,1.0,TEM-36
712020:51261fb6-b689-4617-8eae-46a70a19df7c,TEMPO WORKLOAD,2025-06-24,3.5,TEM-7
712020:05c80f08-99ab-4608-9ac1-8c3c43fbef01,TEMPO WORKLOAD,2025-06-25,0.5,TEM-25
712020:05c80f08-99ab-4608-9ac1-8c3c43fbef01,TEMPO WORKLOAD,2025-06-25,8.0,TEM-25
5eb2db0fa4c57d0b8b13eecb,TEMPO WORKLOAD,2025-06-25,1.0,TEM-28
6324d3f3ce3e476e42ae2595,TEMPO WORKLOAD,2025-06-25,4.0,TEM-18
64076b2b4d5e4b44e233faf6,TEMPO WORKLOAD,2025-06-25,6.0,TEM-15
557058:b0ab43f7-2329-4796-9a63-2abcf978b413,TEMPO WORKLOAD,2025-06-25,0.3333333333333333,TEM-26
607829da95f6fc006aab9e92,TEMPO WORKLOAD,2025-06-25,0.25,TEM-19
6356e77976b91b62562d4fea,TEMPO WORKLOAD,2025-06-25,6.0,TEM-26
6411cc617222b08f3e70f716,TEMPO WORKLOAD,2025-06-25,1.0,TEM-18
5f45400afdc3f5003fee080b,TEMPO WORKLOAD,2025-06-25,0.25,TEM-14
557058:c310fa79-8a55-492f-a2fe-6e69a7d7c4eb,TEMPO WORKLOAD,2025-06-25,1.0,TEM-28
63d916c4bf837c6893d6fbad,TEMPO WORKLOAD,2025-06-25,10.0,TEM-7
712020:3268e7ac-2411-4ef8-a85a-d619f040639c,TEMPO WORKLOAD,2025-06-25,3.0,TEM-36
6310a896316bbc56c4249184,TEMPO WORKLOAD,2025-06-25,0.5,TEM-13
5c8132a6e6e3160b9b6fd44d,TEMPO WORKLOAD,2025-06-25,7.0,TEM-10
712020:ab3c5ef0-a515-47fc-9cdd-3b5d0c219224,TEMPO WORKLOAD,2025-06-25,8.0,TEM-7
712020:db40572b-4fd3-49a2-b4c1-620d9be82a65,TEMPO WORKLOAD,2025-06-25,8.0,TEM-9
613fb383e057c6006a1ccade,TEMPO WORKLOAD,2025-06-25,8.0,TEM-2
61ddc1dcf3037f0069656c13,TEMPO WORKLOAD,2025-06-25,6.0,TEM-2
63600fdb1cc605b1fd177862,TEMPO WORKLOAD,2025-06-25,2.0,TEM-17
712020:02ccfc0c-5c0f-4e48-8f91-fb3bb584a2dc,TEMPO WORKLOAD,2025-06-25,8.0,TEM-7
70121:e997c5d5-1d6e-4973-80cb-28bfe7343a3f,TEMPO WORKLOAD,2025-06-25,1.0,TEM-28
5dbc42d12757660db6144b56,TEMPO WORKLOAD,2025-06-25,1.0,TEM-36
5dbc42d12757660db6144b56,TEMPO WORKLOAD,2025-06-25,2.0,TEM-17
613fb43fe6c39d00721944a0,TEMPO WORKLOAD,2025-06-25,2.0,TEM-16
70121:2c1e0513-4f21-4c96-adc1-8c318e30bc0e,TEMPO WORKLOAD,2025-06-25,3.0,TEM-7
70121:2c1e0513-4f21-4c96-adc1-8c318e30bc0e,TEMPO WORKLOAD,2025-06-25,3.0,TEM-8
6310a8976856bdd60a9eddae,TEMPO WORKLOAD,2025-06-25,8.0,TEM-2
712020:98295f35-86b1-4d23-a51b-30dbe7170d11,TEMPO WORKLOAD,2025-06-25,7.2,TEM-7
5eb2e91b96bbcb0b857bfa58,TEMPO WORKLOAD,2025-06-25,7.25,TEM-14
712020:00e94d7a-1f49-4891-bbf9-a2bf827bd258,TEMPO WORKLOAD,2025-06-25,8.0,TEM-9
712020:f50b1e80-f1ef-440b-b954-716fbfdbc927,TEMPO WORKLOAD,2025-06-25,8.0,TEM-9
5e751b85fad9000c325d9aae,TEMPO WORKLOAD,2025-06-25,7.5,TEM-8
712020:1e3eed0c-846c-4ebd-bec7-51d04bbb59c0,TEMPO WORKLOAD,2025-06-25,1.5,TEM-30
712020:1e3eed0c-846c-4ebd-bec7-51d04bbb59c0,TEMPO WORKLOAD,2025-06-25,1.5,TEM-30
712020:6ad83a3e-a1e9-43e6-a0a2-7931a513de7f,TEMPO WORKLOAD,2025-06-25,1.0,TEM-17
6310a8963e578bb3b5feb9f3,TEMPO WORKLOAD,2025-06-25,0.5,TEM-13
712020:39d78a45-5732-4153-afaa-dc9227f4dfe3,TEMPO WORKLOAD,2025-06-25,3.0,TEM-7
5dea6ce9b95b180d17cfc7df,TEMPO WORKLOAD,2025-06-25,1.25,TEM-28
712020:a3240ec7-ccb7-4e31-81ed-5338bd11acc2,TEMPO WORKLOAD,2025-06-25,3.0,TEM-8
712020:f5cdecd9-64db-4d5e-b4a2-c8f4b7201212,TEMPO WORKLOAD,2025-06-25,8.0,TEM-7
5c8bd7984c5068698da7b839,TEMPO WORKLOAD,2025-06-25,8.466666666666667,TEM-32
712020:15482282-a769-4a4d-a4c2-0424a3a2e0d8,TEMPO WORKLOAD,2025-06-25,5.0,TEM-7
712020:91b42101-19bb-498d-9942-8850a5540c96,TEMPO WORKLOAD,2025-06-25,5.0,TEM-25
712020:d26e58e6-874b-4243-ac4e-1d4cb867a542,TEMPO WORKLOAD,2025-06-25,8.0,TEM-8
6299079acd636500697d4701,TEMPO WORKLOAD,2025-06-25,8.0,TEM-21
605e40fd2f7d900070bce962,TEMPO WORKLOAD,2025-06-25,0.25,TEM-26
5eb2db0fa4c57d0b8b13eecb,TEMPO WORKLOAD,2025-06-25,1.0,TEM-18
5c8bd79686c36970e812b609,TEMPO WORKLOAD,2025-06-25,8.0,TEM-7
62e433730b4bf7ad924bcbe5,TEMPO WORKLOAD,2025-06-25,8.0,TEM-2
62fbddc8bb0704a2a808bd57,TEMPO WORKLOAD,2025-06-25,8.0,TEM-5
70121:2c1e0513-4f21-4c96-adc1-8c318e30bc0e,TEMPO WORKLOAD,2025-06-25,1.5,TEM-28
70121:2c1e0513-4f21-4c96-adc1-8c318e30bc0e,TEMPO WORKLOAD,2025-06-25,0.5,TEM-5
607829da95f6fc006aab9e92,TEMPO WORKLOAD,2025-06-25,7.75,TEM-19
636e3660c383ad842147234a,TEMPO WORKLOAD,2025-06-25,3.75,TEM-26
5f45400afdc3f5003fee080b,TEMPO WORKLOAD,2025-06-25,2.0,TEM-14
605e40fd2f7d900070bce962,TEMPO WORKLOAD,2025-06-25,1.75,TEM-26
557058:b0ab43f7-2329-4796-9a63-2abcf978b413,TEMPO WORKLOAD,2025-06-25,2.0,TEM-26
5c5857d6036b380b84dc8212,TEMPO WORKLOAD,2025-06-25,5.5,TEM-28
6310a896316bbc56c4249184,TEMPO WORKLOAD,2025-06-25,4.0,TEM-10
6310a8963e578bb3b5feb9f3,TEMPO WORKLOAD,2025-06-25,3.0,TEM-13
712020:c24d4628-d885-44d1-8ec8-dd76d416436a,TEMPO WORKLOAD,2025-06-25,8.0,TEM-26
5f03aab970b8a90025641824,TEMPO WORKLOAD,2025-06-25,3.0,TEM-26
712020:6c5881b3-26a9-4223-a18b-14414e7b9d3a,TEMPO WORKLOAD,2025-06-25,8.0,TEM-7
6411cc617222b08f3e70f716,TEMPO WORKLOAD,2025-06-25,0.75,TEM-18
712020:5912aa5b-0476-4091-834a-994381177d1a,TEMPO WORKLOAD,2025-06-25,2.0,TEM-18
712020:c2d6f64b-7c18-4b58-9189-57c8823f4f64,TEMPO WORKLOAD,2025-06-25,8.0,TEM-5
557058:c310fa79-8a55-492f-a2fe-6e69a7d7c4eb,TEMPO WORKLOAD,2025-06-25,0.25,TEM-19
5e0de9b99af3650e9e3ffc97,TEMPO WORKLOAD,2025-06-25,0.8333333333333334,TEM-14
712020:f518f4e7-7314-45a9-a3ef-723ad3fd6d7f,TEMPO WORKLOAD,2025-06-25,7.0,TEM-7
712020:5ee2f3fa-371b-4e6b-b912-594fc836bd92,TEMPO WORKLOAD,2025-06-25,4.0,TEM-30
70121:e997c5d5-1d6e-4973-80cb-28bfe7343a3f,TEMPO WORKLOAD,2025-06-25,0.5,TEM-28
5dbc42d12757660db6144b56,TEMPO WORKLOAD,2025-06-25,1.0,TEM-13
712020:d8a16146-bc5b-4c61-9c5d-af3eaddace2b,TEMPO WORKLOAD,2025-06-25,8.0,TEM-5
62fbd97aeec8d4a478d41a3b,TEMPO WORKLOAD,2025-06-25,1.5,TEM-18
712020:a7ee73c4-a6b3-4a8b-b22b-97aa3edf3ff7,TEMPO WORKLOAD,2025-06-25,4.0,TEM-8
6310a8954fbe9c4bd0edf82a,TEMPO WORKLOAD,2025-06-25,0.5,TEM-19
712020:31918087-5a23-4883-b0d2-134f05828b32,TEMPO WORKLOAD,2025-06-25,6.0,TEM-14
712020:448afbe2-d875-40e8-9541-835a59cdf0a7,TEMPO WORKLOAD,2025-06-25,8.0,TEM-7
712020:6ad83a3e-a1e9-43e6-a0a2-7931a513de7f,TEMPO WORKLOAD,2025-06-25,1.0,TEM-17
712020:34c5700f-f485-4468-b4d7-06a7a3e2942b,TEMPO WORKLOAD,2025-06-25,4.0,TEM-7
5d6fae7bab129d0c306da857,TEMPO WORKLOAD,2025-06-25,0.5,TEM-13
712020:d1c53603-3e65-4881-b493-a128394d565e,TEMPO WORKLOAD,2025-06-25,9.0,TEM-7
712020:11e8ce5a-06a7-43cf-9c5a-858eed6f0a07,TEMPO WORKLOAD,2025-06-25,8.0,TEM-5
712020:e09a2eee-2fe3-41a8-8a9c-29acd2258249,TEMPO WORKLOAD,2025-06-25,1.5,TEM-8
6310a898316bbc56c4249187,TEMPO WORKLOAD,2025-06-25,4.0,TEM-21
712020:76b2ab6b-f08d-4fef-9ced-52ff15fad7a0,TEMPO WORKLOAD,2025-06-25,0.6166666666666667,TEM-21
712020:5e29a15d-dadb-41b1-bd51-d65cb73a9a3e,TEMPO WORKLOAD,2025-06-25,9.0,TEM-7
712020:2fd5ca9e-c92c-426e-b141-c27cdf46a539,TEMPO WORKLOAD,2025-06-25,6.0,TEM-9
5eb2db0fa4c57d0b8b13eecb,TEMPO WORKLOAD,2025-06-25,1.0,TEM-28
63b6c257d3aeefa405443cf9,TEMPO WORKLOAD,2025-06-25,6.0,TEM-24
557058:c310fa79-8a55-492f-a2fe-6e69a7d7c4eb,TEMPO WORKLOAD,2025-06-25,8.25,TEM-19
712020:6b82bca4-7ae3-4417-b5b5-76024cf32617,TEMPO WORKLOAD,2025-06-25,0.5,TEM-22
70121:e997c5d5-1d6e-4973-80cb-28bfe7343a3f,TEMPO WORKLOAD,2025-06-25,0.25,TEM-28
6310a8954fbe9c4bd0edf82a,TEMPO WORKLOAD,2025-06-25,0.25,TEM-19
70121:716f3beb-9b1e-4b9c-bb75-d5716c9878b0,TEMPO WORKLOAD,2025-06-25,1.1,TEM-17
5dea6ce9b95b180d17cfc7df,TEMPO WORKLOAD,2025-06-25,0.5,TEM-28
712020:76b2ab6b-f08d-4fef-9ced-52ff15fad7a0,TEMPO WORKLOAD,2025-06-25,7.383333333333334,TEM-21
6411cc617222b08f3e70f716,TEMPO WORKLOAD,2025-06-25,0.5,TEM-18
5f45400afdc3f5003fee080b,TEMPO WORKLOAD,2025-06-25,0.5,TEM-14
6310a8954fbe9c4bd0edf82a,TEMPO WORKLOAD,2025-06-25,7.25,TEM-19
70121:e997c5d5-1d6e-4973-80cb-28bfe7343a3f,TEMPO WORKLOAD,2025-06-25,1.0,TEM-15
5e0de9b99af3650e9e3ffc97,TEMPO WORKLOAD,2025-06-25,2.0,TEM-14
5f4d8530d0884f00492507dd,TEMPO WORKLOAD,2025-06-25,2.5,TEM-26
712020:460f9b37-2b1d-4960-8575-5dc964940e8f,TEMPO WORKLOAD,2025-06-25,2.0,TEM-26
637d1ac0f48fbd9b62d50fc3,TEMPO WORKLOAD,2025-06-25,8.0,TEM-8
6022a0ace7deee0069225fbd,TEMPO WORKLOAD,2025-06-25,0.5,TEM-13
5dbc42d12757660db6144b56,TEMPO WORKLOAD,2025-06-25,1.0,TEM-17
613fb43fe6c39d00721944a0,TEMPO WORKLOAD,2025-06-25,1.0,TEM-36
712020:6ad83a3e-a1e9-43e6-a0a2-7931a513de7f,TEMPO WORKLOAD,2025-06-25,1.0,TEM-17
63e1170728cddcc70773cbd6,TEMPO WORKLOAD,2025-06-25,0.5,TEM-14
70121:716f3beb-9b1e-4b9c-bb75-d5716c9878b0,TEMPO WORKLOAD,2025-06-25,1.0,TEM-17
5dea6ce9b95b180d17cfc7df,TEMPO WORKLOAD,2025-06-25,1.0,TEM-15
712020:6b82bca4-7ae3-4417-b5b5-76024cf32617,TEMPO WORKLOAD,2025-06-25,3.5,TEM-22
5eb2db0fa4c57d0b8b13eecb,TEMPO WORKLOAD,2025-06-25,1.0,TEM-6
6411cc617222b08f3e70f716,TEMPO WORKLOAD,2025-06-25,1.0,TEM-18
5f45400afdc3f5003fee080b,TEMPO WORKLOAD,2025-06-25,0.5,TEM-14
6022a0ace7deee0069225fbd,TEMPO WORKLOAD,2025-06-25,1.0,TEM-6
63600fdb1cc605b1fd177862,TEMPO WORKLOAD,2025-06-25,2.0,TEM-17
712020:1e3eed0c-846c-4ebd-bec7-51d04bbb59c0,TEMPO WORKLOAD,2025-06-25,0.5,TEM-30
63e1170728cddcc70773cbd6,TEMPO WORKLOAD,2025-06-25,0.5,TEM-14
712020:e09a2eee-2fe3-41a8-8a9c-29acd2258249,TEMPO WORKLOAD,2025-06-25,0.25,TEM-8
62fbd97aeec8d4a478d41a3b,TEMPO WORKLOAD,2025-06-25,3.0,TEM-17
5f45400afdc3f5003fee080b,TEMPO WORKLOAD,2025-06-25,1.0,TEM-14
712020:e09a2eee-2fe3-41a8-8a9c-29acd2258249,TEMPO WORKLOAD,2025-06-25,2.25,TEM-8
70121:e997c5d5-1d6e-4973-80cb-28bfe7343a3f,TEMPO WORKLOAD,2025-06-25,0.75,TEM-28
712020:5912aa5b-0476-4091-834a-994381177d1a,TEMPO WORKLOAD,2025-06-25,1.0,TEM-18
712020:3268e7ac-2411-4ef8-a85a-d619f040639c,TEMPO WORKLOAD,2025-06-25,0.5,TEM-36
5dbc42d12757660db6144b56,TEMPO WORKLOAD,2025-06-25,1.0,TEM-13
613fb43fe6c39d00721944a0,TEMPO WORKLOAD,2025-06-25,5.0,TEM-36
712020:1e3eed0c-846c-4ebd-bec7-51d04bbb59c0,TEMPO WORKLOAD,2025-06-25,1.0,TEM-30
63e1170728cddcc70773cbd6,TEMPO WORKLOAD,2025-06-25,0.5,TEM-14
712020:39d78a45-5732-4153-afaa-dc9227f4dfe3,TEMPO WORKLOAD,2025-06-25,2.0,TEM-8
5dea6ce9b95b180d17cfc7df,TEMPO WORKLOAD,2025-06-25,1.0,TEM-28
712020:a3240ec7-ccb7-4e31-81ed-5338bd11acc2,TEMPO WORKLOAD,2025-06-25,5.0,TEM-8
6324d3f3ce3e476e42ae2595,TEMPO WORKLOAD,2025-06-25,0.5,TEM-18
5eb2db0fa4c57d0b8b13eecb,TEMPO WORKLOAD,2025-06-25,2.0,TEM-28
6411cc617222b08f3e70f716,TEMPO WORKLOAD,2025-06-25,0.25,TEM-18
6411cc617222b08f3e70f716,TEMPO WORKLOAD,2025-06-25,0.25,TEM-18
712020:3268e7ac-2411-4ef8-a85a-d619f040639c,TEMPO WORKLOAD,2025-06-25,2.5,TEM-36
712020:51261fb6-b689-4617-8eae-46a70a19df7c,TEMPO WORKLOAD,2025-06-25,7.0,TEM-7
6310a8963e578bb3b5feb9f3,TEMPO WORKLOAD,2025-06-25,4.5,TEM-13
63e1170728cddcc70773cbd6,TEMPO WORKLOAD,2025-06-25,1.5,TEM-14
6324d3f3ce3e476e42ae2595,TEMPO WORKLOAD,2025-06-25,2.0,TEM-18
70121:e997c5d5-1d6e-4973-80cb-28bfe7343a3f,TEMPO WORKLOAD,2025-06-25,3.0,TEM-15
6411cc617222b08f3e70f716,TEMPO WORKLOAD,2025-06-25,4.25,TEM-18
5f45400afdc3f5003fee080b,TEMPO WORKLOAD,2025-06-25,0.5,TEM-14
5e0de9b99af3650e9e3ffc97,TEMPO WORKLOAD,2025-06-25,3.0,TEM-14
5f03aab970b8a90025641824,TEMPO WORKLOAD,2025-06-25,0.25,TEM-26
636e3660c383ad842147234a,TEMPO WORKLOAD,2025-06-25,0.25,TEM-26
712020:5912aa5b-0476-4091-834a-994381177d1a,TEMPO WORKLOAD,2025-06-25,0.5,TEM-18
5c8132a6e6e3160b9b6fd44d,TEMPO WORKLOAD,2025-06-25,1.0,TEM-13
5dbc42d12757660db6144b56,TEMPO WORKLOAD,2025-06-25,1.0,TEM-28
5dea6ce9b95b180d17cfc7df,TEMPO WORKLOAD,2025-06-25,0.5,TEM-28
712020:d6bab2e1-1616-4bfb-83a4-2be2aebf31ed,TEMPO WORKLOAD,2025-06-25,6.0,TEM-8
70121:272d7cde-e8e4-4a3f-9333-8e1247180871,TEMPO WORKLOAD,2025-06-25,4.0,TEM-18
5f03aab970b8a90025641824,TEMPO WORKLOAD,2025-06-25,3.75,TEM-15
5f45400afdc3f5003fee080b,TEMPO WORKLOAD,2025-06-25,1.0,TEM-14
5d6fae7bab129d0c306da857,TEMPO WORKLOAD,2025-06-25,1.0,TEM-13
5c5857d6036b380b84dc8212,TEMPO WORKLOAD,2025-06-25,1.0,TEM-28
5c5857d6036b380b84dc8212,TEMPO WORKLOAD,2025-06-25,0.5,TEM-28
712020:5912aa5b-0476-4091-834a-994381177d1a,TEMPO WORKLOAD,2025-06-25,0.25,TEM-18
6310a896316bbc56c4249184,TEMPO WORKLOAD,2025-06-25,0.25,TEM-10
5dea6ce9b95b180d17cfc7df,TEMPO WORKLOAD,2025-06-25,3.75,TEM-28
712020:5912aa5b-0476-4091-834a-994381177d1a,TEMPO WORKLOAD,2025-06-25,0.25,TEM-18
6310a896316bbc56c4249184,TEMPO WORKLOAD,2025-06-25,0.5,TEM-13
712020:5912aa5b-0476-4091-834a-994381177d1a,TEMPO WORKLOAD,2025-06-25,1.0,TEM-18
63600fdb1cc605b1fd177862,TEMPO WORKLOAD,2025-06-25,2.0,TEM-17
5dbc42d12757660db6144b56,TEMPO WORKLOAD,2025-06-25,3.0,TEM-17
63e1170728cddcc70773cbd6,TEMPO WORKLOAD,2025-06-25,1.0,TEM-14
712020:39d78a45-5732-4153-afaa-dc9227f4dfe3,TEMPO WORKLOAD,2025-06-25,3.0,TEM-9
712020:15482282-a769-4a4d-a4c2-0424a3a2e0d8,TEMPO WORKLOAD,2025-06-25,2.0,TEM-8
5eb2db0fa4c57d0b8b13eecb,TEMPO WORKLOAD,2025-06-25,2.0,TEM-28
6310a896316bbc56c4249184,TEMPO WORKLOAD,2025-06-25,1.0,TEM-13
5f45400afdc3f5003fee080b,TEMPO WORKLOAD,2025-06-25,0.25,TEM-14
62fbd97aeec8d4a478d41a3b,TEMPO WORKLOAD,2025-06-25,3.5,TEM-17
5f45400afdc3f5003fee080b,TEMPO WORKLOAD,2025-06-25,1.0,TEM-14
712020:6b82bca4-7ae3-4417-b5b5-76024cf32617,TEMPO WORKLOAD,2025-06-25,2.0,TEM-22
712020:3268e7ac-2411-4ef8-a85a-d619f040639c,TEMPO WORKLOAD,2025-06-25,0.5,TEM-25
712020:5ee2f3fa-371b-4e6b-b912-594fc836bd92,TEMPO WORKLOAD,2025-06-25,4.0,TEM-30
712020:5912aa5b-0476-4091-834a-994381177d1a,TEMPO WORKLOAD,2025-06-25,1.0,TEM-18
712020:a7ee73c4-a6b3-4a8b-b22b-97aa3edf3ff7,TEMPO WORKLOAD,2025-06-25,4.0,TEM-8
63e1170728cddcc70773cbd6,TEMPO WORKLOAD,2025-06-25,0.5,TEM-14
712020:34c5700f-f485-4468-b4d7-06a7a3e2942b,TEMPO WORKLOAD,2025-06-25,3.0,TEM-7
712020:e09a2eee-2fe3-41a8-8a9c-29acd2258249,TEMPO WORKLOAD,2025-06-25,1.0,TEM-8
712020:91b42101-19bb-498d-9942-8850a5540c96,TEMPO WORKLOAD,2025-06-25,0.5,TEM-25
6310a896316bbc56c4249184,TEMPO WORKLOAD,2025-06-25,2.0,TEM-13
712020:3268e7ac-2411-4ef8-a85a-d619f040639c,TEMPO WORKLOAD,2025-06-25,0.25,TEM-25
6022a0ace7deee0069225fbd,TEMPO WORKLOAD,2025-06-25,0.5,TEM-36
712020:31918087-5a23-4883-b0d2-134f05828b32,TEMPO WORKLOAD,2025-06-25,0.5,TEM-14
5f45400afdc3f5003fee080b,TEMPO WORKLOAD,2025-06-25,0.5,TEM-14
63e1170728cddcc70773cbd6,TEMPO WORKLOAD,2025-06-25,0.25,TEM-14
712020:91b42101-19bb-498d-9942-8850a5540c96,TEMPO WORKLOAD,2025-06-25,2.5,TEM-25
63e1170728cddcc70773cbd6,TEMPO WORKLOAD,2025-06-25,1.0,TEM-14
5e0de9b99af3650e9e3ffc97,TEMPO WORKLOAD,2025-06-25,1.6666666666666667,TEM-14
6022a0ace7deee0069225fbd,TEMPO WORKLOAD,2025-06-25,1.0,TEM-28
63600fdb1cc605b1fd177862,TEMPO WORKLOAD,2025-06-25,2.0,TEM-17
5f45400afdc3f5003fee080b,TEMPO WORKLOAD,2025-06-25,0.5,TEM-14
70121:716f3beb-9b1e-4b9c-bb75-d5716c9878b0,TEMPO WORKLOAD,2025-06-25,2.0,TEM-17
712020:15482282-a769-4a4d-a4c2-0424a3a2e0d8,TEMPO WORKLOAD,2025-06-25,1.0,TEM-9
712020:e09a2eee-2fe3-41a8-8a9c-29acd2258249,TEMPO WORKLOAD,2025-06-25,3.0,TEM-8
712020:6b82bca4-7ae3-4417-b5b5-76024cf32617,TEMPO WORKLOAD,2025-06-25,2.0,TEM-22
5e751b85fad9000c325d9aae,TEMPO WORKLOAD,2025-06-25,2.5,TEM-21
712020:3268e7ac-2411-4ef8-a85a-d619f040639c,TEMPO WORKLOAD,2025-06-25,1.25,TEM-36
63e1170728cddcc70773cbd6,TEMPO WORKLOAD,2025-06-25,2.75,TEM-14
6022a0ace7deee0069225fbd,TEMPO WORKLOAD,2025-06-25,0.5,TEM-13
6022a0ace7deee0069225fbd,TEMPO WORKLOAD,2025-06-25,0.5,TEM-14
6324d3f3ce3e476e42ae2595,TEMPO WORKLOAD,2025-06-25,1.5,TEM-18
5e0de9b99af3650e9e3ffc97,TEMPO WORKLOAD,2025-06-25,0.5,TEM-14
6022a0ace7deee0069225fbd,TEMPO WORKLOAD,2025-06-25,1.0,TEM-14
712020:31918087-5a23-4883-b0d2-134f05828b32,TEMPO WORKLOAD,2025-06-25,0.5,TEM-14
712020:76b2ab6b-f08d-4fef-9ced-52ff15fad7a0,TEMPO WORKLOAD,2025-06-25,2.0,TEM-27
712020:1e3eed0c-846c-4ebd-bec7-51d04bbb59c0,TEMPO WORKLOAD,2025-06-25,0.25,TEM-30
712020:05c80f08-99ab-4608-9ac1-8c3c43fbef01,TEMPO WORKLOAD,2025-06-26,8.0,TEM-2
5eb2db0fa4c57d0b8b13eecb,TEMPO WORKLOAD,2025-06-26,1.5,TEM-28
613fb43fe6c39d00721944a0,TEMPO WORKLOAD,2025-06-26,2.0,TEM-16
557058:b0ab43f7-2329-4796-9a63-2abcf978b413,TEMPO WORKLOAD,2025-06-26,1.0,TEM-26
557058:b0ab43f7-2329-4796-9a63-2abcf978b413,TEMPO WORKLOAD,2025-06-26,0.3333333333333333,TEM-26
607829da95f6fc006aab9e92,TEMPO WORKLOAD,2025-06-26,0.25,TEM-19
6356e77976b91b62562d4fea,TEMPO WORKLOAD,2025-06-26,6.0,TEM-26
712020:f50b1e80-f1ef-440b-b954-716fbfdbc927,TEMPO WORKLOAD,2025-06-26,8.0,TEM-9
5c5857d6036b380b84dc8212,TEMPO WORKLOAD,2025-06-26,1.0,TEM-31
6411cc617222b08f3e70f716,TEMPO WORKLOAD,2025-06-26,4.25,TEM-18
63600fdb1cc605b1fd177862,TEMPO WORKLOAD,2025-06-26,2.0,TEM-17
5eb2db0fa4c57d0b8b13eecb,TEMPO WORKLOAD,2025-06-26,1.0,TEM-6
70121:e997c5d5-1d6e-4973-80cb-28bfe7343a3f,TEMPO WORKLOAD,2025-06-26,1.0,TEM-28
613fb383e057c6006a1ccade,TEMPO WORKLOAD,2025-06-26,8.0,TEM-8
5dbc42d12757660db6144b56,TEMPO WORKLOAD,2025-06-26,3.0,TEM-17
70121:2c1e0513-4f21-4c96-adc1-8c318e30bc0e,TEMPO WORKLOAD,2025-06-26,3.0,TEM-7
70121:2c1e0513-4f21-4c96-adc1-8c318e30bc0e,TEMPO WORKLOAD,2025-06-26,3.0,TEM-8
6310a8976856bdd60a9eddae,TEMPO WORKLOAD,2025-06-26,2.5,TEM-14
5f45400afdc3f5003fee080b,TEMPO WORKLOAD,2025-06-26,2.5,TEM-14
5c8132a6e6e3160b9b6fd44d,TEMPO WORKLOAD,2025-06-26,7.0,TEM-10
5eb2e91b96bbcb0b857bfa58,TEMPO WORKLOAD,2025-06-26,5.0,TEM-14
712020:db40572b-4fd3-49a2-b4c1-620d9be82a65,TEMPO WORKLOAD,2025-06-26,8.0,TEM-9
61ddc1dcf3037f0069656c13,TEMPO WORKLOAD,2025-06-26,0.25,TEM-18
712020:6ad83a3e-a1e9-43e6-a0a2-7931a513de7f,TEMPO WORKLOAD,2025-06-26,2.5,TEM-17
6310a896316bbc56c4249184,TEMPO WORKLOAD,2025-06-26,4.5,TEM-2
5e751b85fad9000c325d9aae,TEMPO WORKLOAD,2025-06-26,7.5,TEM-8
6310a8963e578bb3b5feb9f3,TEMPO WORKLOAD,2025-06-26,0.5,TEM-13
70121:716f3beb-9b1e-4b9c-bb75-d5716c9878b0,TEMPO WORKLOAD,2025-06-26,2.0,TEM-17
712020:39d78a45-5732-4153-afaa-dc9227f4dfe3,TEMPO WORKLOAD,2025-06-26,3.0,TEM-7
712020:ab3c5ef0-a515-47fc-9cdd-3b5d0c219224,TEMPO WORKLOAD,2025-06-26,8.0,TEM-7
712020:02ccfc0c-5c0f-4e48-8f91-fb3bb584a2dc,TEMPO WORKLOAD,2025-06-26,8.0,TEM-7
5dea6ce9b95b180d17cfc7df,TEMPO WORKLOAD,2025-06-26,2.75,TEM-28
712020:a3240ec7-ccb7-4e31-81ed-5338bd11acc2,TEMPO WORKLOAD,2025-06-26,3.0,TEM-8
712020:f5cdecd9-64db-4d5e-b4a2-c8f4b7201212,TEMPO WORKLOAD,2025-06-26,8.0,TEM-7
5c8bd7984c5068698da7b839,TEMPO WORKLOAD,2025-06-26,4.133333333333334,TEM-5
557058:c310fa79-8a55-492f-a2fe-6e69a7d7c4eb,TEMPO WORKLOAD,2025-06-26,1.0,TEM-19
712020:98295f35-86b1-4d23-a51b-30dbe7170d11,TEMPO WORKLOAD,2025-06-26,7.2,TEM-7
712020:15482282-a769-4a4d-a4c2-0424a3a2e0d8,TEMPO WORKLOAD,2025-06-26,5.0,TEM-7
712020:91b42101-19bb-498d-9942-8850a5540c96,TEMPO WORKLOAD,2025-06-26,3.5,TEM-25
712020:d26e58e6-874b-4243-ac4e-1d4cb867a542,TEMPO WORKLOAD,2025-06-26,8.0,TEM-8
6299079acd636500697d4701,TEMPO WORKLOAD,2025-06-26,8.0,TEM-21
712020:00e94d7a-1f49-4891-bbf9-a2bf827bd258,TEMPO WORKLOAD,2025-06-26,8.0,TEM-9
5eb2e91b96bbcb0b857bfa58,TEMPO WORKLOAD,2025-06-26,2.25,TEM-14
63d916c4bf837c6893d6fbad,TEMPO WORKLOAD,2025-06-26,9.0,TEM-7
605e40fd2f7d900070bce962,TEMPO WORKLOAD,2025-06-26,0.25,TEM-26
5c8bd79686c36970e812b609,TEMPO WORKLOAD,2025-06-26,8.0,TEM-7
62e433730b4bf7ad924bcbe5,TEMPO WORKLOAD,2025-06-26,8.0,TEM-2
62fbddc8bb0704a2a808bd57,TEMPO WORKLOAD,2025-06-26,8.0,TEM-5
70121:2c1e0513-4f21-4c96-adc1-8c318e30bc0e,TEMPO WORKLOAD,2025-06-26,1.5,TEM-28
70121:2c1e0513-4f21-4c96-adc1-8c318e30bc0e,TEMPO WORKLOAD,2025-06-26,0.5,TEM-5
607829da95f6fc006aab9e92,TEMPO WORKLOAD,2025-06-26,7.75,TEM-19
636e3660c383ad842147234a,TEMPO WORKLOAD,2025-06-26,3.75,TEM-26
605e40fd2f7d900070bce962,TEMPO WORKLOAD,2025-06-26,1.75,TEM-26
5c5857d6036b380b84dc8212,TEMPO WORKLOAD,2025-06-26,3.5,TEM-28
6022a0ace7deee0069225fbd,TEMPO WORKLOAD,2025-06-26,0.5,TEM-13
5c5857d6036b380b84dc8212,TEMPO WORKLOAD,2025-06-26,1.5,TEM-28
5c5857d6036b380b84dc8212,TEMPO WORKLOAD,2025-06-26,1.5,TEM-28
6310a8963e578bb3b5feb9f3,TEMPO WORKLOAD,2025-06-26,3.0,TEM-13
61ddc1dcf3037f0069656c13,TEMPO WORKLOAD,2025-06-26,3.0,TEM-24
61ddc1dcf3037f0069656c13,TEMPO WORKLOAD,2025-06-26,2.5,TEM-24
712020:c24d4628-d885-44d1-8ec8-dd76d416436a,TEMPO WORKLOAD,2025-06-26,8.0,TEM-26
5f03aab970b8a90025641824,TEMPO WORKLOAD,2025-06-26,3.0,TEM-26
712020:6c5881b3-26a9-4223-a18b-14414e7b9d3a,TEMPO WORKLOAD,2025-06-26,8.0,TEM-7
62fbd97aeec8d4a478d41a3b,TEMPO WORKLOAD,2025-06-26,2.0,TEM-18
6022a0ace7deee0069225fbd,TEMPO WORKLOAD,2025-06-26,1.0,TEM-14
712020:5ee2f3fa-371b-4e6b-b912-594fc836bd92,TEMPO WORKLOAD,2025-06-26,4.0,TEM-30
712020:d8a16146-bc5b-4c61-9c5d-af3eaddace2b,TEMPO WORKLOAD,2025-06-26,8.0,TEM-5
6310a8954fbe9c4bd0edf82a,TEMPO WORKLOAD,2025-06-26,0.5,TEM-19
712020:31918087-5a23-4883-b0d2-134f05828b32,TEMPO WORKLOAD,2025-06-26,1.0,TEM-14
712020:448afbe2-d875-40e8-9541-835a59cdf0a7,TEMPO WORKLOAD,2025-06-26,8.0,TEM-7
712020:c2d6f64b-7c18-4b58-9189-57c8823f4f64,TEMPO WORKLOAD,2025-06-26,8.0,TEM-5
5e0de9b99af3650e9e3ffc97,TEMPO WORKLOAD,2025-06-26,0.8333333333333334,TEM-14
712020:f518f4e7-7314-45a9-a3ef-723ad3fd6d7f,TEMPO WORKLOAD,2025-06-26,7.25,TEM-7
712020:a7ee73c4-a6b3-4a8b-b22b-97aa3edf3ff7,TEMPO WORKLOAD,2025-06-26,4.0,TEM-8
712020:34c5700f-f485-4468-b4d7-06a7a3e2942b,TEMPO WORKLOAD,2025-06-26,4.0,TEM-7
5d6fae7bab129d0c306da857,TEMPO WORKLOAD,2025-06-26,0.5,TEM-13
712020:f71fff89-9283-4b8c-afc6-a4ccda67573c,TEMPO WORKLOAD,2025-06-26,8.0,TEM-7
712020:d1c53603-3e65-4881-b493-a128394d565e,TEMPO WORKLOAD,2025-06-26,9.0,TEM-2
712020:11e8ce5a-06a7-43cf-9c5a-858eed6f0a07,TEMPO WORKLOAD,2025-06-26,8.0,TEM-5
557058:c310fa79-8a55-492f-a2fe-6e69a7d7c4eb,TEMPO WORKLOAD,2025-06-26,8.0,TEM-2
712020:e09a2eee-2fe3-41a8-8a9c-29acd2258249,TEMPO WORKLOAD,2025-06-26,1.5,TEM-8
712020:3268e7ac-2411-4ef8-a85a-d619f040639c,TEMPO WORKLOAD,2025-06-26,2.0,TEM-36
6310a898316bbc56c4249187,TEMPO WORKLOAD,2025-06-26,4.0,TEM-21
712020:76b2ab6b-f08d-4fef-9ced-52ff15fad7a0,TEMPO WORKLOAD,2025-06-26,0.5,TEM-21
712020:5e29a15d-dadb-41b1-bd51-d65cb73a9a3e,TEMPO WORKLOAD,2025-06-26,8.0,TEM-9
712020:2fd5ca9e-c92c-426e-b141-c27cdf46a539,TEMPO WORKLOAD,2025-06-26,6.0,TEM-9
5eb2db0fa4c57d0b8b13eecb,TEMPO WORKLOAD,2025-06-26,0.5,TEM-18
63b6c257d3aeefa405443cf9,TEMPO WORKLOAD,2025-06-26,6.0,TEM-24
70121:e997c5d5-1d6e-4973-80cb-28bfe7343a3f,TEMPO WORKLOAD,2025-06-26,1.0,TEM-15
557058:b0ab43f7-2329-4796-9a63-2abcf978b413,TEMPO WORKLOAD,2025-06-26,2.0,TEM-26
6310a8954fbe9c4bd0edf82a,TEMPO WORKLOAD,2025-06-26,0.25,TEM-19
712020:6b82bca4-7ae3-4417-b5b5-76024cf32617,TEMPO WORKLOAD,2025-06-26,0.5,TEM-22
712020:76b2ab6b-f08d-4fef-9ced-52ff15fad7a0,TEMPO WORKLOAD,2025-06-26,7.5,TEM-21
5eb2db0fa4c57d0b8b13eecb,TEMPO WORKLOAD,2025-06-26,1.0,TEM-28
712020:5912aa5b-0476-4091-834a-994381177d1a,TEMPO WORKLOAD,2025-06-26,2.0,TEM-18
6310a8954fbe9c4bd0edf82a,TEMPO WORKLOAD,2025-06-26,6.25,TEM-19
5e0de9b99af3650e9e3ffc97,TEMPO WORKLOAD,2025-06-26,0.6666666666666666,TEM-14
712020:460f9b37-2b1d-4960-8575-5dc964940e8f,TEMPO WORKLOAD,2025-06-26,2.0,TEM-26
6022a0ace7deee0069225fbd,TEMPO WORKLOAD,2025-06-26,4.0,TEM-2
61ddc1dcf3037f0069656c13,TEMPO WORKLOAD,2025-06-26,3.0,TEM-18
5dbc42d12757660db6144b56,TEMPO WORKLOAD,2025-06-26,0.5,TEM-36
712020:31918087-5a23-4883-b0d2-134f05828b32,TEMPO WORKLOAD,2025-06-26,6.0,TEM-14
613fb43fe6c39d00721944a0,TEMPO WORKLOAD,2025-06-26,4.0,TEM-36
63e1170728cddcc70773cbd6,TEMPO WORKLOAD,2025-06-26,1.5,TEM-14
5d6fae7bab129d0c306da857,TEMPO WORKLOAD,2025-06-26,2.0,TEM-13
637d1ac0f48fbd9b62d50fc3,TEMPO WORKLOAD,2025-06-26,8.0,TEM-8
712020:6b82bca4-7ae3-4417-b5b5-76024cf32617,TEMPO WORKLOAD,2025-06-26,1.5,TEM-22
6324d3f3ce3e476e42ae2595,TEMPO WORKLOAD,2025-06-26,1.0,TEM-6
63600fdb1cc605b1fd177862,TEMPO WORKLOAD,2025-06-26,1.0,TEM-6
70121:e997c5d5-1d6e-4973-80cb-28bfe7343a3f,TEMPO WORKLOAD,2025-06-26,1.0,TEM-15
5dbc42d12757660db6144b56,TEMPO WORKLOAD,2025-06-26,1.0,TEM-13
5f45400afdc3f5003fee080b,TEMPO WORKLOAD,2025-06-26,1.0,TEM-14
5e0de9b99af3650e9e3ffc97,TEMPO WORKLOAD,2025-06-26,0.6666666666666666,TEM-14
712020:1e3eed0c-846c-4ebd-bec7-51d04bbb59c0,TEMPO WORKLOAD,2025-06-26,0.5,TEM-30
6310a8976856bdd60a9eddae,TEMPO WORKLOAD,2025-06-26,1.5,TEM-14
712020:6ad83a3e-a1e9-43e6-a0a2-7931a513de7f,TEMPO WORKLOAD,2025-06-26,0.5,TEM-17
712020:e09a2eee-2fe3-41a8-8a9c-29acd2258249,TEMPO WORKLOAD,2025-06-26,0.25,TEM-8
5eb2db0fa4c57d0b8b13eecb,TEMPO WORKLOAD,2025-06-26,1.0,TEM-28
712020:e09a2eee-2fe3-41a8-8a9c-29acd2258249,TEMPO WORKLOAD,2025-06-26,2.25,TEM-8
63600fdb1cc605b1fd177862,TEMPO WORKLOAD,2025-06-26,2.0,TEM-17
62fbd97aeec8d4a478d41a3b,TEMPO WORKLOAD,2025-06-26,0.5,TEM-31
712020:51261fb6-b689-4617-8eae-46a70a19df7c,TEMPO WORKLOAD,2025-06-26,6.0,TEM-7
712020:39d78a45-5732-4153-afaa-dc9227f4dfe3,TEMPO WORKLOAD,2025-06-26,2.0,TEM-8
5dea6ce9b95b180d17cfc7df,TEMPO WORKLOAD,2025-06-26,1.0,TEM-15
712020:a3240ec7-ccb7-4e31-81ed-5338bd11acc2,TEMPO WORKLOAD,2025-06-26,5.0,TEM-8
712020:6ad83a3e-a1e9-43e6-a0a2-7931a513de7f,TEMPO WORKLOAD,2025-06-26,1.5,TEM-6
6324d3f3ce3e476e42ae2595,TEMPO WORKLOAD,2025-06-26,0.5,TEM-18
712020:3268e7ac-2411-4ef8-a85a-d619f040639c,TEMPO WORKLOAD,2025-06-26,2.0,TEM-25
70121:e997c5d5-1d6e-4973-80cb-28bfe7343a3f,TEMPO WORKLOAD,2025-06-26,1.0,TEM-28
5e0de9b99af3650e9e3ffc97,TEMPO WORKLOAD,2025-06-26,0.8333333333333334,TEM-14
62fbd97aeec8d4a478d41a3b,TEMPO WORKLOAD,2025-06-26,5.5,TEM-17
5dbc42d12757660db6144b56,TEMPO WORKLOAD,2025-06-26,0.5,TEM-13
5f45400afdc3f5003fee080b,TEMPO WORKLOAD,2025-06-26,2.0,TEM-14
6310a8963e578bb3b5feb9f3,TEMPO WORKLOAD,2025-06-26,1.0,TEM-13
63e1170728cddcc70773cbd6,TEMPO WORKLOAD,2025-06-26,2.5,TEM-14
712020:6b82bca4-7ae3-4417-b5b5-76024cf32617,TEMPO WORKLOAD,2025-06-26,0.5,TEM-22
712020:91b42101-19bb-498d-9942-8850a5540c96,TEMPO WORKLOAD,2025-06-26,1.0,TEM-22
6324d3f3ce3e476e42ae2595,TEMPO WORKLOAD,2025-06-26,1.0,TEM-18
5eb2db0fa4c57d0b8b13eecb,TEMPO WORKLOAD,2025-06-26,1.0,TEM-28
712020:5912aa5b-0476-4091-834a-994381177d1a,TEMPO WORKLOAD,2025-06-26,1.0,TEM-18
5f03aab970b8a90025641824,TEMPO WORKLOAD,2025-06-26,0.25,TEM-26
636e3660c383ad842147234a,TEMPO WORKLOAD,2025-06-26,0.25,TEM-26
712020:d6bab2e1-1616-4bfb-83a4-2be2aebf31ed,TEMPO WORKLOAD,2025-06-26,6.0,TEM-8
5dea6ce9b95b180d17cfc7df,TEMPO WORKLOAD,2025-06-26,0.5,TEM-28
6310a8976856bdd60a9eddae,TEMPO WORKLOAD,2025-06-26,0.5,TEM-14
5dbc42d12757660db6144b56,TEMPO WORKLOAD,2025-06-26,1.0,TEM-13
5d6fae7bab129d0c306da857,TEMPO WORKLOAD,2025-06-26,1.0,TEM-13
712020:6b82bca4-7ae3-4417-b5b5-76024cf32617,TEMPO WORKLOAD,2025-06-26,0.5,TEM-22
70121:e997c5d5-1d6e-4973-80cb-28bfe7343a3f,TEMPO WORKLOAD,2025-06-26,1.0,TEM-28
5e0de9b99af3650e9e3ffc97,TEMPO WORKLOAD,2025-06-26,1.5,TEM-14
70121:272d7cde-e8e4-4a3f-9333-8e1247180871,TEMPO WORKLOAD,2025-06-26,4.0,TEM-18
5f03aab970b8a90025641824,TEMPO WORKLOAD,2025-06-26,3.75,TEM-15
6411cc617222b08f3e70f716,TEMPO WORKLOAD,2025-06-26,0.25,TEM-18
5c5857d6036b380b84dc8212,TEMPO WORKLOAD,2025-06-26,0.5,TEM-28
6411cc617222b08f3e70f716,TEMPO WORKLOAD,2025-06-26,0.25,TEM-18
6310a8976856bdd60a9eddae,TEMPO WORKLOAD,2025-06-26,0.5,TEM-14
712020:6ad83a3e-a1e9-43e6-a0a2-7931a513de7f,TEMPO WORKLOAD,2025-06-26,0.5,TEM-17
6310a896316bbc56c4249184,TEMPO WORKLOAD,2025-06-26,0.75,TEM-13
6310a8963e578bb3b5feb9f3,TEMPO WORKLOAD,2025-06-26,1.5,TEM-13
712020:6b82bca4-7ae3-4417-b5b5-76024cf32617,TEMPO WORKLOAD,2025-06-26,1.0,TEM-22
712020:91b42101-19bb-498d-9942-8850a5540c96,TEMPO WORKLOAD,2025-06-26,1.0,TEM-22
6324d3f3ce3e476e42ae2595,TEMPO WORKLOAD,2025-06-26,0.5,TEM-18
712020:5912aa5b-0476-4091-834a-994381177d1a,TEMPO WORKLOAD,2025-06-26,0.5,TEM-18
6411cc617222b08f3e70f716,TEMPO WORKLOAD,2025-06-26,0.25,TEM-18
6411cc617222b08f3e70f716,TEMPO WORKLOAD,2025-06-26,0.25,TEM-18
6310a8976856bdd60a9eddae,TEMPO WORKLOAD,2025-06-26,3.0,TEM-14
712020:6ad83a3e-a1e9-43e6-a0a2-7931a513de7f,TEMPO WORKLOAD,2025-06-26,1.0,TEM-17
5dbc42d12757660db6144b56,TEMPO WORKLOAD,2025-06-26,0.5,TEM-36
5d6fae7bab129d0c306da857,TEMPO WORKLOAD,2025-06-26,1.0,TEM-13
712020:39d78a45-5732-4153-afaa-dc9227f4dfe3,TEMPO WORKLOAD,2025-06-26,3.0,TEM-9
712020:15482282-a769-4a4d-a4c2-0424a3a2e0d8,TEMPO WORKLOAD,2025-06-26,2.0,TEM-8
6324d3f3ce3e476e42ae2595,TEMPO WORKLOAD,2025-06-26,4.0,TEM-18
70121:e997c5d5-1d6e-4973-80cb-28bfe7343a3f,TEMPO WORKLOAD,2025-06-26,0.5,TEM-28
6310a896316bbc56c4249184,TEMPO WORKLOAD,2025-06-26,0.25,TEM-10
63600fdb1cc605b1fd177862,TEMPO WORKLOAD,2025-06-26,1.5,TEM-28
712020:5912aa5b-0476-4091-834a-994381177d1a,TEMPO WORKLOAD,2025-06-26,0.25,TEM-18
6411cc617222b08f3e70f716,TEMPO WORKLOAD,2025-06-26,0.25,TEM-18
6310a896316bbc56c4249184,TEMPO WORKLOAD,2025-06-26,0.5,TEM-13
6411cc617222b08f3e70f716,TEMPO WORKLOAD,2025-06-26,0.25,TEM-18
5f45400afdc3f5003fee080b,TEMPO WORKLOAD,2025-06-26,1.5,TEM-14
712020:5912aa5b-0476-4091-834a-994381177d1a,TEMPO WORKLOAD,2025-06-26,2.25,TEM-18
5dbc42d12757660db6144b56,TEMPO WORKLOAD,2025-06-26,2.75,TEM-17
5dea6ce9b95b180d17cfc7df,TEMPO WORKLOAD,2025-06-26,1.0,TEM-28
712020:6b82bca4-7ae3-4417-b5b5-76024cf32617,TEMPO WORKLOAD,2025-06-26,1.5,TEM-22
70121:e997c5d5-1d6e-4973-80cb-28bfe7343a3f,TEMPO WORKLOAD,2025-06-26,1.5,TEM-15
5e0de9b99af3650e9e3ffc97,TEMPO WORKLOAD,2025-06-26,3.5,TEM-14
6411cc617222b08f3e70f716,TEMPO WORKLOAD,2025-06-26,1.0,TEM-18
613fb43fe6c39d00721944a0,TEMPO WORKLOAD,2025-06-26,1.0,TEM-13
712020:5ee2f3fa-371b-4e6b-b912-594fc836bd92,TEMPO WORKLOAD,2025-06-26,4.0,TEM-30
6022a0ace7deee0069225fbd,TEMPO WORKLOAD,2025-06-26,0.5,TEM-13
712020:1e3eed0c-846c-4ebd-bec7-51d04bbb59c0,TEMPO WORKLOAD,2025-06-26,1.0,TEM-30
712020:1e3eed0c-846c-4ebd-bec7-51d04bbb59c0,TEMPO WORKLOAD,2025-06-26,1.0,TEM-30
712020:a7ee73c4-a6b3-4a8b-b22b-97aa3edf3ff7,TEMPO WORKLOAD,2025-06-26,4.0,TEM-8
70121:716f3beb-9b1e-4b9c-bb75-d5716c9878b0,TEMPO WORKLOAD,2025-06-26,0.3,TEM-17
6310a896316bbc56c4249184,TEMPO WORKLOAD,2025-06-26,1.0,TEM-13
6310a8963e578bb3b5feb9f3,TEMPO WORKLOAD,2025-06-26,2.0,TEM-13
63e1170728cddcc70773cbd6,TEMPO WORKLOAD,2025-06-26,4.0,TEM-14
712020:34c5700f-f485-4468-b4d7-06a7a3e2942b,TEMPO WORKLOAD,2025-06-26,3.0,TEM-7
5d6fae7bab129d0c306da857,TEMPO WORKLOAD,2025-06-26,2.0,TEM-13
712020:e09a2eee-2fe3-41a8-8a9c-29acd2258249,TEMPO WORKLOAD,2025-06-26,1.0,TEM-8
712020:3268e7ac-2411-4ef8-a85a-d619f040639c,TEMPO WORKLOAD,2025-06-26,0.5,TEM-25
712020:91b42101-19bb-498d-9942-8850a5540c96,TEMPO WORKLOAD,2025-06-26,0.5,TEM-25
5dbc42d12757660db6144b56,TEMPO WORKLOAD,2025-06-26,0.75,TEM-17
6022a0ace7deee0069225fbd,TEMPO WORKLOAD,2025-06-26,1.5,TEM-28
5dea6ce9b95b180d17cfc7df,TEMPO WORKLOAD,2025-06-26,1.5,TEM-28
712020:3268e7ac-2411-4ef8-a85a-d619f040639c,TEMPO WORKLOAD,2025-06-26,1.0,TEM-36
712020:91b42101-19bb-498d-9942-8850a5540c96,TEMPO WORKLOAD,2025-06-26,2.5,TEM-25
5eb2db0fa4c57d0b8b13eecb,TEMPO WORKLOAD,2025-06-26,2.0,TEM-28
6411cc617222b08f3e70f716,TEMPO WORKLOAD,2025-06-26,1.25,TEM-18
613fb43fe6c39d00721944a0,TEMPO WORKLOAD,2025-06-26,0.5,TEM-36
6310a896316bbc56c4249184,TEMPO WORKLOAD,2025-06-26,3.0,TEM-10
5f45400afdc3f5003fee080b,TEMPO WORKLOAD,2025-06-26,1.0,TEM-14
712020:15482282-a769-4a4d-a4c2-0424a3a2e0d8,TEMPO WORKLOAD,2025-06-26,1.0,TEM-9
712020:6b82bca4-7ae3-4417-b5b5-76024cf32617,TEMPO WORKLOAD,2025-06-26,0.5,TEM-22
712020:e09a2eee-2fe3-41a8-8a9c-29acd2258249,TEMPO WORKLOAD,2025-06-26,1.5,TEM-8
712020:3268e7ac-2411-4ef8-a85a-d619f040639c,TEMPO WORKLOAD,2025-06-26,1.0,TEM-36
613fb43fe6c39d00721944a0,TEMPO WORKLOAD,2025-06-26,0.5,TEM-36
712020:6b82bca4-7ae3-4417-b5b5-76024cf32617,TEMPO WORKLOAD,2025-06-26,0.5,TEM-22
70121:e997c5d5-1d6e-4973-80cb-28bfe7343a3f,TEMPO WORKLOAD,2025-06-26,1.0,TEM-1
712020:6b82bca4-7ae3-4417-b5b5-76024cf32617,TEMPO WORKLOAD,2025-06-26,1.5,TEM-22
63600fdb1cc605b1fd177862,TEMPO WORKLOAD,2025-06-26,1.5,TEM-6
6022a0ace7deee0069225fbd,TEMPO WORKLOAD,2025-06-26,0.5,TEM-14
6310a8954fbe9c4bd0edf82a,TEMPO WORKLOAD,2025-06-26,1.0,TEM-23
70121:716f3beb-9b1e-4b9c-bb75-d5716c9878b0,TEMPO WORKLOAD,2025-06-26,1.25,TEM-17
5d6fae7bab129d0c306da857,TEMPO WORKLOAD,2025-06-26,2.0,TEM-13
70121:716f3beb-9b1e-4b9c-bb75-d5716c9878b0,TEMPO WORKLOAD,2025-06-26,1.2666666666666666,TEM-6
712020:1e3eed0c-846c-4ebd-bec7-51d04bbb59c0,TEMPO WORKLOAD,2025-06-26,1.0,TEM-30
712020:1e3eed0c-846c-4ebd-bec7-51d04bbb59c0,TEMPO WORKLOAD,2025-06-26,1.0,TEM-30
5dea6ce9b95b180d17cfc7df,TEMPO WORKLOAD,2025-06-26,1.25,TEM-28
6022a0ace7deee0069225fbd,TEMPO WORKLOAD,2025-06-26,0.5,TEM-36
712020:3268e7ac-2411-4ef8-a85a-d619f040639c,TEMPO WORKLOAD,2025-06-26,0.5,TEM-36
712020:e09a2eee-2fe3-41a8-8a9c-29acd2258249,TEMPO WORKLOAD,2025-06-26,1.5,TEM-8
6022a0ace7deee0069225fbd,TEMPO WORKLOAD,2025-06-26,0.5,TEM-14
712020:3268e7ac-2411-4ef8-a85a-d619f040639c,TEMPO WORKLOAD,2025-06-26,1.0,TEM-36
712020:76b2ab6b-f08d-4fef-9ced-52ff15fad7a0,TEMPO WORKLOAD,2025-06-26,2.0,TEM-27
6324d3f3ce3e476e42ae2595,TEMPO WORKLOAD,2025-06-26,1.5,TEM-18
70121:716f3beb-9b1e-4b9c-bb75-d5716c9878b0,TEMPO WORKLOAD,2025-06-26,0.75,TEM-1
6324d3f3ce3e476e42ae2595,TEMPO WORKLOAD,2025-06-26,0.5,TEM-18
712020:05c80f08-99ab-4608-9ac1-8c3c43fbef01,TEMPO WORKLOAD,2025-06-27,0.5,TEM-25
712020:05c80f08-99ab-4608-9ac1-8c3c43fbef01,TEMPO WORKLOAD,2025-06-27,8.0,TEM-17
5eb2db0fa4c57d0b8b13eecb,TEMPO WORKLOAD,2025-06-27,8.0,TEM-2
557058:b0ab43f7-2329-4796-9a63-2abcf978b413,TEMPO WORKLOAD,2025-06-27,0.3333333333333333,TEM-26
607829da95f6fc006aab9e92,TEMPO WORKLOAD,2025-06-27,0.25,TEM-19
6356e77976b91b62562d4fea,TEMPO WORKLOAD,2025-06-27,6.0,TEM-26
613fb383e057c6006a1ccade,TEMPO WORKLOAD,2025-06-27,8.0,TEM-2
712020:a3240ec7-ccb7-4e31-81ed-5338bd11acc2,TEMPO WORKLOAD,2025-06-27,3.0,TEM-8
70121:2c1e0513-4f21-4c96-adc1-8c318e30bc0e,TEMPO WORKLOAD,2025-06-27,3.0,TEM-7
70121:2c1e0513-4f21-4c96-adc1-8c318e30bc0e,TEMPO WORKLOAD,2025-06-27,3.0,TEM-8
5c8132a6e6e3160b9b6fd44d,TEMPO WORKLOAD,2025-06-27,8.0,TEM-2
6411cc617222b08f3e70f716,TEMPO WORKLOAD,2025-06-27,1.0,TEM-18
61ddc1dcf3037f0069656c13,TEMPO WORKLOAD,2025-06-27,1.0,TEM-18
6310a896316bbc56c4249184,TEMPO WORKLOAD,2025-06-27,8.0,TEM-2
5eb2e91b96bbcb0b857bfa58,TEMPO WORKLOAD,2025-06-27,3.25,TEM-14
5eb2e91b96bbcb0b857bfa58,TEMPO WORKLOAD,2025-06-27,4.0,TEM-14
6310a8976856bdd60a9eddae,TEMPO WORKLOAD,2025-06-27,0.5,TEM-14
712020:db40572b-4fd3-49a2-b4c1-620d9be82a65,TEMPO WORKLOAD,2025-06-27,8.0,TEM-9
712020:31918087-5a23-4883-b0d2-134f05828b32,TEMPO WORKLOAD,2025-06-27,6.0,TEM-14
613fb43fe6c39d00721944a0,TEMPO WORKLOAD,2025-06-27,4.0,TEM-36
70121:716f3beb-9b1e-4b9c-bb75-d5716c9878b0,TEMPO WORKLOAD,2025-06-27,2.0,TEM-17
5dbc42d12757660db6144b56,TEMPO WORKLOAD,2025-06-27,1.5,TEM-13
5e751b85fad9000c325d9aae,TEMPO WORKLOAD,2025-06-27,5.0,TEM-8
712020:39d78a45-5732-4153-afaa-dc9227f4dfe3,TEMPO WORKLOAD,2025-06-27,3.0,TEM-7
712020:ab3c5ef0-a515-47fc-9cdd-3b5d0c219224,TEMPO WORKLOAD,2025-06-27,8.0,TEM-7
712020:02ccfc0c-5c0f-4e48-8f91-fb3bb584a2dc,TEMPO WORKLOAD,2025-06-27,8.0,TEM-9
5dea6ce9b95b180d17cfc7df,TEMPO WORKLOAD,2025-06-27,3.25,TEM-28
712020:f5cdecd9-64db-4d5e-b4a2-c8f4b7201212,TEMPO WORKLOAD,2025-06-27,8.0,TEM-7
5c8bd7984c5068698da7b839,TEMPO WORKLOAD,2025-06-27,10.266666666666667,TEM-5
712020:f50b1e80-f1ef-440b-b954-716fbfdbc927,TEMPO WORKLOAD,2025-06-27,8.0,TEM-9
557058:c310fa79-8a55-492f-a2fe-6e69a7d7c4eb,TEMPO WORKLOAD,2025-06-27,0.25,TEM-19
712020:98295f35-86b1-4d23-a51b-30dbe7170d11,TEMPO WORKLOAD,2025-06-27,7.2,TEM-7
712020:15482282-a769-4a4d-a4c2-0424a3a2e0d8,TEMPO WORKLOAD,2025-06-27,5.0,TEM-7
712020:d26e58e6-874b-4243-ac4e-1d4cb867a542,TEMPO WORKLOAD,2025-06-27,8.0,TEM-8
6299079acd636500697d4701,TEMPO WORKLOAD,2025-06-27,8.0,TEM-21
6324d3f3ce3e476e42ae2595,TEMPO WORKLOAD,2025-06-27,1.5,TEM-18
712020:00e94d7a-1f49-4891-bbf9-a2bf827bd258,TEMPO WORKLOAD,2025-06-27,8.0,TEM-9
63d916c4bf837c6893d6fbad,TEMPO WORKLOAD,2025-06-27,9.0,TEM-7
605e40fd2f7d900070bce962,TEMPO WORKLOAD,2025-06-27,0.25,TEM-26
6310a8963e578bb3b5feb9f3,TEMPO WORKLOAD,2025-06-27,8.0,TEM-2
712020:91b42101-19bb-498d-9942-8850a5540c96,TEMPO WORKLOAD,2025-06-27,5.0,TEM-25
5c8bd79686c36970e812b609,TEMPO WORKLOAD,2025-06-27,8.0,TEM-7
62e433730b4bf7ad924bcbe5,TEMPO WORKLOAD,2025-06-27,8.0,TEM-2
62fbddc8bb0704a2a808bd57,TEMPO WORKLOAD,2025-06-27,8.0,TEM-5
70121:e997c5d5-1d6e-4973-80cb-28bfe7343a3f,TEMPO WORKLOAD,2025-06-27,0.75,TEM-28
70121:2c1e0513-4f21-4c96-adc1-8c318e30bc0e,TEMPO WORKLOAD,2025-06-27,1.5,TEM-28
70121:2c1e0513-4f21-4c96-adc1-8c318e30bc0e,TEMPO WORKLOAD,2025-06-27,0.5,TEM-5
607829da95f6fc006aab9e92,TEMPO WORKLOAD,2025-06-27,7.75,TEM-19
636e3660c383ad842147234a,TEMPO WORKLOAD,2025-06-27,3.75,TEM-26
557058:c310fa79-8a55-492f-a2fe-6e69a7d7c4eb,TEMPO WORKLOAD,2025-06-27,7.75,TEM-19
605e40fd2f7d900070bce962,TEMPO WORKLOAD,2025-06-27,1.75,TEM-26
5c5857d6036b380b84dc8212,TEMPO WORKLOAD,2025-06-27,5.0,TEM-28
6310a8976856bdd60a9eddae,TEMPO WORKLOAD,2025-06-27,1.75,TEM-14
61ddc1dcf3037f0069656c13,TEMPO WORKLOAD,2025-06-27,7.0,TEM-24
70121:e997c5d5-1d6e-4973-80cb-28bfe7343a3f,TEMPO WORKLOAD,2025-06-27,1.0,TEM-15
712020:a7ee73c4-a6b3-4a8b-b22b-97aa3edf3ff7,TEMPO WORKLOAD,2025-06-27,4.0,TEM-8
712020:c24d4628-d885-44d1-8ec8-dd76d416436a,TEMPO WORKLOAD,2025-06-27,8.0,TEM-26
712020:3268e7ac-2411-4ef8-a85a-d619f040639c,TEMPO WORKLOAD,2025-06-27,8.0,TEM-2
5f03aab970b8a90025641824,TEMPO WORKLOAD,2025-06-27,3.0,TEM-26
712020:6c5881b3-26a9-4223-a18b-14414e7b9d3a,TEMPO WORKLOAD,2025-06-27,8.0,TEM-7
62fbd97aeec8d4a478d41a3b,TEMPO WORKLOAD,2025-06-27,7.0,TEM-17
712020:6b82bca4-7ae3-4417-b5b5-76024cf32617,TEMPO WORKLOAD,2025-06-27,8.0,TEM-2
712020:5912aa5b-0476-4091-834a-994381177d1a,TEMPO WORKLOAD,2025-06-27,1.0,TEM-18
6411cc617222b08f3e70f716,TEMPO WORKLOAD,2025-06-27,2.5,TEM-18
712020:f518f4e7-7314-45a9-a3ef-723ad3fd6d7f,TEMPO WORKLOAD,2025-06-27,7.5,TEM-7
712020:c2d6f64b-7c18-4b58-9189-57c8823f4f64,TEMPO WORKLOAD,2025-06-27,8.0,TEM-5
6310a8954fbe9c4bd0edf82a,TEMPO WORKLOAD,2025-06-27,0.5,TEM-19
5dbc42d12757660db6144b56,TEMPO WORKLOAD,2025-06-27,0.5,TEM-13
5f45400afdc3f5003fee080b,TEMPO WORKLOAD,2025-06-27,5.0,TEM-14
712020:34c5700f-f485-4468-b4d7-06a7a3e2942b,TEMPO WORKLOAD,2025-06-27,4.0,TEM-7
5d6fae7bab129d0c306da857,TEMPO WORKLOAD,2025-06-27,0.5,TEM-13
712020:f71fff89-9283-4b8c-afc6-a4ccda67573c,TEMPO WORKLOAD,2025-06-27,8.0,TEM-7
712020:d8a16146-bc5b-4c61-9c5d-af3eaddace2b,TEMPO WORKLOAD,2025-06-27,8.0,TEM-5
712020:5ee2f3fa-371b-4e6b-b912-594fc836bd92,TEMPO WORKLOAD,2025-06-27,4.0,TEM-2
712020:d1c53603-3e65-4881-b493-a128394d565e,TEMPO WORKLOAD,2025-06-27,9.0,TEM-7
712020:11e8ce5a-06a7-43cf-9c5a-858eed6f0a07,TEMPO WORKLOAD,2025-06-27,8.0,TEM-5
712020:448afbe2-d875-40e8-9541-835a59cdf0a7,TEMPO WORKLOAD,2025-06-27,8.0,TEM-7
6310a898316bbc56c4249187,TEMPO WORKLOAD,2025-06-27,4.0,TEM-21
712020:76b2ab6b-f08d-4fef-9ced-52ff15fad7a0,TEMPO WORKLOAD,2025-06-27,0.4,TEM-21
712020:e09a2eee-2fe3-41a8-8a9c-29acd2258249,TEMPO WORKLOAD,2025-06-27,1.5,TEM-8
712020:5e29a15d-dadb-41b1-bd51-d65cb73a9a3e,TEMPO WORKLOAD,2025-06-27,9.0,TEM-7
712020:2fd5ca9e-c92c-426e-b141-c27cdf46a539,TEMPO WORKLOAD,2025-06-27,6.0,TEM-9
5e0de9b99af3650e9e3ffc97,TEMPO WORKLOAD,2025-06-27,8.0,TEM-2
63b6c257d3aeefa405443cf9,TEMPO WORKLOAD,2025-06-27,6.0,TEM-24
557058:b0ab43f7-2329-4796-9a63-2abcf978b413,TEMPO WORKLOAD,2025-06-27,2.0,TEM-26
712020:76b2ab6b-f08d-4fef-9ced-52ff15fad7a0,TEMPO WORKLOAD,2025-06-27,7.6,TEM-21
6022a0ace7deee0069225fbd,TEMPO WORKLOAD,2025-06-27,0.5,TEM-14
6310a8954fbe9c4bd0edf82a,TEMPO WORKLOAD,2025-06-27,0.25,TEM-19
5dbc42d12757660db6144b56,TEMPO WORKLOAD,2025-06-27,1.5,TEM-17
6324d3f3ce3e476e42ae2595,TEMPO WORKLOAD,2025-06-27,1.0,TEM-18
6310a8954fbe9c4bd0edf82a,TEMPO WORKLOAD,2025-06-27,0.75,TEM-19
70121:e997c5d5-1d6e-4973-80cb-28bfe7343a3f,TEMPO WORKLOAD,2025-06-27,0.75,TEM-28
712020:460f9b37-2b1d-4960-8575-5dc964940e8f,TEMPO WORKLOAD,2025-06-27,1.0,TEM-26
712020:5912aa5b-0476-4091-834a-994381177d1a,TEMPO WORKLOAD,2025-06-27,0.5,TEM-18
70121:716f3beb-9b1e-4b9c-bb75-d5716c9878b0,TEMPO WORKLOAD,2025-06-27,2.0,TEM-17
5d6fae7bab129d0c306da857,TEMPO WORKLOAD,2025-06-27,1.0,TEM-13
637d1ac0f48fbd9b62d50fc3,TEMPO WORKLOAD,2025-06-27,8.0,TEM-8
63600fdb1cc605b1fd177862,TEMPO WORKLOAD,2025-06-27,7.0,TEM-28
63e1170728cddcc70773cbd6,TEMPO WORKLOAD,2025-06-27,2.75,TEM-14
712020:e09a2eee-2fe3-41a8-8a9c-29acd2258249,TEMPO WORKLOAD,2025-06-27,0.25,TEM-8
6310a8954fbe9c4bd0edf82a,TEMPO WORKLOAD,2025-06-27,6.5,TEM-19
712020:5912aa5b-0476-4091-834a-994381177d1a,TEMPO WORKLOAD,2025-06-27,3.5,TEM-18
712020:1e3eed0c-846c-4ebd-bec7-51d04bbb59c0,TEMPO WORKLOAD,2025-06-27,0.25,TEM-30
6324d3f3ce3e476e42ae2595,TEMPO WORKLOAD,2025-06-27,1.0,TEM-18
70121:e997c5d5-1d6e-4973-80cb-28bfe7343a3f,TEMPO WORKLOAD,2025-06-27,2.0,TEM-15
712020:e09a2eee-2fe3-41a8-8a9c-29acd2258249,TEMPO WORKLOAD,2025-06-27,2.25,TEM-8
712020:a3240ec7-ccb7-4e31-81ed-5338bd11acc2,TEMPO WORKLOAD,2025-06-27,3.0,TEM-8
712020:51261fb6-b689-4617-8eae-46a70a19df7c,TEMPO WORKLOAD,2025-06-27,4.0,TEM-7
6022a0ace7deee0069225fbd,TEMPO WORKLOAD,2025-06-27,1.0,TEM-28
712020:31918087-5a23-4883-b0d2-134f05828b32,TEMPO WORKLOAD,2025-06-27,1.0,TEM-14
5dbc42d12757660db6144b56,TEMPO WORKLOAD,2025-06-27,3.5,TEM-17
712020:39d78a45-5732-4153-afaa-dc9227f4dfe3,TEMPO WORKLOAD,2025-06-27,2.0,TEM-8
63600fdb1cc605b1fd177862,TEMPO WORKLOAD,2025-06-27,1.0,TEM-6
6310a8976856bdd60a9eddae,TEMPO WORKLOAD,2025-06-27,0.75,TEM-14
6411cc617222b08f3e70f716,TEMPO WORKLOAD,2025-06-27,0.5,TEM-18
5dea6ce9b95b180d17cfc7df,TEMPO WORKLOAD,2025-06-27,0.5,TEM-28
5f03aab970b8a90025641824,TEMPO WORKLOAD,2025-06-27,0.25,TEM-26
636e3660c383ad842147234a,TEMPO WORKLOAD,2025-06-27,0.25,TEM-26
613fb43fe6c39d00721944a0,TEMPO WORKLOAD,2025-06-27,4.0,TEM-36
5dea6ce9b95b180d17cfc7df,TEMPO WORKLOAD,2025-06-27,0.25,TEM-28
6411cc617222b08f3e70f716,TEMPO WORKLOAD,2025-06-27,0.75,TEM-18
6022a0ace7deee0069225fbd,TEMPO WORKLOAD,2025-06-27,0.5,TEM-13
6310a8976856bdd60a9eddae,TEMPO WORKLOAD,2025-06-27,3.0,TEM-14
712020:d6bab2e1-1616-4bfb-83a4-2be2aebf31ed,TEMPO WORKLOAD,2025-06-27,6.0,TEM-8
5d6fae7bab129d0c306da857,TEMPO WORKLOAD,2025-06-27,2.0,TEM-13
6324d3f3ce3e476e42ae2595,TEMPO WORKLOAD,2025-06-27,1.0,TEM-18
70121:272d7cde-e8e4-4a3f-9333-8e1247180871,TEMPO WORKLOAD,2025-06-27,4.0,TEM-18
5f03aab970b8a90025641824,TEMPO WORKLOAD,2025-06-27,3.75,TEM-26
5c5857d6036b380b84dc8212,TEMPO WORKLOAD,2025-06-27,0.5,TEM-28
6022a0ace7deee0069225fbd,TEMPO WORKLOAD,2025-06-27,0.5,TEM-36
5dea6ce9b95b180d17cfc7df,TEMPO WORKLOAD,2025-06-27,4.0,TEM-28
70121:e997c5d5-1d6e-4973-80cb-28bfe7343a3f,TEMPO WORKLOAD,2025-06-27,0.5,TEM-1
6411cc617222b08f3e70f716,TEMPO WORKLOAD,2025-06-27,0.25,TEM-18
6411cc617222b08f3e70f716,TEMPO WORKLOAD,2025-06-27,0.25,TEM-18
6022a0ace7deee0069225fbd,TEMPO WORKLOAD,2025-06-27,0.5,TEM-14
63e1170728cddcc70773cbd6,TEMPO WORKLOAD,2025-06-27,1.0,TEM-14
5e751b85fad9000c325d9aae,TEMPO WORKLOAD,2025-06-27,3.0,TEM-36
712020:39d78a45-5732-4153-afaa-dc9227f4dfe3,TEMPO WORKLOAD,2025-06-27,3.0,TEM-9
6324d3f3ce3e476e42ae2595,TEMPO WORKLOAD,2025-06-27,4.0,TEM-2
712020:15482282-a769-4a4d-a4c2-0424a3a2e0d8,TEMPO WORKLOAD,2025-06-27,2.0,TEM-8
70121:e997c5d5-1d6e-4973-80cb-28bfe7343a3f,TEMPO WORKLOAD,2025-06-27,1.75,TEM-15
6411cc617222b08f3e70f716,TEMPO WORKLOAD,2025-06-27,1.75,TEM-18
5c5857d6036b380b84dc8212,TEMPO WORKLOAD,2025-06-27,1.0,TEM-28
712020:a7ee73c4-a6b3-4a8b-b22b-97aa3edf3ff7,TEMPO WORKLOAD,2025-06-27,4.0,TEM-8
712020:5912aa5b-0476-4091-834a-994381177d1a,TEMPO WORKLOAD,2025-06-27,0.5,TEM-18
6310a8976856bdd60a9eddae,TEMPO WORKLOAD,2025-06-27,0.25,TEM-14
63e1170728cddcc70773cbd6,TEMPO WORKLOAD,2025-06-27,5.0,TEM-14
5f45400afdc3f5003fee080b,TEMPO WORKLOAD,2025-06-27,1.0,TEM-14
712020:34c5700f-f485-4468-b4d7-06a7a3e2942b,TEMPO WORKLOAD,2025-06-27,3.0,TEM-7
5d6fae7bab129d0c306da857,TEMPO WORKLOAD,2025-06-27,2.0,TEM-13
712020:5ee2f3fa-371b-4e6b-b912-594fc836bd92,TEMPO WORKLOAD,2025-06-27,4.0,TEM-2
712020:e09a2eee-2fe3-41a8-8a9c-29acd2258249,TEMPO WORKLOAD,2025-06-27,0.75,TEM-8
712020:91b42101-19bb-498d-9942-8850a5540c96,TEMPO WORKLOAD,2025-06-27,0.5,TEM-25
6310a8976856bdd60a9eddae,TEMPO WORKLOAD,2025-06-27,0.75,TEM-14
712020:91b42101-19bb-498d-9942-8850a5540c96,TEMPO WORKLOAD,2025-06-27,2.5,TEM-25
712020:5912aa5b-0476-4091-834a-994381177d1a,TEMPO WORKLOAD,2025-06-27,0.5,TEM-18
6022a0ace7deee0069225fbd,TEMPO WORKLOAD,2025-06-27,0.5,TEM-14
712020:e09a2eee-2fe3-41a8-8a9c-29acd2258249,TEMPO WORKLOAD,2025-06-27,2.5,TEM-8
6411cc617222b08f3e70f716,TEMPO WORKLOAD,2025-06-27,1.0,TEM-18
6022a0ace7deee0069225fbd,TEMPO WORKLOAD,2025-06-27,0.5,TEM-14
5dbc42d12757660db6144b56,TEMPO WORKLOAD,2025-06-27,1.0,TEM-14
712020:15482282-a769-4a4d-a4c2-0424a3a2e0d8,TEMPO WORKLOAD,2025-06-27,1.0,TEM-9
6022a0ace7deee0069225fbd,TEMPO WORKLOAD,2025-06-27,1.0,TEM-13
5d6fae7bab129d0c306da857,TEMPO WORKLOAD,2025-06-27,2.0,TEM-13
6022a0ace7deee0069225fbd,TEMPO WORKLOAD,2025-06-27,1.0,TEM-6
712020:1e3eed0c-846c-4ebd-bec7-51d04bbb59c0,TEMPO WORKLOAD,2025-06-27,1.75,TEM-30
712020:76b2ab6b-f08d-4fef-9ced-52ff15fad7a0,TEMPO WORKLOAD,2025-06-27,2.0,TEM-27
712020:e09a2eee-2fe3-41a8-8a9c-29acd2258249,TEMPO WORKLOAD,2025-06-27,0.75,TEM-8
5d6fae7bab129d0c306da857,TEMPO WORKLOAD,2025-06-27,2.0,TEM-13
712020:34c5700f-f485-4468-b4d7-06a7a3e2942b,TEMPO WORKLOAD,2025-06-27,2.0,TEM-7
5c8bd7984c5068698da7b839,TEMPO WORKLOAD,2025-06-28,12.1,TEM-32
712020:1e3eed0c-846c-4ebd-bec7-51d04bbb59c0,TEMPO WORKLOAD,2025-06-28,2.5,TEM-30
712020:34c5700f-f485-4468-b4d7-06a7a3e2942b,TEMPO WORKLOAD,2025-06-28,1.0,TEM-7
712020:34c5700f-f485-4468-b4d7-06a7a3e2942b,TEMPO WORKLOAD,2025-06-28,1.0,TEM-7
5d6fae7bab129d0c306da857,TEMPO WORKLOAD,2025-06-28,2.0,TEM-13
5c8bd7984c5068698da7b839,TEMPO WORKLOAD,2025-06-29,2.1166666666666667,TEM-32
712020:34c5700f-f485-4468-b4d7-06a7a3e2942b,TEMPO WORKLOAD,2025-06-29,2.0,TEM-7
5d6fae7bab129d0c306da857,TEMPO WORKLOAD,2025-06-29,2.0,TEM-13
712020:34c5700f-f485-4468-b4d7-06a7a3e2942b,TEMPO WORKLOAD,2025-06-29,2.0,TEM-7
712020:34c5700f-f485-4468-b4d7-06a7a3e2942b,TEMPO WORKLOAD,2025-06-29,1.0,TEM-7
712020:05c80f08-99ab-4608-9ac1-8c3c43fbef01,TEMPO WORKLOAD,2025-06-30,3.0,TEM-25
712020:05c80f08-99ab-4608-9ac1-8c3c43fbef01,TEMPO WORKLOAD,2025-06-30,5.0,TEM-31
5eb2db0fa4c57d0b8b13eecb,TEMPO WORKLOAD,2025-06-30,2.0,TEM-28
607829da95f6fc006aab9e92,TEMPO WORKLOAD,2025-06-30,0.25,TEM-19
6356e77976b91b62562d4fea,TEMPO WORKLOAD,2025-06-30,4.0,TEM-26
62fbd97aeec8d4a478d41a3b,TEMPO WORKLOAD,2025-06-30,8.0,TEM-2
613fb383e057c6006a1ccade,TEMPO WORKLOAD,2025-06-30,8.0,TEM-2
70121:2c1e0513-4f21-4c96-adc1-8c318e30bc0e,TEMPO WORKLOAD,2025-06-30,3.0,TEM-7
70121:2c1e0513-4f21-4c96-adc1-8c318e30bc0e,TEMPO WORKLOAD,2025-06-30,3.0,TEM-8
6411cc617222b08f3e70f716,TEMPO WORKLOAD,2025-06-30,0.25,TEM-18
712020:02ccfc0c-5c0f-4e48-8f91-fb3bb584a2dc,TEMPO WORKLOAD,2025-06-30,8.0,TEM-7
5dea6ce9b95b180d17cfc7df,TEMPO WORKLOAD,2025-06-30,2.25,TEM-28
712020:d8a16146-bc5b-4c61-9c5d-af3eaddace2b,TEMPO WORKLOAD,2025-06-30,8.0,TEM-5
712020:f5cdecd9-64db-4d5e-b4a2-c8f4b7201212,TEMPO WORKLOAD,2025-06-30,8.0,TEM-7
5c8bd7984c5068698da7b839,TEMPO WORKLOAD,2025-06-30,1.6166666666666667,TEM-5
712020:d26e58e6-874b-4243-ac4e-1d4cb867a542,TEMPO WORKLOAD,2025-06-30,8.0,TEM-8
5c5857d6036b380b84dc8212,TEMPO WORKLOAD,2025-06-30,1.0,TEM-28
5c8132a6e6e3160b9b6fd44d,TEMPO WORKLOAD,2025-06-30,6.5,TEM-10
712020:6ad83a3e-a1e9-43e6-a0a2-7931a513de7f,TEMPO WORKLOAD,2025-06-30,4.0,TEM-17
5eb2e91b96bbcb0b857bfa58,TEMPO WORKLOAD,2025-06-30,6.75,TEM-14
712020:00e94d7a-1f49-4891-bbf9-a2bf827bd258,TEMPO WORKLOAD,2025-06-30,8.0,TEM-9
5eb2e91b96bbcb0b857bfa58,TEMPO WORKLOAD,2025-06-30,0.5,TEM-14
63d916c4bf837c6893d6fbad,TEMPO WORKLOAD,2025-06-30,9.0,TEM-7
712020:ab3c5ef0-a515-47fc-9cdd-3b5d0c219224,TEMPO WORKLOAD,2025-06-30,8.0,TEM-7
712020:f50b1e80-f1ef-440b-b954-716fbfdbc927,TEMPO WORKLOAD,2025-06-30,8.0,TEM-9
557058:c310fa79-8a55-492f-a2fe-6e69a7d7c4eb,TEMPO WORKLOAD,2025-06-30,0.25,TEM-19
605e40fd2f7d900070bce962,TEMPO WORKLOAD,2025-06-30,4.0,TEM-26
5dbc42d12757660db6144b56,TEMPO WORKLOAD,2025-06-30,1.25,TEM-14
712020:db40572b-4fd3-49a2-b4c1-620d9be82a65,TEMPO WORKLOAD,2025-06-30,8.0,TEM-9
5eb2db0fa4c57d0b8b13eecb,TEMPO WORKLOAD,2025-06-30,1.0,TEM-28
6310a896316bbc56c4249184,TEMPO WORKLOAD,2025-06-30,0.5,TEM-13
6310a8963e578bb3b5feb9f3,TEMPO WORKLOAD,2025-06-30,8.0,TEM-2
5c8bd79686c36970e812b609,TEMPO WORKLOAD,2025-06-30,8.0,TEM-7
712020:39d78a45-5732-4153-afaa-dc9227f4dfe3,TEMPO WORKLOAD,2025-06-30,3.0,TEM-7
62e433730b4bf7ad924bcbe5,TEMPO WORKLOAD,2025-06-30,8.0,TEM-2
62fbddc8bb0704a2a808bd57,TEMPO WORKLOAD,2025-06-30,8.0,TEM-2
5f45400afdc3f5003fee080b,TEMPO WORKLOAD,2025-06-30,2.0,TEM-14
6310a8976856bdd60a9eddae,TEMPO WORKLOAD,2025-06-30,1.0,TEM-14
613fb43fe6c39d00721944a0,TEMPO WORKLOAD,2025-06-30,7.0,TEM-36
5e751b85fad9000c325d9aae,TEMPO WORKLOAD,2025-06-30,8.333333333333334,TEM-8
70121:e997c5d5-1d6e-4973-80cb-28bfe7343a3f,TEMPO WORKLOAD,2025-06-30,0.5,TEM-15
70121:2c1e0513-4f21-4c96-adc1-8c318e30bc0e,TEMPO WORKLOAD,2025-06-30,1.5,TEM-28
557058:b0ab43f7-2329-4796-9a63-2abcf978b413,TEMPO WORKLOAD,2025-06-30,4.0,TEM-26
70121:2c1e0513-4f21-4c96-adc1-8c318e30bc0e,TEMPO WORKLOAD,2025-06-30,0.5,TEM-5
5c8bd7f389bbc56298d1e291,TEMPO WORKLOAD,2025-06-30,80.0,TEM-31
607829da95f6fc006aab9e92,TEMPO WORKLOAD,2025-06-30,7.75,TEM-19
6411cc617222b08f3e70f716,TEMPO WORKLOAD,2025-06-30,1.75,TEM-18
557058:c310fa79-8a55-492f-a2fe-6e69a7d7c4eb,TEMPO WORKLOAD,2025-06-30,1.0,TEM-28
712020:f518f4e7-7314-45a9-a3ef-723ad3fd6d7f,TEMPO WORKLOAD,2025-06-30,7.5,TEM-7
6310a896316bbc56c4249184,TEMPO WORKLOAD,2025-06-30,0.25,TEM-10
5d6fae7bab129d0c306da857,TEMPO WORKLOAD,2025-06-30,1.0,TEM-13
70121:e997c5d5-1d6e-4973-80cb-28bfe7343a3f,TEMPO WORKLOAD,2025-06-30,0.75,TEM-15
61ddc1dcf3037f0069656c13,TEMPO WORKLOAD,2025-06-30,5.0,TEM-24
6310a896316bbc56c4249184,TEMPO WORKLOAD,2025-06-30,6.5,TEM-10
712020:c24d4628-d885-44d1-8ec8-dd76d416436a,TEMPO WORKLOAD,2025-06-30,8.0,TEM-26
636e3660c383ad842147234a,TEMPO WORKLOAD,2025-06-30,2.0,TEM-26
712020:6c5881b3-26a9-4223-a18b-14414e7b9d3a,TEMPO WORKLOAD,2025-06-30,8.0,TEM-7
712020:6b82bca4-7ae3-4417-b5b5-76024cf32617,TEMPO WORKLOAD,2025-06-30,0.5,TEM-22
712020:c2d6f64b-7c18-4b58-9189-57c8823f4f64,TEMPO WORKLOAD,2025-06-30,8.0,TEM-5
712020:f71fff89-9283-4b8c-afc6-a4ccda67573c,TEMPO WORKLOAD,2025-06-30,8.0,TEM-7
637d1ac0f48fbd9b62d50fc3,TEMPO WORKLOAD,2025-06-30,8.0,TEM-8
712020:d1c53603-3e65-4881-b493-a128394d565e,TEMPO WORKLOAD,2025-06-30,9.0,TEM-2
712020:11e8ce5a-06a7-43cf-9c5a-858eed6f0a07,TEMPO WORKLOAD,2025-06-30,8.0,TEM-5
712020:34c5700f-f485-4468-b4d7-06a7a3e2942b,TEMPO WORKLOAD,2025-06-30,4.0,TEM-7
712020:448afbe2-d875-40e8-9541-835a59cdf0a7,TEMPO WORKLOAD,2025-06-30,8.0,TEM-7
712020:91b42101-19bb-498d-9942-8850a5540c96,TEMPO WORKLOAD,2025-06-30,4.0,TEM-25
712020:5ee2f3fa-371b-4e6b-b912-594fc836bd92,TEMPO WORKLOAD,2025-06-30,4.0,TEM-30
6310a898316bbc56c4249187,TEMPO WORKLOAD,2025-06-30,4.0,TEM-21
5c5857d6036b380b84dc8212,TEMPO WORKLOAD,2025-06-30,1.0,TEM-28
712020:5912aa5b-0476-4091-834a-994381177d1a,TEMPO WORKLOAD,2025-06-30,3.0,TEM-18
712020:3268e7ac-2411-4ef8-a85a-d619f040639c,TEMPO WORKLOAD,2025-06-30,2.0,TEM-36
712020:5e29a15d-dadb-41b1-bd51-d65cb73a9a3e,TEMPO WORKLOAD,2025-06-30,8.0,TEM-9
712020:2fd5ca9e-c92c-426e-b141-c27cdf46a539,TEMPO WORKLOAD,2025-06-30,6.0,TEM-9
6324d3f3ce3e476e42ae2595,TEMPO WORKLOAD,2025-06-30,2.5,TEM-18
712020:e09a2eee-2fe3-41a8-8a9c-29acd2258249,TEMPO WORKLOAD,2025-06-30,1.5,TEM-8
6310a8954fbe9c4bd0edf82a,TEMPO WORKLOAD,2025-06-30,0.5,TEM-19
712020:76b2ab6b-f08d-4fef-9ced-52ff15fad7a0,TEMPO WORKLOAD,2025-06-30,0.3333333333333333,TEM-21
70121:716f3beb-9b1e-4b9c-bb75-d5716c9878b0,TEMPO WORKLOAD,2025-06-30,8.0,TEM-2
5eb2db0fa4c57d0b8b13eecb,TEMPO WORKLOAD,2025-06-30,2.5,TEM-28
5e0de9b99af3650e9e3ffc97,TEMPO WORKLOAD,2025-06-30,2.0,TEM-14
712020:a7ee73c4-a6b3-4a8b-b22b-97aa3edf3ff7,TEMPO WORKLOAD,2025-06-30,4.0,TEM-8
6310a8976856bdd60a9eddae,TEMPO WORKLOAD,2025-06-30,4.0,TEM-14
63600fdb1cc605b1fd177862,TEMPO WORKLOAD,2025-06-30,2.0,TEM-17
63b6c257d3aeefa405443cf9,TEMPO WORKLOAD,2025-06-30,6.0,TEM-24
5dbc42d12757660db6144b56,TEMPO WORKLOAD,2025-06-30,0.5,TEM-36
70121:e997c5d5-1d6e-4973-80cb-28bfe7343a3f,TEMPO WORKLOAD,2025-06-30,2.0,TEM-28
712020:76b2ab6b-f08d-4fef-9ced-52ff15fad7a0,TEMPO WORKLOAD,2025-06-30,7.666666666666667,TEM-21
712020:6b82bca4-7ae3-4417-b5b5-76024cf32617,TEMPO WORKLOAD,2025-06-30,0.25,TEM-22
6310a8954fbe9c4bd0edf82a,TEMPO WORKLOAD,2025-06-30,0.25,TEM-19
5d6fae7bab129d0c306da857,TEMPO WORKLOAD,2025-06-30,0.5,TEM-13
5c8bd7984c5068698da7b839,TEMPO WORKLOAD,2025-06-30,5.866666666666666,TEM-32
712020:6b82bca4-7ae3-4417-b5b5-76024cf32617,TEMPO WORKLOAD,2025-06-30,2.0,TEM-22
6310a8954fbe9c4bd0edf82a,TEMPO WORKLOAD,2025-06-30,7.25,TEM-19
5dbc42d12757660db6144b56,TEMPO WORKLOAD,2025-06-30,2.5,TEM-36
5f4d8530d0884f00492507dd,TEMPO WORKLOAD,2025-06-30,2.0,TEM-26
6411cc617222b08f3e70f716,TEMPO WORKLOAD,2025-06-30,0.5,TEM-18
5c5857d6036b380b84dc8212,TEMPO WORKLOAD,2025-06-30,1.0,TEM-28
63e1170728cddcc70773cbd6,TEMPO WORKLOAD,2025-06-30,1.5,TEM-14
5f45400afdc3f5003fee080b,TEMPO WORKLOAD,2025-06-30,3.0,TEM-14
5d6fae7bab129d0c306da857,TEMPO WORKLOAD,2025-06-30,0.5,TEM-13
6411cc617222b08f3e70f716,TEMPO WORKLOAD,2025-06-30,0.5,TEM-18
6324d3f3ce3e476e42ae2595,TEMPO WORKLOAD,2025-06-30,2.0,TEM-6
712020:e09a2eee-2fe3-41a8-8a9c-29acd2258249,TEMPO WORKLOAD,2025-06-30,0.25,TEM-8
5d6fae7bab129d0c306da857,TEMPO WORKLOAD,2025-06-30,0.5,TEM-13
712020:e09a2eee-2fe3-41a8-8a9c-29acd2258249,TEMPO WORKLOAD,2025-06-30,2.0,TEM-8
64076b2b4d5e4b44e233faf6,TEMPO WORKLOAD,2025-06-30,4.0,TEM-26
5f03aab970b8a90025641824,TEMPO WORKLOAD,2025-06-30,2.0,TEM-26
636e3660c383ad842147234a,TEMPO WORKLOAD,2025-06-30,2.0,TEM-26
712020:460f9b37-2b1d-4960-8575-5dc964940e8f,TEMPO WORKLOAD,2025-06-30,1.0,TEM-26
712020:51261fb6-b689-4617-8eae-46a70a19df7c,TEMPO WORKLOAD,2025-06-30,6.0,TEM-7
6411cc617222b08f3e70f716,TEMPO WORKLOAD,2025-06-30,1.0,TEM-18
5c5857d6036b380b84dc8212,TEMPO WORKLOAD,2025-06-30,2.0,TEM-28
712020:3268e7ac-2411-4ef8-a85a-d619f040639c,TEMPO WORKLOAD,2025-06-30,2.0,TEM-36
5e0de9b99af3650e9e3ffc97,TEMPO WORKLOAD,2025-06-30,1.5,TEM-14
712020:39d78a45-5732-4153-afaa-dc9227f4dfe3,TEMPO WORKLOAD,2025-06-30,2.0,TEM-8
63600fdb1cc605b1fd177862,TEMPO WORKLOAD,2025-06-30,1.0,TEM-17
5d6fae7bab129d0c306da857,TEMPO WORKLOAD,2025-06-30,2.0,TEM-13
70121:e997c5d5-1d6e-4973-80cb-28bfe7343a3f,TEMPO WORKLOAD,2025-06-30,0.3333333333333333,TEM-28
63e1170728cddcc70773cbd6,TEMPO WORKLOAD,2025-06-30,4.5,TEM-14
70121:e997c5d5-1d6e-4973-80cb-28bfe7343a3f,TEMPO WORKLOAD,2025-06-30,1.0,TEM-28
712020:6b82bca4-7ae3-4417-b5b5-76024cf32617,TEMPO WORKLOAD,2025-06-30,1.25,TEM-22
6356e77976b91b62562d4fea,TEMPO WORKLOAD,2025-06-30,3.0,TEM-26
712020:d6bab2e1-1616-4bfb-83a4-2be2aebf31ed,TEMPO WORKLOAD,2025-06-30,6.0,TEM-2
6411cc617222b08f3e70f716,TEMPO WORKLOAD,2025-06-30,0.5,TEM-18
712020:5912aa5b-0476-4091-834a-994381177d1a,TEMPO WORKLOAD,2025-06-30,0.5,TEM-18
6022a0ace7deee0069225fbd,TEMPO WORKLOAD,2025-06-30,1.0,TEM-28
5eb2db0fa4c57d0b8b13eecb,TEMPO WORKLOAD,2025-06-30,0.5,TEM-28
63600fdb1cc605b1fd177862,TEMPO WORKLOAD,2025-06-30,1.0,TEM-17
70121:272d7cde-e8e4-4a3f-9333-8e1247180871,TEMPO WORKLOAD,2025-06-30,4.0,TEM-18
5dbc42d12757660db6144b56,TEMPO WORKLOAD,2025-06-30,0.5,TEM-36
6411cc617222b08f3e70f716,TEMPO WORKLOAD,2025-06-30,1.25,TEM-18
712020:5912aa5b-0476-4091-834a-994381177d1a,TEMPO WORKLOAD,2025-06-30,0.5,TEM-18
6324d3f3ce3e476e42ae2595,TEMPO WORKLOAD,2025-06-30,1.0,TEM-18
5eb2db0fa4c57d0b8b13eecb,TEMPO WORKLOAD,2025-06-30,0.5,TEM-6
5e0de9b99af3650e9e3ffc97,TEMPO WORKLOAD,2025-06-30,1.5,TEM-14
70121:e997c5d5-1d6e-4973-80cb-28bfe7343a3f,TEMPO WORKLOAD,2025-06-30,0.5,TEM-1
5dbc42d12757660db6144b56,TEMPO WORKLOAD,2025-06-30,1.0,TEM-13
712020:5912aa5b-0476-4091-834a-994381177d1a,TEMPO WORKLOAD,2025-06-30,1.5,TEM-18
712020:6b82bca4-7ae3-4417-b5b5-76024cf32617,TEMPO WORKLOAD,2025-06-30,2.5,TEM-22
5d6fae7bab129d0c306da857,TEMPO WORKLOAD,2025-06-30,0.5,TEM-13
5c5857d6036b380b84dc8212,TEMPO WORKLOAD,2025-06-30,0.5,TEM-28
712020:3268e7ac-2411-4ef8-a85a-d619f040639c,TEMPO WORKLOAD,2025-06-30,1.1666666666666667,TEM-36
712020:39d78a45-5732-4153-afaa-dc9227f4dfe3,TEMPO WORKLOAD,2025-06-30,3.0,TEM-9
6310a8976856bdd60a9eddae,TEMPO WORKLOAD,2025-06-30,0.5,TEM-14
5f45400afdc3f5003fee080b,TEMPO WORKLOAD,2025-06-30,0.5,TEM-14
70121:e997c5d5-1d6e-4973-80cb-28bfe7343a3f,TEMPO WORKLOAD,2025-06-30,1.0,TEM-15
5c5857d6036b380b84dc8212,TEMPO WORKLOAD,2025-06-30,0.5,TEM-28
6022a0ace7deee0069225fbd,TEMPO WORKLOAD,2025-06-30,0.5,TEM-36
5eb2db0fa4c57d0b8b13eecb,TEMPO WORKLOAD,2025-06-30,1.0,TEM-28
6310a8976856bdd60a9eddae,TEMPO WORKLOAD,2025-06-30,0.5,TEM-14
5d6fae7bab129d0c306da857,TEMPO WORKLOAD,2025-06-30,2.5,TEM-13
6411cc617222b08f3e70f716,TEMPO WORKLOAD,2025-06-30,0.25,TEM-18
5dbc42d12757660db6144b56,TEMPO WORKLOAD,2025-06-30,0.5,TEM-13
712020:34c5700f-f485-4468-b4d7-06a7a3e2942b,TEMPO WORKLOAD,2025-06-30,4.0,TEM-7
712020:5ee2f3fa-371b-4e6b-b912-594fc836bd92,TEMPO WORKLOAD,2025-06-30,4.0,TEM-30
6411cc617222b08f3e70f716,TEMPO WORKLOAD,2025-06-30,0.5,TEM-18
5c5857d6036b380b84dc8212,TEMPO WORKLOAD,2025-06-30,0.75,TEM-17
5c8132a6e6e3160b9b6fd44d,TEMPO WORKLOAD,2025-06-30,0.5,TEM-13
6324d3f3ce3e476e42ae2595,TEMPO WORKLOAD,2025-06-30,0.5,TEM-6
6022a0ace7deee0069225fbd,TEMPO WORKLOAD,2025-06-30,1.0,TEM-36
712020:e09a2eee-2fe3-41a8-8a9c-29acd2258249,TEMPO WORKLOAD,2025-06-30,0.75,TEM-8
5e0de9b99af3650e9e3ffc97,TEMPO WORKLOAD,2025-06-30,0.5,TEM-14
712020:a7ee73c4-a6b3-4a8b-b22b-97aa3edf3ff7,TEMPO WORKLOAD,2025-06-30,4.0,TEM-8
712020:91b42101-19bb-498d-9942-8850a5540c96,TEMPO WORKLOAD,2025-06-30,0.5,TEM-25
6310a8976856bdd60a9eddae,TEMPO WORKLOAD,2025-06-30,0.5,TEM-14
63600fdb1cc605b1fd177862,TEMPO WORKLOAD,2025-06-30,1.0,TEM-6
712020:3268e7ac-2411-4ef8-a85a-d619f040639c,TEMPO WORKLOAD,2025-06-30,0.8333333333333334,TEM-36
712020:5912aa5b-0476-4091-834a-994381177d1a,TEMPO WORKLOAD,2025-06-30,0.5,TEM-18
6411cc617222b08f3e70f716,TEMPO WORKLOAD,2025-06-30,1.0,TEM-18
6324d3f3ce3e476e42ae2595,TEMPO WORKLOAD,2025-06-30,2.0,TEM-18
5eb2db0fa4c57d0b8b13eecb,TEMPO WORKLOAD,2025-06-30,0.5,TEM-6
5e0de9b99af3650e9e3ffc97,TEMPO WORKLOAD,2025-06-30,2.5,TEM-14
712020:91b42101-19bb-498d-9942-8850a5540c96,TEMPO WORKLOAD,2025-06-30,1.0,TEM-25
6310a8976856bdd60a9eddae,TEMPO WORKLOAD,2025-06-30,0.5,TEM-14
5c5857d6036b380b84dc8212,TEMPO WORKLOAD,2025-06-30,0.75,TEM-17
712020:e09a2eee-2fe3-41a8-8a9c-29acd2258249,TEMPO WORKLOAD,2025-06-30,1.25,TEM-8
5dbc42d12757660db6144b56,TEMPO WORKLOAD,2025-06-30,1.25,TEM-17
613fb43fe6c39d00721944a0,TEMPO WORKLOAD,2025-06-30,0.5,TEM-13
6022a0ace7deee0069225fbd,TEMPO WORKLOAD,2025-06-30,1.0,TEM-28
63600fdb1cc605b1fd177862,TEMPO WORKLOAD,2025-06-30,3.0,TEM-28
6310a896316bbc56c4249184,TEMPO WORKLOAD,2025-06-30,0.5,TEM-13
712020:6b82bca4-7ae3-4417-b5b5-76024cf32617,TEMPO WORKLOAD,2025-06-30,1.5,TEM-28
613fb43fe6c39d00721944a0,TEMPO WORKLOAD,2025-06-30,0.5,TEM-13
6411cc617222b08f3e70f716,TEMPO WORKLOAD,2025-06-30,0.5,TEM-18
712020:91b42101-19bb-498d-9942-8850a5540c96,TEMPO WORKLOAD,2025-06-30,1.5,TEM-25
6310a896316bbc56c4249184,TEMPO WORKLOAD,2025-06-30,0.75,TEM-13
6299079acd636500697d4701,TEMPO WORKLOAD,2025-06-30,8.0,TEM-21
63e1170728cddcc70773cbd6,TEMPO WORKLOAD,2025-06-30,0.5,TEM-14
6022a0ace7deee0069225fbd,TEMPO WORKLOAD,2025-06-30,0.5,TEM-28
712020:e09a2eee-2fe3-41a8-8a9c-29acd2258249,TEMPO WORKLOAD,2025-06-30,2.25,TEM-8
5dbc42d12757660db6144b56,TEMPO WORKLOAD,2025-06-30,0.5,TEM-36
5d6fae7bab129d0c306da857,TEMPO WORKLOAD,2025-06-30,0.5,TEM-13
63e1170728cddcc70773cbd6,TEMPO WORKLOAD,2025-06-30,1.5,TEM-14
712020:3268e7ac-2411-4ef8-a85a-d619f040639c,TEMPO WORKLOAD,2025-06-30,1.5,TEM-36
6022a0ace7deee0069225fbd,TEMPO WORKLOAD,2025-06-30,1.0,TEM-28
6310a896316bbc56c4249184,TEMPO WORKLOAD,2025-06-30,2.5,TEM-10
5d6fae7bab129d0c306da857,TEMPO WORKLOAD,2025-06-30,0.5,TEM-13
712020:76b2ab6b-f08d-4fef-9ced-52ff15fad7a0,TEMPO WORKLOAD,2025-06-30,2.0,TEM-27
5d6fae7bab129d0c306da857,TEMPO WORKLOAD,2025-06-30,1.0,TEM-13
5d6fae7bab129d0c306da857,TEMPO WORKLOAD,2025-07-01,1.5,TEM-13
712020:05c80f08-99ab-4608-9ac1-8c3c43fbef01,TEMPO WORKLOAD,2025-07-01,0.5,TEM-25
712020:05c80f08-99ab-4608-9ac1-8c3c43fbef01,TEMPO WORKLOAD,2025-07-01,8.0,TEM-17
613fb383e057c6006a1ccade,TEMPO WORKLOAD,2025-07-01,8.0,TEM-2
6411cc617222b08f3e70f716,TEMPO WORKLOAD,2025-07-01,0.5,TEM-18
5dbc42d12757660db6144b56,TEMPO WORKLOAD,2025-07-01,3.0,TEM-17
712020:f5cdecd9-64db-4d5e-b4a2-c8f4b7201212,TEMPO WORKLOAD,2025-07-01,8.0,TEM-7
6022a0ace7deee0069225fbd,TEMPO WORKLOAD,2025-07-01,4.0,TEM-2
62fbddc8bb0704a2a808bd57,TEMPO WORKLOAD,2025-07-01,8.0,TEM-5
557058:c310fa79-8a55-492f-a2fe-6e69a7d7c4eb,TEMPO WORKLOAD,2025-07-01,0.75,TEM-28
712020:db40572b-4fd3-49a2-b4c1-620d9be82a65,TEMPO WORKLOAD,2025-07-01,8.0,TEM-9
613fb43fe6c39d00721944a0,TEMPO WORKLOAD,2025-07-01,4.0,TEM-13
5c8132a6e6e3160b9b6fd44d,TEMPO WORKLOAD,2025-07-01,6.0,TEM-10
5f45400afdc3f5003fee080b,TEMPO WORKLOAD,2025-07-01,0.75,TEM-14
6310a896316bbc56c4249184,TEMPO WORKLOAD,2025-07-01,0.5,TEM-13
62fbd97aeec8d4a478d41a3b,TEMPO WORKLOAD,2025-07-01,5.0,TEM-18
70121:e997c5d5-1d6e-4973-80cb-28bfe7343a3f,TEMPO WORKLOAD,2025-07-01,1.25,TEM-15
6310a8963e578bb3b5feb9f3,TEMPO WORKLOAD,2025-07-01,0.5,TEM-13
5eb2e91b96bbcb0b857bfa58,TEMPO WORKLOAD,2025-07-01,7.25,TEM-14
5dbc42d12757660db6144b56,TEMPO WORKLOAD,2025-07-01,2.5,TEM-14
5c5857d6036b380b84dc8212,TEMPO WORKLOAD,2025-07-01,5.0,TEM-2
6310a8976856bdd60a9eddae,TEMPO WORKLOAD,2025-07-01,0.5,TEM-14
712020:6ad83a3e-a1e9-43e6-a0a2-7931a513de7f,TEMPO WORKLOAD,2025-07-01,1.0,TEM-6
712020:31918087-5a23-4883-b0d2-134f05828b32,TEMPO WORKLOAD,2025-07-01,1.5,TEM-14
5e751b85fad9000c325d9aae,TEMPO WORKLOAD,2025-07-01,6.0,TEM-8
712020:ab3c5ef0-a515-47fc-9cdd-3b5d0c219224,TEMPO WORKLOAD,2025-07-01,8.0,TEM-7
6324d3f3ce3e476e42ae2595,TEMPO WORKLOAD,2025-07-01,1.5,TEM-18
712020:02ccfc0c-5c0f-4e48-8f91-fb3bb584a2dc,TEMPO WORKLOAD,2025-07-01,8.0,TEM-7
557058:b0ab43f7-2329-4796-9a63-2abcf978b413,TEMPO WORKLOAD,2025-07-01,2.5,TEM-26
712020:98295f35-86b1-4d23-a51b-30dbe7170d11,TEMPO WORKLOAD,2025-07-01,6.0,TEM-7
712020:f50b1e80-f1ef-440b-b954-716fbfdbc927,TEMPO WORKLOAD,2025-07-01,8.0,TEM-9
712020:91b42101-19bb-498d-9942-8850a5540c96,TEMPO WORKLOAD,2025-07-01,2.5,TEM-25
712020:39d78a45-5732-4153-afaa-dc9227f4dfe3,TEMPO WORKLOAD,2025-07-01,3.0,TEM-7
712020:39d78a45-5732-4153-afaa-dc9227f4dfe3,TEMPO WORKLOAD,2025-07-01,3.0,TEM-9
607829da95f6fc006aab9e92,TEMPO WORKLOAD,2025-07-01,0.25,TEM-19
6356e77976b91b62562d4fea,TEMPO WORKLOAD,2025-07-01,4.0,TEM-26
712020:d26e58e6-874b-4243-ac4e-1d4cb867a542,TEMPO WORKLOAD,2025-07-01,8.0,TEM-8
607829da95f6fc006aab9e92,TEMPO WORKLOAD,2025-07-01,7.0,TEM-19
6411cc617222b08f3e70f716,TEMPO WORKLOAD,2025-07-01,0.5,TEM-18
712020:5912aa5b-0476-4091-834a-994381177d1a,TEMPO WORKLOAD,2025-07-01,0.5,TEM-18
6310a8963e578bb3b5feb9f3,TEMPO WORKLOAD,2025-07-01,2.0,TEM-13
6310a896316bbc56c4249184,TEMPO WORKLOAD,2025-07-01,0.25,TEM-10
712020:f518f4e7-7314-45a9-a3ef-723ad3fd6d7f,TEMPO WORKLOAD,2025-07-01,7.0,TEM-7
6310a8976856bdd60a9eddae,TEMPO WORKLOAD,2025-07-01,4.5,TEM-14
6310a896316bbc56c4249184,TEMPO WORKLOAD,2025-07-01,1.75,TEM-10
557058:c310fa79-8a55-492f-a2fe-6e69a7d7c4eb,TEMPO WORKLOAD,2025-07-01,8.0,TEM-19
61ddc1dcf3037f0069656c13,TEMPO WORKLOAD,2025-07-01,2.0,TEM-24
5f45400afdc3f5003fee080b,TEMPO WORKLOAD,2025-07-01,1.0,TEM-14
61ddc1dcf3037f0069656c13,TEMPO WORKLOAD,2025-07-01,1.0,TEM-24
61ddc1dcf3037f0069656c13,TEMPO WORKLOAD,2025-07-01,2.0,TEM-24
61ddc1dcf3037f0069656c13,TEMPO WORKLOAD,2025-07-01,1.0,TEM-24
712020:5912aa5b-0476-4091-834a-994381177d1a,TEMPO WORKLOAD,2025-07-01,0.5,TEM-18
5e0de9b99af3650e9e3ffc97,TEMPO WORKLOAD,2025-07-01,0.5,TEM-14
6411cc617222b08f3e70f716,TEMPO WORKLOAD,2025-07-01,1.0,TEM-18
5d6fae7bab129d0c306da857,TEMPO WORKLOAD,2025-07-01,0.5,TEM-13
712020:c2d6f64b-7c18-4b58-9189-57c8823f4f64,TEMPO WORKLOAD,2025-07-01,8.0,TEM-5
712020:f71fff89-9283-4b8c-afc6-a4ccda67573c,TEMPO WORKLOAD,2025-07-01,8.0,TEM-7
712020:a7ee73c4-a6b3-4a8b-b22b-97aa3edf3ff7,TEMPO WORKLOAD,2025-07-01,4.0,TEM-8
712020:3268e7ac-2411-4ef8-a85a-d619f040639c,TEMPO WORKLOAD,2025-07-01,4.0,TEM-36
63b6c257d3aeefa405443cf9,TEMPO WORKLOAD,2025-07-01,6.0,TEM-24
6310a8954fbe9c4bd0edf82a,TEMPO WORKLOAD,2025-07-01,0.5,TEM-19
712020:34c5700f-f485-4468-b4d7-06a7a3e2942b,TEMPO WORKLOAD,2025-07-01,8.0,TEM-7
712020:5ee2f3fa-371b-4e6b-b912-594fc836bd92,TEMPO WORKLOAD,2025-07-01,4.0,TEM-30
6310a898316bbc56c4249187,TEMPO WORKLOAD,2025-07-01,4.0,TEM-21
712020:6c5881b3-26a9-4223-a18b-14414e7b9d3a,TEMPO WORKLOAD,2025-07-01,8.0,TEM-7
712020:a3240ec7-ccb7-4e31-81ed-5338bd11acc2,TEMPO WORKLOAD,2025-07-01,4.0,TEM-8
637d1ac0f48fbd9b62d50fc3,TEMPO WORKLOAD,2025-07-01,8.0,TEM-8
5f03aab970b8a90025641824,TEMPO WORKLOAD,2025-07-01,2.0,TEM-26
712020:c24d4628-d885-44d1-8ec8-dd76d416436a,TEMPO WORKLOAD,2025-07-01,4.0,TEM-26
712020:448afbe2-d875-40e8-9541-835a59cdf0a7,TEMPO WORKLOAD,2025-07-01,8.0,TEM-7
712020:11e8ce5a-06a7-43cf-9c5a-858eed6f0a07,TEMPO WORKLOAD,2025-07-01,8.0,TEM-5
712020:76b2ab6b-f08d-4fef-9ced-52ff15fad7a0,TEMPO WORKLOAD,2025-07-01,0.75,TEM-21
712020:d8a16146-bc5b-4c61-9c5d-af3eaddace2b,TEMPO WORKLOAD,2025-07-01,8.0,TEM-5
712020:6ad83a3e-a1e9-43e6-a0a2-7931a513de7f,TEMPO WORKLOAD,2025-07-01,0.5,TEM-25
712020:5e29a15d-dadb-41b1-bd51-d65cb73a9a3e,TEMPO WORKLOAD,2025-07-01,9.0,TEM-7
70121:e997c5d5-1d6e-4973-80cb-28bfe7343a3f,TEMPO WORKLOAD,2025-07-01,0.25,TEM-15
712020:5912aa5b-0476-4091-834a-994381177d1a,TEMPO WORKLOAD,2025-07-01,0.5,TEM-18
70121:e997c5d5-1d6e-4973-80cb-28bfe7343a3f,TEMPO WORKLOAD,2025-07-01,1.0,TEM-15
5e0de9b99af3650e9e3ffc97,TEMPO WORKLOAD,2025-07-01,3.5,TEM-14
5d6fae7bab129d0c306da857,TEMPO WORKLOAD,2025-07-01,0.5,TEM-13
6310a8954fbe9c4bd0edf82a,TEMPO WORKLOAD,2025-07-01,0.25,TEM-19
712020:6ad83a3e-a1e9-43e6-a0a2-7931a513de7f,TEMPO WORKLOAD,2025-07-01,1.0,TEM-17
712020:31918087-5a23-4883-b0d2-134f05828b32,TEMPO WORKLOAD,2025-07-01,1.0,TEM-14
6324d3f3ce3e476e42ae2595,TEMPO WORKLOAD,2025-07-01,1.0,TEM-18
5f45400afdc3f5003fee080b,TEMPO WORKLOAD,2025-07-01,1.5,TEM-14
6310a8954fbe9c4bd0edf82a,TEMPO WORKLOAD,2025-07-01,7.25,TEM-19
712020:76b2ab6b-f08d-4fef-9ced-52ff15fad7a0,TEMPO WORKLOAD,2025-07-01,2.716666666666667,TEM-21
6411cc617222b08f3e70f716,TEMPO WORKLOAD,2025-07-01,1.0,TEM-18
712020:5912aa5b-0476-4091-834a-994381177d1a,TEMPO WORKLOAD,2025-07-01,1.5,TEM-18
5d6fae7bab129d0c306da857,TEMPO WORKLOAD,2025-07-01,3.0,TEM-13
63e1170728cddcc70773cbd6,TEMPO WORKLOAD,2025-07-01,6.0,TEM-14
64076b2b4d5e4b44e233faf6,TEMPO WORKLOAD,2025-07-01,4.0,TEM-26
712020:91b42101-19bb-498d-9942-8850a5540c96,TEMPO WORKLOAD,2025-07-01,1.5,TEM-22
6310a8963e578bb3b5feb9f3,TEMPO WORKLOAD,2025-07-01,1.0,TEM-13
70121:716f3beb-9b1e-4b9c-bb75-d5716c9878b0,TEMPO WORKLOAD,2025-07-01,0.4666666666666667,TEM-6
70121:e997c5d5-1d6e-4973-80cb-28bfe7343a3f,TEMPO WORKLOAD,2025-07-01,1.5,TEM-15
6310a896316bbc56c4249184,TEMPO WORKLOAD,2025-07-01,2.0,TEM-13
712020:6ad83a3e-a1e9-43e6-a0a2-7931a513de7f,TEMPO WORKLOAD,2025-07-01,30.0,TEM-17
712020:31918087-5a23-4883-b0d2-134f05828b32,TEMPO WORKLOAD,2025-07-01,3.0,TEM-14
5c5857d6036b380b84dc8212,TEMPO WORKLOAD,2025-07-01,1.5,TEM-25
557058:b0ab43f7-2329-4796-9a63-2abcf978b413,TEMPO WORKLOAD,2025-07-01,1.0,TEM-15
6324d3f3ce3e476e42ae2595,TEMPO WORKLOAD,2025-07-01,5.0,TEM-18
5dbc42d12757660db6144b56,TEMPO WORKLOAD,2025-07-01,2.5,TEM-13
6411cc617222b08f3e70f716,TEMPO WORKLOAD,2025-07-01,1.0,TEM-18
5f4d8530d0884f00492507dd,TEMPO WORKLOAD,2025-07-01,2.0,TEM-26
5f45400afdc3f5003fee080b,TEMPO WORKLOAD,2025-07-01,0.75,TEM-14
712020:51261fb6-b689-4617-8eae-46a70a19df7c,TEMPO WORKLOAD,2025-07-01,6.0,TEM-9
5f03aab970b8a90025641824,TEMPO WORKLOAD,2025-07-01,2.0,TEM-15
712020:39d78a45-5732-4153-afaa-dc9227f4dfe3,TEMPO WORKLOAD,2025-07-01,2.0,TEM-8
5dea6ce9b95b180d17cfc7df,TEMPO WORKLOAD,2025-07-01,2.0,TEM-28
636e3660c383ad842147234a,TEMPO WORKLOAD,2025-07-01,2.5,TEM-26
6310a8963e578bb3b5feb9f3,TEMPO WORKLOAD,2025-07-01,2.5,TEM-13
712020:5912aa5b-0476-4091-834a-994381177d1a,TEMPO WORKLOAD,2025-07-01,2.5,TEM-18
5f45400afdc3f5003fee080b,TEMPO WORKLOAD,2025-07-01,2.5,TEM-14
6022a0ace7deee0069225fbd,TEMPO WORKLOAD,2025-07-01,1.0,TEM-28
6411cc617222b08f3e70f716,TEMPO WORKLOAD,2025-07-01,0.25,TEM-18
70121:e997c5d5-1d6e-4973-80cb-28bfe7343a3f,TEMPO WORKLOAD,2025-07-01,0.5,TEM-28
712020:d6bab2e1-1616-4bfb-83a4-2be2aebf31ed,TEMPO WORKLOAD,2025-07-01,6.0,TEM-8
613fb43fe6c39d00721944a0,TEMPO WORKLOAD,2025-07-01,3.0,TEM-36
712020:91b42101-19bb-498d-9942-8850a5540c96,TEMPO WORKLOAD,2025-07-01,2.0,TEM-25
6411cc617222b08f3e70f716,TEMPO WORKLOAD,2025-07-01,0.25,TEM-18
712020:76b2ab6b-f08d-4fef-9ced-52ff15fad7a0,TEMPO WORKLOAD,2025-07-01,1.0333333333333334,TEM-21
6411cc617222b08f3e70f716,TEMPO WORKLOAD,2025-07-01,0.75,TEM-18
6310a896316bbc56c4249184,TEMPO WORKLOAD,2025-07-01,3.5,TEM-10
70121:e997c5d5-1d6e-4973-80cb-28bfe7343a3f,TEMPO WORKLOAD,2025-07-01,0.25,TEM-28
70121:e997c5d5-1d6e-4973-80cb-28bfe7343a3f,TEMPO WORKLOAD,2025-07-01,1.0,TEM-28
6022a0ace7deee0069225fbd,TEMPO WORKLOAD,2025-07-01,0.5,TEM-14
5f4d8530d0884f00492507dd,TEMPO WORKLOAD,2025-07-01,0.5,TEM-15
712020:3268e7ac-2411-4ef8-a85a-d619f040639c,TEMPO WORKLOAD,2025-07-01,0.5,TEM-36
5d6fae7bab129d0c306da857,TEMPO WORKLOAD,2025-07-01,0.5,TEM-13
6310a8976856bdd60a9eddae,TEMPO WORKLOAD,2025-07-01,0.75,TEM-14
712020:a3240ec7-ccb7-4e31-81ed-5338bd11acc2,TEMPO WORKLOAD,2025-07-01,4.0,TEM-8
62fbd97aeec8d4a478d41a3b,TEMPO WORKLOAD,2025-07-01,3.0,TEM-18
5e0de9b99af3650e9e3ffc97,TEMPO WORKLOAD,2025-07-01,4.0,TEM-17
5c5857d6036b380b84dc8212,TEMPO WORKLOAD,2025-07-01,0.5,TEM-25
6411cc617222b08f3e70f716,TEMPO WORKLOAD,2025-07-01,0.75,TEM-18
5dbc42d12757660db6144b56,TEMPO WORKLOAD,2025-07-01,1.0,TEM-28
712020:3268e7ac-2411-4ef8-a85a-d619f040639c,TEMPO WORKLOAD,2025-07-01,1.5,TEM-36
5d6fae7bab129d0c306da857,TEMPO WORKLOAD,2025-07-01,3.5,TEM-13
712020:31918087-5a23-4883-b0d2-134f05828b32,TEMPO WORKLOAD,2025-07-01,0.75,TEM-14
712020:76b2ab6b-f08d-4fef-9ced-52ff15fad7a0,TEMPO WORKLOAD,2025-07-01,3.5,TEM-21
5c5857d6036b380b84dc8212,TEMPO WORKLOAD,2025-07-01,1.0,TEM-25
6310a8976856bdd60a9eddae,TEMPO WORKLOAD,2025-07-01,0.25,TEM-14
6411cc617222b08f3e70f716,TEMPO WORKLOAD,2025-07-01,1.75,TEM-18
6310a8963e578bb3b5feb9f3,TEMPO WORKLOAD,2025-07-01,2.0,TEM-13
712020:a7ee73c4-a6b3-4a8b-b22b-97aa3edf3ff7,TEMPO WORKLOAD,2025-07-01,4.0,TEM-8
712020:5ee2f3fa-371b-4e6b-b912-594fc836bd92,TEMPO WORKLOAD,2025-07-01,4.0,TEM-30
5e751b85fad9000c325d9aae,TEMPO WORKLOAD,2025-07-01,1.0,TEM-36
5f45400afdc3f5003fee080b,TEMPO WORKLOAD,2025-07-01,0.5,TEM-14
712020:91b42101-19bb-498d-9942-8850a5540c96,TEMPO WORKLOAD,2025-07-01,0.5,TEM-28
5dbc42d12757660db6144b56,TEMPO WORKLOAD,2025-07-01,0.5,TEM-36
712020:5912aa5b-0476-4091-834a-994381177d1a,TEMPO WORKLOAD,2025-07-01,0.25,TEM-18
5f45400afdc3f5003fee080b,TEMPO WORKLOAD,2025-07-01,1.0,TEM-14
712020:91b42101-19bb-498d-9942-8850a5540c96,TEMPO WORKLOAD,2025-07-01,1.0,TEM-25
70121:716f3beb-9b1e-4b9c-bb75-d5716c9878b0,TEMPO WORKLOAD,2025-07-01,1.0,TEM-25
712020:5912aa5b-0476-4091-834a-994381177d1a,TEMPO WORKLOAD,2025-07-01,0.25,TEM-18
6022a0ace7deee0069225fbd,TEMPO WORKLOAD,2025-07-01,0.25,TEM-13
70121:716f3beb-9b1e-4b9c-bb75-d5716c9878b0,TEMPO WORKLOAD,2025-07-01,1.2666666666666666,TEM-6
5dbc42d12757660db6144b56,TEMPO WORKLOAD,2025-07-01,0.5,TEM-36
5dea6ce9b95b180d17cfc7df,TEMPO WORKLOAD,2025-07-01,0.5,TEM-15
6022a0ace7deee0069225fbd,TEMPO WORKLOAD,2025-07-01,0.25,TEM-14
607829da95f6fc006aab9e92,TEMPO WORKLOAD,2025-07-01,0.75,TEM-28
6022a0ace7deee0069225fbd,TEMPO WORKLOAD,2025-07-01,1.0,TEM-36
712020:3268e7ac-2411-4ef8-a85a-d619f040639c,TEMPO WORKLOAD,2025-07-01,1.0,TEM-36
5dbc42d12757660db6144b56,TEMPO WORKLOAD,2025-07-01,1.0,TEM-36
5dea6ce9b95b180d17cfc7df,TEMPO WORKLOAD,2025-07-01,1.0,TEM-43
636e3660c383ad842147234a,TEMPO WORKLOAD,2025-07-01,1.5,TEM-26
6411cc617222b08f3e70f716,TEMPO WORKLOAD,2025-07-01,0.25,TEM-18
6324d3f3ce3e476e42ae2595,TEMPO WORKLOAD,2025-07-01,0.5,TEM-1
63e1170728cddcc70773cbd6,TEMPO WORKLOAD,2025-07-01,2.0,TEM-14
712020:91b42101-19bb-498d-9942-8850a5540c96,TEMPO WORKLOAD,2025-07-01,0.75,TEM-25
6022a0ace7deee0069225fbd,TEMPO WORKLOAD,2025-07-01,1.0,TEM-36
712020:3268e7ac-2411-4ef8-a85a-d619f040639c,TEMPO WORKLOAD,2025-07-01,1.0,TEM-36
5dbc42d12757660db6144b56,TEMPO WORKLOAD,2025-07-01,1.0,TEM-36
6310a8963e578bb3b5feb9f3,TEMPO WORKLOAD,2025-07-01,2.0,TEM-13
70121:716f3beb-9b1e-4b9c-bb75-d5716c9878b0,TEMPO WORKLOAD,2025-07-01,1.0,TEM-17
712020:76b2ab6b-f08d-4fef-9ced-52ff15fad7a0,TEMPO WORKLOAD,2025-07-01,2.0,TEM-27
6310a896316bbc56c4249184,TEMPO WORKLOAD,2025-07-01,2.0,TEM-13
712020:05c80f08-99ab-4608-9ac1-8c3c43fbef01,TEMPO WORKLOAD,2025-07-02,0.5,TEM-25
712020:05c80f08-99ab-4608-9ac1-8c3c43fbef01,TEMPO WORKLOAD,2025-07-02,8.0,TEM-17
712020:1e3eed0c-846c-4ebd-bec7-51d04bbb59c0,TEMPO WORKLOAD,2025-07-02,2.5,TEM-30
613fb383e057c6006a1ccade,TEMPO WORKLOAD,2025-07-02,8.0,TEM-2
6310a8963e578bb3b5feb9f3,TEMPO WORKLOAD,2025-07-02,0.5,TEM-13
6411cc617222b08f3e70f716,TEMPO WORKLOAD,2025-07-02,0.75,TEM-18
613fb43fe6c39d00721944a0,TEMPO WORKLOAD,2025-07-02,2.0,TEM-13
5c8132a6e6e3160b9b6fd44d,TEMPO WORKLOAD,2025-07-02,5.0,TEM-10
712020:db40572b-4fd3-49a2-b4c1-620d9be82a65,TEMPO WORKLOAD,2025-07-02,8.0,TEM-9
5eb2e91b96bbcb0b857bfa58,TEMPO WORKLOAD,2025-07-02,6.0,TEM-14
5dbc42d12757660db6144b56,TEMPO WORKLOAD,2025-07-02,1.5,TEM-2
70121:e997c5d5-1d6e-4973-80cb-28bfe7343a3f,TEMPO WORKLOAD,2025-07-02,1.0,TEM-15
6310a896316bbc56c4249184,TEMPO WORKLOAD,2025-07-02,0.5,TEM-13
62fbd97aeec8d4a478d41a3b,TEMPO WORKLOAD,2025-07-02,1.0,TEM-18
557058:b0ab43f7-2329-4796-9a63-2abcf978b413,TEMPO WORKLOAD,2025-07-02,0.3333333333333333,TEM-26
712020:f5cdecd9-64db-4d5e-b4a2-c8f4b7201212,TEMPO WORKLOAD,2025-07-02,8.0,TEM-7
557058:c310fa79-8a55-492f-a2fe-6e69a7d7c4eb,TEMPO WORKLOAD,2025-07-02,8.0,TEM-19
6310a8976856bdd60a9eddae,TEMPO WORKLOAD,2025-07-02,0.5,TEM-14
712020:267d13ec-de62-4d6f-95f6-db9acfb88e84,TEMPO WORKLOAD,2025-07-02,0.5,TEM-30
712020:6ad83a3e-a1e9-43e6-a0a2-7931a513de7f,TEMPO WORKLOAD,2025-07-02,1.0,TEM-17
712020:31918087-5a23-4883-b0d2-134f05828b32,TEMPO WORKLOAD,2025-07-02,1.0,TEM-14
5eb2e91b96bbcb0b857bfa58,TEMPO WORKLOAD,2025-07-02,1.25,TEM-14
5e751b85fad9000c325d9aae,TEMPO WORKLOAD,2025-07-02,9.75,TEM-8
5f45400afdc3f5003fee080b,TEMPO WORKLOAD,2025-07-02,0.5,TEM-14
62fbddc8bb0704a2a808bd57,TEMPO WORKLOAD,2025-07-02,8.0,TEM-5
712020:ab3c5ef0-a515-47fc-9cdd-3b5d0c219224,TEMPO WORKLOAD,2025-07-02,8.0,TEM-7
712020:02ccfc0c-5c0f-4e48-8f91-fb3bb584a2dc,TEMPO WORKLOAD,2025-07-02,8.0,TEM-7
712020:98295f35-86b1-4d23-a51b-30dbe7170d11,TEMPO WORKLOAD,2025-07-02,6.0,TEM-7
712020:f50b1e80-f1ef-440b-b954-716fbfdbc927,TEMPO WORKLOAD,2025-07-02,8.0,TEM-9
712020:91b42101-19bb-498d-9942-8850a5540c96,TEMPO WORKLOAD,2025-07-02,6.0,TEM-25
712020:39d78a45-5732-4153-afaa-dc9227f4dfe3,TEMPO WORKLOAD,2025-07-02,3.0,TEM-7
607829da95f6fc006aab9e92,TEMPO WORKLOAD,2025-07-02,0.25,TEM-19
5c5857d6036b380b84dc8212,TEMPO WORKLOAD,2025-07-02,0.5,TEM-25
6356e77976b91b62562d4fea,TEMPO WORKLOAD,2025-07-02,4.0,TEM-26
712020:d26e58e6-874b-4243-ac4e-1d4cb867a542,TEMPO WORKLOAD,2025-07-02,8.0,TEM-8
557058:b0ab43f7-2329-4796-9a63-2abcf978b413,TEMPO WORKLOAD,2025-07-02,0.5,TEM-15
6310a8963e578bb3b5feb9f3,TEMPO WORKLOAD,2025-07-02,3.0,TEM-13
712020:f518f4e7-7314-45a9-a3ef-723ad3fd6d7f,TEMPO WORKLOAD,2025-07-02,7.75,TEM-7
6310a896316bbc56c4249184,TEMPO WORKLOAD,2025-07-02,0.25,TEM-10
6310a8976856bdd60a9eddae,TEMPO WORKLOAD,2025-07-02,0.75,TEM-14
5f45400afdc3f5003fee080b,TEMPO WORKLOAD,2025-07-02,2.0,TEM-14
5c5857d6036b380b84dc8212,TEMPO WORKLOAD,2025-07-02,1.0,TEM-25
6411cc617222b08f3e70f716,TEMPO WORKLOAD,2025-07-02,0.25,TEM-18
6310a896316bbc56c4249184,TEMPO WORKLOAD,2025-07-02,6.25,TEM-13
61ddc1dcf3037f0069656c13,TEMPO WORKLOAD,2025-07-02,1.0,TEM-24
61ddc1dcf3037f0069656c13,TEMPO WORKLOAD,2025-07-02,5.0,TEM-24
62fbd97aeec8d4a478d41a3b,TEMPO WORKLOAD,2025-07-02,7.0,TEM-18
6411cc617222b08f3e70f716,TEMPO WORKLOAD,2025-07-02,1.0,TEM-18
712020:5912aa5b-0476-4091-834a-994381177d1a,TEMPO WORKLOAD,2025-07-02,1.25,TEM-18
70121:716f3beb-9b1e-4b9c-bb75-d5716c9878b0,TEMPO WORKLOAD,2025-07-02,1.0,TEM-17
712020:3268e7ac-2411-4ef8-a85a-d619f040639c,TEMPO WORKLOAD,2025-07-02,6.0,TEM-36
712020:c2d6f64b-7c18-4b58-9189-57c8823f4f64,TEMPO WORKLOAD,2025-07-02,8.0,TEM-5
5d6fae7bab129d0c306da857,TEMPO WORKLOAD,2025-07-02,1.0,TEM-13
5e0de9b99af3650e9e3ffc97,TEMPO WORKLOAD,2025-07-02,1.0,TEM-14
70121:e997c5d5-1d6e-4973-80cb-28bfe7343a3f,TEMPO WORKLOAD,2025-07-02,0.25,TEM-27
63b6c257d3aeefa405443cf9,TEMPO WORKLOAD,2025-07-02,6.0,TEM-24
712020:a7ee73c4-a6b3-4a8b-b22b-97aa3edf3ff7,TEMPO WORKLOAD,2025-07-02,4.0,TEM-8
6310a8954fbe9c4bd0edf82a,TEMPO WORKLOAD,2025-07-02,0.5,TEM-19
712020:f71fff89-9283-4b8c-afc6-a4ccda67573c,TEMPO WORKLOAD,2025-07-02,8.0,TEM-7
712020:34c5700f-f485-4468-b4d7-06a7a3e2942b,TEMPO WORKLOAD,2025-07-02,4.0,TEM-7
712020:5ee2f3fa-371b-4e6b-b912-594fc836bd92,TEMPO WORKLOAD,2025-07-02,4.0,TEM-30
712020:31918087-5a23-4883-b0d2-134f05828b32,TEMPO WORKLOAD,2025-07-02,1.5,TEM-14
6310a898316bbc56c4249187,TEMPO WORKLOAD,2025-07-02,4.0,TEM-21
712020:6c5881b3-26a9-4223-a18b-14414e7b9d3a,TEMPO WORKLOAD,2025-07-02,8.0,TEM-7
712020:a3240ec7-ccb7-4e31-81ed-5338bd11acc2,TEMPO WORKLOAD,2025-07-02,4.0,TEM-8
637d1ac0f48fbd9b62d50fc3,TEMPO WORKLOAD,2025-07-02,8.0,TEM-8
5f03aab970b8a90025641824,TEMPO WORKLOAD,2025-07-02,3.0,TEM-15
712020:c24d4628-d885-44d1-8ec8-dd76d416436a,TEMPO WORKLOAD,2025-07-02,4.0,TEM-26
712020:448afbe2-d875-40e8-9541-835a59cdf0a7,TEMPO WORKLOAD,2025-07-02,8.0,TEM-7
712020:11e8ce5a-06a7-43cf-9c5a-858eed6f0a07,TEMPO WORKLOAD,2025-07-02,8.0,TEM-5
712020:76b2ab6b-f08d-4fef-9ced-52ff15fad7a0,TEMPO WORKLOAD,2025-07-02,0.8333333333333334,TEM-21
712020:d8a16146-bc5b-4c61-9c5d-af3eaddace2b,TEMPO WORKLOAD,2025-07-02,8.0,TEM-5
712020:6ad83a3e-a1e9-43e6-a0a2-7931a513de7f,TEMPO WORKLOAD,2025-07-02,2.0,TEM-25
557058:b0ab43f7-2329-4796-9a63-2abcf978b413,TEMPO WORKLOAD,2025-07-02,0.5,TEM-15
6324d3f3ce3e476e42ae2595,TEMPO WORKLOAD,2025-07-02,1.0,TEM-18
70121:e997c5d5-1d6e-4973-80cb-28bfe7343a3f,TEMPO WORKLOAD,2025-07-02,0.5,TEM-28
6310a8976856bdd60a9eddae,TEMPO WORKLOAD,2025-07-02,0.75,TEM-14
5dbc42d12757660db6144b56,TEMPO WORKLOAD,2025-07-02,3.5,TEM-36
6310a8954fbe9c4bd0edf82a,TEMPO WORKLOAD,2025-07-02,0.25,TEM-19
5f45400afdc3f5003fee080b,TEMPO WORKLOAD,2025-07-02,0.5,TEM-14
5c5857d6036b380b84dc8212,TEMPO WORKLOAD,2025-07-02,1.0,TEM-25
70121:e997c5d5-1d6e-4973-80cb-28bfe7343a3f,TEMPO WORKLOAD,2025-07-02,0.25,TEM-15
6310a8954fbe9c4bd0edf82a,TEMPO WORKLOAD,2025-07-02,7.25,TEM-19
557058:b0ab43f7-2329-4796-9a63-2abcf978b413,TEMPO WORKLOAD,2025-07-02,0.5,TEM-15
712020:76b2ab6b-f08d-4fef-9ced-52ff15fad7a0,TEMPO WORKLOAD,2025-07-02,7.166666666666667,TEM-21
6411cc617222b08f3e70f716,TEMPO WORKLOAD,2025-07-02,1.0,TEM-18
5e0de9b99af3650e9e3ffc97,TEMPO WORKLOAD,2025-07-02,0.5,TEM-14
70121:e997c5d5-1d6e-4973-80cb-28bfe7343a3f,TEMPO WORKLOAD,2025-07-02,0.16666666666666666,TEM-28
5d6fae7bab129d0c306da857,TEMPO WORKLOAD,2025-07-02,0.5,TEM-13
6310a8976856bdd60a9eddae,TEMPO WORKLOAD,2025-07-02,0.25,TEM-14
613fb43fe6c39d00721944a0,TEMPO WORKLOAD,2025-07-02,3.0,TEM-36
5f45400afdc3f5003fee080b,TEMPO WORKLOAD,2025-07-02,3.0,TEM-14
63e1170728cddcc70773cbd6,TEMPO WORKLOAD,2025-07-02,3.0,TEM-14
64076b2b4d5e4b44e233faf6,TEMPO WORKLOAD,2025-07-02,4.0,TEM-26
5dea6ce9b95b180d17cfc7df,TEMPO WORKLOAD,2025-07-02,1.0,TEM-15
636e3660c383ad842147234a,TEMPO WORKLOAD,2025-07-02,2.0,TEM-26
70121:e997c5d5-1d6e-4973-80cb-28bfe7343a3f,TEMPO WORKLOAD,2025-07-02,0.75,TEM-28
6324d3f3ce3e476e42ae2595,TEMPO WORKLOAD,2025-07-02,0.16666666666666666,TEM-18
6310a8976856bdd60a9eddae,TEMPO WORKLOAD,2025-07-02,3.75,TEM-14
6324d3f3ce3e476e42ae2595,TEMPO WORKLOAD,2025-07-02,1.0,TEM-18
6022a0ace7deee0069225fbd,TEMPO WORKLOAD,2025-07-02,1.0,TEM-14
5e0de9b99af3650e9e3ffc97,TEMPO WORKLOAD,2025-07-02,0.5,TEM-14
5d6fae7bab129d0c306da857,TEMPO WORKLOAD,2025-07-02,1.0,TEM-13
712020:5912aa5b-0476-4091-834a-994381177d1a,TEMPO WORKLOAD,2025-07-02,0.5,TEM-18
712020:31918087-5a23-4883-b0d2-134f05828b32,TEMPO WORKLOAD,2025-07-02,0.5,TEM-14
5c5857d6036b380b84dc8212,TEMPO WORKLOAD,2025-07-02,0.5,TEM-25
70121:e997c5d5-1d6e-4973-80cb-28bfe7343a3f,TEMPO WORKLOAD,2025-07-02,2.0,TEM-15
6411cc617222b08f3e70f716,TEMPO WORKLOAD,2025-07-02,0.25,TEM-18
70121:716f3beb-9b1e-4b9c-bb75-d5716c9878b0,TEMPO WORKLOAD,2025-07-02,0.16666666666666666,TEM-17
712020:6ad83a3e-a1e9-43e6-a0a2-7931a513de7f,TEMPO WORKLOAD,2025-07-02,1.5,TEM-6
712020:31918087-5a23-4883-b0d2-134f05828b32,TEMPO WORKLOAD,2025-07-02,3.0,TEM-14
712020:51261fb6-b689-4617-8eae-46a70a19df7c,TEMPO WORKLOAD,2025-07-02,6.0,TEM-9
5e0de9b99af3650e9e3ffc97,TEMPO WORKLOAD,2025-07-02,2.5,TEM-17
712020:39d78a45-5732-4153-afaa-dc9227f4dfe3,TEMPO WORKLOAD,2025-07-02,2.0,TEM-8
5c5857d6036b380b84dc8212,TEMPO WORKLOAD,2025-07-02,2.0,TEM-25
6411cc617222b08f3e70f716,TEMPO WORKLOAD,2025-07-02,0.25,TEM-18
6324d3f3ce3e476e42ae2595,TEMPO WORKLOAD,2025-07-02,1.0,TEM-18
6411cc617222b08f3e70f716,TEMPO WORKLOAD,2025-07-02,0.25,TEM-18
6310a8963e578bb3b5feb9f3,TEMPO WORKLOAD,2025-07-02,1.5,TEM-13
5d6fae7bab129d0c306da857,TEMPO WORKLOAD,2025-07-02,5.0,TEM-13
6411cc617222b08f3e70f716,TEMPO WORKLOAD,2025-07-02,0.25,TEM-18
6411cc617222b08f3e70f716,TEMPO WORKLOAD,2025-07-02,0.5,TEM-18
5f4d8530d0884f00492507dd,TEMPO WORKLOAD,2025-07-02,0.5,TEM-26
712020:5912aa5b-0476-4091-834a-994381177d1a,TEMPO WORKLOAD,2025-07-02,0.25,TEM-18
70121:716f3beb-9b1e-4b9c-bb75-d5716c9878b0,TEMPO WORKLOAD,2025-07-02,1.0,TEM-6
5c8132a6e6e3160b9b6fd44d,TEMPO WORKLOAD,2025-07-02,1.0,TEM-13
712020:d6bab2e1-1616-4bfb-83a4-2be2aebf31ed,TEMPO WORKLOAD,2025-07-02,6.0,TEM-8
5f03aab970b8a90025641824,TEMPO WORKLOAD,2025-07-02,0.25,TEM-26
5dea6ce9b95b180d17cfc7df,TEMPO WORKLOAD,2025-07-02,0.25,TEM-28
636e3660c383ad842147234a,TEMPO WORKLOAD,2025-07-02,0.25,TEM-26
5f03aab970b8a90025641824,TEMPO WORKLOAD,2025-07-02,0.75,TEM-15
6324d3f3ce3e476e42ae2595,TEMPO WORKLOAD,2025-07-02,3.0,TEM-6
6411cc617222b08f3e70f716,TEMPO WORKLOAD,2025-07-02,2.5,TEM-18
5f4d8530d0884f00492507dd,TEMPO WORKLOAD,2025-07-02,0.75,TEM-15
712020:1e3eed0c-846c-4ebd-bec7-51d04bbb59c0,TEMPO WORKLOAD,2025-07-02,0.25,TEM-30
636e3660c383ad842147234a,TEMPO WORKLOAD,2025-07-02,0.5,TEM-26
70121:e997c5d5-1d6e-4973-80cb-28bfe7343a3f,TEMPO WORKLOAD,2025-07-02,0.75,TEM-15
70121:716f3beb-9b1e-4b9c-bb75-d5716c9878b0,TEMPO WORKLOAD,2025-07-02,0.5,TEM-17
6310a8963e578bb3b5feb9f3,TEMPO WORKLOAD,2025-07-02,1.0,TEM-13
5dbc42d12757660db6144b56,TEMPO WORKLOAD,2025-07-02,1.5,TEM-17
613fb43fe6c39d00721944a0,TEMPO WORKLOAD,2025-07-02,3.0,TEM-36
5f45400afdc3f5003fee080b,TEMPO WORKLOAD,2025-07-02,0.75,TEM-14
63e1170728cddcc70773cbd6,TEMPO WORKLOAD,2025-07-02,0.5,TEM-14
712020:a3240ec7-ccb7-4e31-81ed-5338bd11acc2,TEMPO WORKLOAD,2025-07-02,4.0,TEM-8
712020:39d78a45-5732-4153-afaa-dc9227f4dfe3,TEMPO WORKLOAD,2025-07-02,3.0,TEM-9
712020:5912aa5b-0476-4091-834a-994381177d1a,TEMPO WORKLOAD,2025-07-02,0.5,TEM-18
63e1170728cddcc70773cbd6,TEMPO WORKLOAD,2025-07-02,2.0,TEM-14
5e0de9b99af3650e9e3ffc97,TEMPO WORKLOAD,2025-07-02,3.5,TEM-17
636e3660c383ad842147234a,TEMPO WORKLOAD,2025-07-02,1.25,TEM-26
712020:5912aa5b-0476-4091-834a-994381177d1a,TEMPO WORKLOAD,2025-07-02,0.5,TEM-18
5f45400afdc3f5003fee080b,TEMPO WORKLOAD,2025-07-02,1.25,TEM-14
6310a8963e578bb3b5feb9f3,TEMPO WORKLOAD,2025-07-02,1.0,TEM-13
712020:a7ee73c4-a6b3-4a8b-b22b-97aa3edf3ff7,TEMPO WORKLOAD,2025-07-02,4.0,TEM-8
712020:34c5700f-f485-4468-b4d7-06a7a3e2942b,TEMPO WORKLOAD,2025-07-02,3.0,TEM-7
712020:5ee2f3fa-371b-4e6b-b912-594fc836bd92,TEMPO WORKLOAD,2025-07-02,4.0,TEM-30
70121:716f3beb-9b1e-4b9c-bb75-d5716c9878b0,TEMPO WORKLOAD,2025-07-02,1.5,TEM-25
712020:91b42101-19bb-498d-9942-8850a5540c96,TEMPO WORKLOAD,2025-07-02,0.5,TEM-28
712020:5912aa5b-0476-4091-834a-994381177d1a,TEMPO WORKLOAD,2025-07-02,0.25,TEM-18
5dbc42d12757660db6144b56,TEMPO WORKLOAD,2025-07-02,1.5,TEM-36
712020:91b42101-19bb-498d-9942-8850a5540c96,TEMPO WORKLOAD,2025-07-02,1.0,TEM-25
5dea6ce9b95b180d17cfc7df,TEMPO WORKLOAD,2025-07-02,1.0,TEM-43
6411cc617222b08f3e70f716,TEMPO WORKLOAD,2025-07-02,1.0,TEM-18
6022a0ace7deee0069225fbd,TEMPO WORKLOAD,2025-07-02,0.5,TEM-36
6310a8963e578bb3b5feb9f3,TEMPO WORKLOAD,2025-07-02,1.0,TEM-13
712020:267d13ec-de62-4d6f-95f6-db9acfb88e84,TEMPO WORKLOAD,2025-07-02,1.5,TEM-30
712020:1e3eed0c-846c-4ebd-bec7-51d04bbb59c0,TEMPO WORKLOAD,2025-07-02,1.5,TEM-30
607829da95f6fc006aab9e92,TEMPO WORKLOAD,2025-07-02,7.75,TEM-19
6022a0ace7deee0069225fbd,TEMPO WORKLOAD,2025-07-02,1.0,TEM-14
63e1170728cddcc70773cbd6,TEMPO WORKLOAD,2025-07-02,0.5,TEM-14
6310a896316bbc56c4249184,TEMPO WORKLOAD,2025-07-02,1.0,TEM-13
712020:3268e7ac-2411-4ef8-a85a-d619f040639c,TEMPO WORKLOAD,2025-07-02,1.5,TEM-36
6324d3f3ce3e476e42ae2595,TEMPO WORKLOAD,2025-07-02,1.5,TEM-18
63e1170728cddcc70773cbd6,TEMPO WORKLOAD,2025-07-02,0.5,TEM-14
6022a0ace7deee0069225fbd,TEMPO WORKLOAD,2025-07-02,1.0,TEM-13
5d6fae7bab129d0c306da857,TEMPO WORKLOAD,2025-07-02,0.5,TEM-13
63e1170728cddcc70773cbd6,TEMPO WORKLOAD,2025-07-02,0.5,TEM-14
712020:91b42101-19bb-498d-9942-8850a5540c96,TEMPO WORKLOAD,2025-07-02,0.75,TEM-25
70121:716f3beb-9b1e-4b9c-bb75-d5716c9878b0,TEMPO WORKLOAD,2025-07-02,1.0,TEM-17
6310a896316bbc56c4249184,TEMPO WORKLOAD,2025-07-02,4.0,TEM-10
63e1170728cddcc70773cbd6,TEMPO WORKLOAD,2025-07-02,1.5,TEM-14
712020:76b2ab6b-f08d-4fef-9ced-52ff15fad7a0,TEMPO WORKLOAD,2025-07-02,2.0,TEM-27
712020:3268e7ac-2411-4ef8-a85a-d619f040639c,TEMPO WORKLOAD,2025-07-02,0.5,TEM-36
6022a0ace7deee0069225fbd,TEMPO WORKLOAD,2025-07-02,0.5,TEM-14
712020:34c5700f-f485-4468-b4d7-06a7a3e2942b,TEMPO WORKLOAD,2025-07-02,2.0,TEM-7
712020:05c80f08-99ab-4608-9ac1-8c3c43fbef01,TEMPO WORKLOAD,2025-07-03,0.5,TEM-25
712020:05c80f08-99ab-4608-9ac1-8c3c43fbef01,TEMPO WORKLOAD,2025-07-03,8.0,TEM-17
613fb383e057c6006a1ccade,TEMPO WORKLOAD,2025-07-03,8.0,TEM-2
6324d3f3ce3e476e42ae2595,TEMPO WORKLOAD,2025-07-03,1.0,TEM-18
6411cc617222b08f3e70f716,TEMPO WORKLOAD,2025-07-03,0.5,TEM-18
70121:e997c5d5-1d6e-4973-80cb-28bfe7343a3f,TEMPO WORKLOAD,2025-07-03,0.5,TEM-15
557058:b0ab43f7-2329-4796-9a63-2abcf978b413,TEMPO WORKLOAD,2025-07-03,0.3333333333333333,TEM-26
62fbd97aeec8d4a478d41a3b,TEMPO WORKLOAD,2025-07-03,1.0,TEM-18
712020:f5cdecd9-64db-4d5e-b4a2-c8f4b7201212,TEMPO WORKLOAD,2025-07-03,8.0,TEM-7
557058:c310fa79-8a55-492f-a2fe-6e69a7d7c4eb,TEMPO WORKLOAD,2025-07-03,1.5,TEM-28
6310a8976856bdd60a9eddae,TEMPO WORKLOAD,2025-07-03,0.75,TEM-14
712020:db40572b-4fd3-49a2-b4c1-620d9be82a65,TEMPO WORKLOAD,2025-07-03,8.0,TEM-9
712020:267d13ec-de62-4d6f-95f6-db9acfb88e84,TEMPO WORKLOAD,2025-07-03,1.0,TEM-30
5eb2e91b96bbcb0b857bfa58,TEMPO WORKLOAD,2025-07-03,7.25,TEM-14
712020:6ad83a3e-a1e9-43e6-a0a2-7931a513de7f,TEMPO WORKLOAD,2025-07-03,2.0,TEM-17
712020:31918087-5a23-4883-b0d2-134f05828b32,TEMPO WORKLOAD,2025-07-03,2.0,TEM-14
6310a8963e578bb3b5feb9f3,TEMPO WORKLOAD,2025-07-03,0.5,TEM-13
5e751b85fad9000c325d9aae,TEMPO WORKLOAD,2025-07-03,6.0,TEM-8
5dbc42d12757660db6144b56,TEMPO WORKLOAD,2025-07-03,1.5,TEM-28
5f45400afdc3f5003fee080b,TEMPO WORKLOAD,2025-07-03,0.5,TEM-14
613fb43fe6c39d00721944a0,TEMPO WORKLOAD,2025-07-03,3.0,TEM-36
62fbddc8bb0704a2a808bd57,TEMPO WORKLOAD,2025-07-03,8.0,TEM-5
6310a896316bbc56c4249184,TEMPO WORKLOAD,2025-07-03,0.5,TEM-13
712020:ab3c5ef0-a515-47fc-9cdd-3b5d0c219224,TEMPO WORKLOAD,2025-07-03,8.0,TEM-7
5c8132a6e6e3160b9b6fd44d,TEMPO WORKLOAD,2025-07-03,1.0,TEM-13
712020:02ccfc0c-5c0f-4e48-8f91-fb3bb584a2dc,TEMPO WORKLOAD,2025-07-03,8.0,TEM-7
712020:98295f35-86b1-4d23-a51b-30dbe7170d11,TEMPO WORKLOAD,2025-07-03,6.0,TEM-7
712020:f50b1e80-f1ef-440b-b954-716fbfdbc927,TEMPO WORKLOAD,2025-07-03,8.0,TEM-9
712020:91b42101-19bb-498d-9942-8850a5540c96,TEMPO WORKLOAD,2025-07-03,2.0,TEM-25
712020:39d78a45-5732-4153-afaa-dc9227f4dfe3,TEMPO WORKLOAD,2025-07-03,3.0,TEM-7
5dea6ce9b95b180d17cfc7df,TEMPO WORKLOAD,2025-07-03,0.5,TEM-15
607829da95f6fc006aab9e92,TEMPO WORKLOAD,2025-07-03,0.25,TEM-19
5c5857d6036b380b84dc8212,TEMPO WORKLOAD,2025-07-03,0.5,TEM-25
6356e77976b91b62562d4fea,TEMPO WORKLOAD,2025-07-03,4.0,TEM-26
712020:d26e58e6-874b-4243-ac4e-1d4cb867a542,TEMPO WORKLOAD,2025-07-03,8.0,TEM-8
607829da95f6fc006aab9e92,TEMPO WORKLOAD,2025-07-03,7.083333333333333,TEM-19
6411cc617222b08f3e70f716,TEMPO WORKLOAD,2025-07-03,1.25,TEM-18
70121:e997c5d5-1d6e-4973-80cb-28bfe7343a3f,TEMPO WORKLOAD,2025-07-03,0.25,TEM-28
557058:b0ab43f7-2329-4796-9a63-2abcf978b413,TEMPO WORKLOAD,2025-07-03,1.5,TEM-26
6022a0ace7deee0069225fbd,TEMPO WORKLOAD,2025-07-03,0.5,TEM-13
712020:f518f4e7-7314-45a9-a3ef-723ad3fd6d7f,TEMPO WORKLOAD,2025-07-03,7.5,TEM-7
6310a8963e578bb3b5feb9f3,TEMPO WORKLOAD,2025-07-03,3.0,TEM-13
5f45400afdc3f5003fee080b,TEMPO WORKLOAD,2025-07-03,0.5,TEM-14
6310a896316bbc56c4249184,TEMPO WORKLOAD,2025-07-03,0.25,TEM-10
5c5857d6036b380b84dc8212,TEMPO WORKLOAD,2025-07-03,0.75,TEM-31
6310a896316bbc56c4249184,TEMPO WORKLOAD,2025-07-03,0.5,TEM-13
6310a8976856bdd60a9eddae,TEMPO WORKLOAD,2025-07-03,0.75,TEM-14
70121:e997c5d5-1d6e-4973-80cb-28bfe7343a3f,TEMPO WORKLOAD,2025-07-03,1.5,TEM-28
61ddc1dcf3037f0069656c13,TEMPO WORKLOAD,2025-07-03,6.0,TEM-24
712020:a7ee73c4-a6b3-4a8b-b22b-97aa3edf3ff7,TEMPO WORKLOAD,2025-07-03,4.0,TEM-8
62fbd97aeec8d4a478d41a3b,TEMPO WORKLOAD,2025-07-03,1.5,TEM-18
6022a0ace7deee0069225fbd,TEMPO WORKLOAD,2025-07-03,0.75,TEM-14
63b6c257d3aeefa405443cf9,TEMPO WORKLOAD,2025-07-03,6.0,TEM-24
5d6fae7bab129d0c306da857,TEMPO WORKLOAD,2025-07-03,0.5,TEM-13
6310a8954fbe9c4bd0edf82a,TEMPO WORKLOAD,2025-07-03,0.5,TEM-19
712020:f71fff89-9283-4b8c-afc6-a4ccda67573c,TEMPO WORKLOAD,2025-07-03,8.0,TEM-7
712020:c2d6f64b-7c18-4b58-9189-57c8823f4f64,TEMPO WORKLOAD,2025-07-03,8.0,TEM-5
712020:34c5700f-f485-4468-b4d7-06a7a3e2942b,TEMPO WORKLOAD,2025-07-03,7.0,TEM-7
712020:5ee2f3fa-371b-4e6b-b912-594fc836bd92,TEMPO WORKLOAD,2025-07-03,4.0,TEM-30
5f45400afdc3f5003fee080b,TEMPO WORKLOAD,2025-07-03,2.0,TEM-14
6310a898316bbc56c4249187,TEMPO WORKLOAD,2025-07-03,4.0,TEM-21
712020:6c5881b3-26a9-4223-a18b-14414e7b9d3a,TEMPO WORKLOAD,2025-07-03,8.0,TEM-7
712020:a3240ec7-ccb7-4e31-81ed-5338bd11acc2,TEMPO WORKLOAD,2025-07-03,4.0,TEM-8
5c8132a6e6e3160b9b6fd44d,TEMPO WORKLOAD,2025-07-03,2.0,TEM-13
637d1ac0f48fbd9b62d50fc3,TEMPO WORKLOAD,2025-07-03,8.0,TEM-8
5f03aab970b8a90025641824,TEMPO WORKLOAD,2025-07-03,3.0,TEM-15
5e0de9b99af3650e9e3ffc97,TEMPO WORKLOAD,2025-07-03,0.5,TEM-28
712020:3268e7ac-2411-4ef8-a85a-d619f040639c,TEMPO WORKLOAD,2025-07-03,8.0,TEM-36
712020:c24d4628-d885-44d1-8ec8-dd76d416436a,TEMPO WORKLOAD,2025-07-03,4.0,TEM-26
712020:448afbe2-d875-40e8-9541-835a59cdf0a7,TEMPO WORKLOAD,2025-07-03,8.0,TEM-7
712020:11e8ce5a-06a7-43cf-9c5a-858eed6f0a07,TEMPO WORKLOAD,2025-07-03,8.0,TEM-5
712020:76b2ab6b-f08d-4fef-9ced-52ff15fad7a0,TEMPO WORKLOAD,2025-07-03,0.9833333333333333,TEM-21
5dea6ce9b95b180d17cfc7df,TEMPO WORKLOAD,2025-07-03,3.0,TEM-43
712020:d8a16146-bc5b-4c61-9c5d-af3eaddace2b,TEMPO WORKLOAD,2025-07-03,8.0,TEM-5
6310a896316bbc56c4249184,TEMPO WORKLOAD,2025-07-03,1.0,TEM-13
5c5857d6036b380b84dc8212,TEMPO WORKLOAD,2025-07-03,3.5,TEM-25
5d6fae7bab129d0c306da857,TEMPO WORKLOAD,2025-07-03,1.0,TEM-13
557058:c310fa79-8a55-492f-a2fe-6e69a7d7c4eb,TEMPO WORKLOAD,2025-07-03,6.5,TEM-19
6310a8954fbe9c4bd0edf82a,TEMPO WORKLOAD,2025-07-03,0.25,TEM-19
5dbc42d12757660db6144b56,TEMPO WORKLOAD,2025-07-03,1.5,TEM-36
6310a8976856bdd60a9eddae,TEMPO WORKLOAD,2025-07-03,3.5,TEM-14
70121:716f3beb-9b1e-4b9c-bb75-d5716c9878b0,TEMPO WORKLOAD,2025-07-03,1.0,TEM-17
5e0de9b99af3650e9e3ffc97,TEMPO WORKLOAD,2025-07-03,4.0,TEM-17
6022a0ace7deee0069225fbd,TEMPO WORKLOAD,2025-07-03,0.75,TEM-13
6411cc617222b08f3e70f716,TEMPO WORKLOAD,2025-07-03,0.5,TEM-18
6310a8954fbe9c4bd0edf82a,TEMPO WORKLOAD,2025-07-03,4.75,TEM-19
712020:76b2ab6b-f08d-4fef-9ced-52ff15fad7a0,TEMPO WORKLOAD,2025-07-03,4.733333333333333,TEM-21
70121:716f3beb-9b1e-4b9c-bb75-d5716c9878b0,TEMPO WORKLOAD,2025-07-03,1.0,TEM-17
712020:267d13ec-de62-4d6f-95f6-db9acfb88e84,TEMPO WORKLOAD,2025-07-03,1.0,TEM-30
712020:31918087-5a23-4883-b0d2-134f05828b32,TEMPO WORKLOAD,2025-07-03,1.0,TEM-14
63e1170728cddcc70773cbd6,TEMPO WORKLOAD,2025-07-03,5.0,TEM-14
64076b2b4d5e4b44e233faf6,TEMPO WORKLOAD,2025-07-03,4.0,TEM-26
712020:5912aa5b-0476-4091-834a-994381177d1a,TEMPO WORKLOAD,2025-07-03,1.0,TEM-18
712020:91b42101-19bb-498d-9942-8850a5540c96,TEMPO WORKLOAD,2025-07-03,1.0,TEM-22
712020:1e3eed0c-846c-4ebd-bec7-51d04bbb59c0,TEMPO WORKLOAD,2025-07-03,1.0,TEM-30
636e3660c383ad842147234a,TEMPO WORKLOAD,2025-07-03,2.0,TEM-26
6411cc617222b08f3e70f716,TEMPO WORKLOAD,2025-07-03,0.25,TEM-18
70121:e997c5d5-1d6e-4973-80cb-28bfe7343a3f,TEMPO WORKLOAD,2025-07-03,2.0,TEM-15
6310a896316bbc56c4249184,TEMPO WORKLOAD,2025-07-03,2.0,TEM-13
62fbd97aeec8d4a478d41a3b,TEMPO WORKLOAD,2025-07-03,0.75,TEM-31
6411cc617222b08f3e70f716,TEMPO WORKLOAD,2025-07-03,0.75,TEM-18
5d6fae7bab129d0c306da857,TEMPO WORKLOAD,2025-07-03,2.0,TEM-13
712020:31918087-5a23-4883-b0d2-134f05828b32,TEMPO WORKLOAD,2025-07-03,2.0,TEM-14
5dbc42d12757660db6144b56,TEMPO WORKLOAD,2025-07-03,5.0,TEM-17
613fb43fe6c39d00721944a0,TEMPO WORKLOAD,2025-07-03,2.0,TEM-13
5f45400afdc3f5003fee080b,TEMPO WORKLOAD,2025-07-03,0.5,TEM-14
5c8132a6e6e3160b9b6fd44d,TEMPO WORKLOAD,2025-07-03,1.0,TEM-10
712020:51261fb6-b689-4617-8eae-46a70a19df7c,TEMPO WORKLOAD,2025-07-03,6.0,TEM-9
712020:91b42101-19bb-498d-9942-8850a5540c96,TEMPO WORKLOAD,2025-07-03,3.0,TEM-25
712020:39d78a45-5732-4153-afaa-dc9227f4dfe3,TEMPO WORKLOAD,2025-07-03,2.0,TEM-8
6411cc617222b08f3e70f716,TEMPO WORKLOAD,2025-07-03,4.75,TEM-18
62fbd97aeec8d4a478d41a3b,TEMPO WORKLOAD,2025-07-03,4.75,TEM-17
6022a0ace7deee0069225fbd,TEMPO WORKLOAD,2025-07-03,1.0,TEM-28
6310a8963e578bb3b5feb9f3,TEMPO WORKLOAD,2025-07-03,2.0,TEM-13
5f45400afdc3f5003fee080b,TEMPO WORKLOAD,2025-07-03,3.5,TEM-14
6324d3f3ce3e476e42ae2595,TEMPO WORKLOAD,2025-07-03,1.0,TEM-18
712020:d6bab2e1-1616-4bfb-83a4-2be2aebf31ed,TEMPO WORKLOAD,2025-07-03,6.0,TEM-8
5c8132a6e6e3160b9b6fd44d,TEMPO WORKLOAD,2025-07-03,0.5,TEM-13
5f4d8530d0884f00492507dd,TEMPO WORKLOAD,2025-07-03,0.3333333333333333,TEM-26
70121:716f3beb-9b1e-4b9c-bb75-d5716c9878b0,TEMPO WORKLOAD,2025-07-03,0.5,TEM-17
5f03aab970b8a90025641824,TEMPO WORKLOAD,2025-07-03,0.25,TEM-26
5dea6ce9b95b180d17cfc7df,TEMPO WORKLOAD,2025-07-03,0.25,TEM-28
636e3660c383ad842147234a,TEMPO WORKLOAD,2025-07-03,0.25,TEM-26
70121:e997c5d5-1d6e-4973-80cb-28bfe7343a3f,TEMPO WORKLOAD,2025-07-03,0.25,TEM-28
6310a896316bbc56c4249184,TEMPO WORKLOAD,2025-07-03,1.0,TEM-10
5f03aab970b8a90025641824,TEMPO WORKLOAD,2025-07-03,0.75,TEM-15
5f4d8530d0884f00492507dd,TEMPO WORKLOAD,2025-07-03,1.9166666666666667,TEM-26
6022a0ace7deee0069225fbd,TEMPO WORKLOAD,2025-07-03,0.5,TEM-14
712020:6ad83a3e-a1e9-43e6-a0a2-7931a513de7f,TEMPO WORKLOAD,2025-07-03,1.0,TEM-17
5c8132a6e6e3160b9b6fd44d,TEMPO WORKLOAD,2025-07-03,0.75,TEM-13
5d6fae7bab129d0c306da857,TEMPO WORKLOAD,2025-07-03,1.0,TEM-13
5dea6ce9b95b180d17cfc7df,TEMPO WORKLOAD,2025-07-03,0.5,TEM-15
70121:716f3beb-9b1e-4b9c-bb75-d5716c9878b0,TEMPO WORKLOAD,2025-07-03,0.5,TEM-17
6022a0ace7deee0069225fbd,TEMPO WORKLOAD,2025-07-03,1.5,TEM-36
712020:31918087-5a23-4883-b0d2-134f05828b32,TEMPO WORKLOAD,2025-07-03,0.75,TEM-14
613fb43fe6c39d00721944a0,TEMPO WORKLOAD,2025-07-03,3.0,TEM-36
712020:a3240ec7-ccb7-4e31-81ed-5338bd11acc2,TEMPO WORKLOAD,2025-07-03,4.0,TEM-8
6324d3f3ce3e476e42ae2595,TEMPO WORKLOAD,2025-07-03,1.0,TEM-6
6310a8976856bdd60a9eddae,TEMPO WORKLOAD,2025-07-03,0.5,TEM-14
712020:39d78a45-5732-4153-afaa-dc9227f4dfe3,TEMPO WORKLOAD,2025-07-03,3.0,TEM-9
5dea6ce9b95b180d17cfc7df,TEMPO WORKLOAD,2025-07-03,1.0,TEM-43
70121:716f3beb-9b1e-4b9c-bb75-d5716c9878b0,TEMPO WORKLOAD,2025-07-03,0.3333333333333333,TEM-17
636e3660c383ad842147234a,TEMPO WORKLOAD,2025-07-03,1.75,TEM-26
6310a896316bbc56c4249184,TEMPO WORKLOAD,2025-07-03,0.5,TEM-13
5c8132a6e6e3160b9b6fd44d,TEMPO WORKLOAD,2025-07-03,1.5,TEM-13
6310a8963e578bb3b5feb9f3,TEMPO WORKLOAD,2025-07-03,1.0,TEM-13
5d6fae7bab129d0c306da857,TEMPO WORKLOAD,2025-07-03,0.5,TEM-13
6310a8976856bdd60a9eddae,TEMPO WORKLOAD,2025-07-03,0.5,TEM-14
5e0de9b99af3650e9e3ffc97,TEMPO WORKLOAD,2025-07-03,2.0,TEM-17
712020:31918087-5a23-4883-b0d2-134f05828b32,TEMPO WORKLOAD,2025-07-03,0.75,TEM-14
712020:a7ee73c4-a6b3-4a8b-b22b-97aa3edf3ff7,TEMPO WORKLOAD,2025-07-03,4.0,TEM-8
70121:716f3beb-9b1e-4b9c-bb75-d5716c9878b0,TEMPO WORKLOAD,2025-07-03,0.3333333333333333,TEM-17
712020:5ee2f3fa-371b-4e6b-b912-594fc836bd92,TEMPO WORKLOAD,2025-07-03,4.0,TEM-30
70121:716f3beb-9b1e-4b9c-bb75-d5716c9878b0,TEMPO WORKLOAD,2025-07-03,0.5,TEM-17
712020:91b42101-19bb-498d-9942-8850a5540c96,TEMPO WORKLOAD,2025-07-03,0.5,TEM-28
6324d3f3ce3e476e42ae2595,TEMPO WORKLOAD,2025-07-03,1.0,TEM-18
70121:716f3beb-9b1e-4b9c-bb75-d5716c9878b0,TEMPO WORKLOAD,2025-07-03,0.5,TEM-17
6310a8954fbe9c4bd0edf82a,TEMPO WORKLOAD,2025-07-03,1.0,TEM-19
6022a0ace7deee0069225fbd,TEMPO WORKLOAD,2025-07-03,1.5,TEM-28
6310a8963e578bb3b5feb9f3,TEMPO WORKLOAD,2025-07-03,0.5,TEM-13
712020:5912aa5b-0476-4091-834a-994381177d1a,TEMPO WORKLOAD,2025-07-03,0.5,TEM-18
5dea6ce9b95b180d17cfc7df,TEMPO WORKLOAD,2025-07-03,1.0,TEM-28
712020:76b2ab6b-f08d-4fef-9ced-52ff15fad7a0,TEMPO WORKLOAD,2025-07-03,2.283333333333333,TEM-21
6310a896316bbc56c4249184,TEMPO WORKLOAD,2025-07-03,0.75,TEM-13
6310a8963e578bb3b5feb9f3,TEMPO WORKLOAD,2025-07-03,0.5,TEM-13
5f45400afdc3f5003fee080b,TEMPO WORKLOAD,2025-07-03,0.5,TEM-14
63e1170728cddcc70773cbd6,TEMPO WORKLOAD,2025-07-03,1.0,TEM-14
5d6fae7bab129d0c306da857,TEMPO WORKLOAD,2025-07-03,1.0,TEM-13
712020:1e3eed0c-846c-4ebd-bec7-51d04bbb59c0,TEMPO WORKLOAD,2025-07-03,2.0,TEM-30
6324d3f3ce3e476e42ae2595,TEMPO WORKLOAD,2025-07-03,4.0,TEM-6
607829da95f6fc006aab9e92,TEMPO WORKLOAD,2025-07-03,0.6666666666666666,TEM-19
6310a8954fbe9c4bd0edf82a,TEMPO WORKLOAD,2025-07-03,1.5,TEM-23
6310a8963e578bb3b5feb9f3,TEMPO WORKLOAD,2025-07-03,0.5,TEM-13
6310a896316bbc56c4249184,TEMPO WORKLOAD,2025-07-03,1.5,TEM-13
5f45400afdc3f5003fee080b,TEMPO WORKLOAD,2025-07-03,1.5,TEM-14
5e0de9b99af3650e9e3ffc97,TEMPO WORKLOAD,2025-07-03,1.25,TEM-17
712020:91b42101-19bb-498d-9942-8850a5540c96,TEMPO WORKLOAD,2025-07-03,1.75,TEM-25
6022a0ace7deee0069225fbd,TEMPO WORKLOAD,2025-07-03,1.0,TEM-14
63e1170728cddcc70773cbd6,TEMPO WORKLOAD,2025-07-03,2.5,TEM-14
5d6fae7bab129d0c306da857,TEMPO WORKLOAD,2025-07-03,1.0,TEM-13
6022a0ace7deee0069225fbd,TEMPO WORKLOAD,2025-07-03,0.5,TEM-28
5d6fae7bab129d0c306da857,TEMPO WORKLOAD,2025-07-03,1.0,TEM-13
712020:76b2ab6b-f08d-4fef-9ced-52ff15fad7a0,TEMPO WORKLOAD,2025-07-03,2.0,TEM-27
712020:05c80f08-99ab-4608-9ac1-8c3c43fbef01,TEMPO WORKLOAD,2025-07-04,0.5,TEM-25
712020:05c80f08-99ab-4608-9ac1-8c3c43fbef01,TEMPO WORKLOAD,2025-07-04,8.0,TEM-17
613fb383e057c6006a1ccade,TEMPO WORKLOAD,2025-07-04,8.0,TEM-2
712020:f518f4e7-7314-45a9-a3ef-723ad3fd6d7f,TEMPO WORKLOAD,2025-07-04,6.0,TEM-2
6310a896316bbc56c4249184,TEMPO WORKLOAD,2025-07-04,0.5,TEM-13
5eb2e91b96bbcb0b857bfa58,TEMPO WORKLOAD,2025-07-04,1.25,TEM-14
557058:b0ab43f7-2329-4796-9a63-2abcf978b413,TEMPO WORKLOAD,2025-07-04,0.3333333333333333,TEM-26
5c5857d6036b380b84dc8212,TEMPO WORKLOAD,2025-07-04,0.5,TEM-28
613fb43fe6c39d00721944a0,TEMPO WORKLOAD,2025-07-04,4.0,TEM-36
6411cc617222b08f3e70f716,TEMPO WORKLOAD,2025-07-04,0.5,TEM-18
70121:e997c5d5-1d6e-4973-80cb-28bfe7343a3f,TEMPO WORKLOAD,2025-07-04,0.5,TEM-28
62fbd97aeec8d4a478d41a3b,TEMPO WORKLOAD,2025-07-04,8.0,TEM-17
712020:6ad83a3e-a1e9-43e6-a0a2-7931a513de7f,TEMPO WORKLOAD,2025-07-04,4.0,TEM-17
557058:c310fa79-8a55-492f-a2fe-6e69a7d7c4eb,TEMPO WORKLOAD,2025-07-04,1.0,TEM-28
712020:db40572b-4fd3-49a2-b4c1-620d9be82a65,TEMPO WORKLOAD,2025-07-04,8.0,TEM-9
712020:31918087-5a23-4883-b0d2-134f05828b32,TEMPO WORKLOAD,2025-07-04,3.0,TEM-14
5eb2e91b96bbcb0b857bfa58,TEMPO WORKLOAD,2025-07-04,1.0,TEM-14
6310a8963e578bb3b5feb9f3,TEMPO WORKLOAD,2025-07-04,0.5,TEM-13
5eb2e91b96bbcb0b857bfa58,TEMPO WORKLOAD,2025-07-04,5.0,TEM-14
5e751b85fad9000c325d9aae,TEMPO WORKLOAD,2025-07-04,8.0,TEM-8
5dbc42d12757660db6144b56,TEMPO WORKLOAD,2025-07-04,0.5,TEM-36
5f45400afdc3f5003fee080b,TEMPO WORKLOAD,2025-07-04,8.0,TEM-2
62fbddc8bb0704a2a808bd57,TEMPO WORKLOAD,2025-07-04,8.0,TEM-5
61ddc1dcf3037f0069656c13,TEMPO WORKLOAD,2025-07-04,0.5,TEM-18
712020:ab3c5ef0-a515-47fc-9cdd-3b5d0c219224,TEMPO WORKLOAD,2025-07-04,8.0,TEM-7
5c8132a6e6e3160b9b6fd44d,TEMPO WORKLOAD,2025-07-04,1.0,TEM-13
712020:02ccfc0c-5c0f-4e48-8f91-fb3bb584a2dc,TEMPO WORKLOAD,2025-07-04,8.0,TEM-7
6310a8976856bdd60a9eddae,TEMPO WORKLOAD,2025-07-04,0.75,TEM-14
712020:98295f35-86b1-4d23-a51b-30dbe7170d11,TEMPO WORKLOAD,2025-07-04,6.0,TEM-7
712020:f5cdecd9-64db-4d5e-b4a2-c8f4b7201212,TEMPO WORKLOAD,2025-07-04,8.0,TEM-7
712020:f50b1e80-f1ef-440b-b954-716fbfdbc927,TEMPO WORKLOAD,2025-07-04,8.0,TEM-9
712020:91b42101-19bb-498d-9942-8850a5540c96,TEMPO WORKLOAD,2025-07-04,4.5,TEM-25
712020:39d78a45-5732-4153-afaa-dc9227f4dfe3,TEMPO WORKLOAD,2025-07-04,3.0,TEM-7
607829da95f6fc006aab9e92,TEMPO WORKLOAD,2025-07-04,0.25,TEM-19
6356e77976b91b62562d4fea,TEMPO WORKLOAD,2025-07-04,4.0,TEM-26
712020:d26e58e6-874b-4243-ac4e-1d4cb867a542,TEMPO WORKLOAD,2025-07-04,8.0,TEM-8
607829da95f6fc006aab9e92,TEMPO WORKLOAD,2025-07-04,7.75,TEM-19
6310a896316bbc56c4249184,TEMPO WORKLOAD,2025-07-04,0.25,TEM-10
6411cc617222b08f3e70f716,TEMPO WORKLOAD,2025-07-04,0.75,TEM-18
70121:e997c5d5-1d6e-4973-80cb-28bfe7343a3f,TEMPO WORKLOAD,2025-07-04,0.5,TEM-15
6310a8963e578bb3b5feb9f3,TEMPO WORKLOAD,2025-07-04,3.5,TEM-13
5dbc42d12757660db6144b56,TEMPO WORKLOAD,2025-07-04,1.0,TEM-36
557058:b0ab43f7-2329-4796-9a63-2abcf978b413,TEMPO WORKLOAD,2025-07-04,1.5,TEM-26
5c5857d6036b380b84dc8212,TEMPO WORKLOAD,2025-07-04,0.5,TEM-25
61ddc1dcf3037f0069656c13,TEMPO WORKLOAD,2025-07-04,5.0,TEM-24
61ddc1dcf3037f0069656c13,TEMPO WORKLOAD,2025-07-04,1.5,TEM-24
6310a896316bbc56c4249184,TEMPO WORKLOAD,2025-07-04,1.0,TEM-13
6310a8976856bdd60a9eddae,TEMPO WORKLOAD,2025-07-04,0.75,TEM-14
63b6c257d3aeefa405443cf9,TEMPO WORKLOAD,2025-07-04,6.0,TEM-24
5d6fae7bab129d0c306da857,TEMPO WORKLOAD,2025-07-04,0.5,TEM-13
712020:5912aa5b-0476-4091-834a-994381177d1a,TEMPO WORKLOAD,2025-07-04,0.5,TEM-18
70121:e997c5d5-1d6e-4973-80cb-28bfe7343a3f,TEMPO WORKLOAD,2025-07-04,0.25,TEM-15
712020:c2d6f64b-7c18-4b58-9189-57c8823f4f64,TEMPO WORKLOAD,2025-07-04,8.0,TEM-5
712020:f71fff89-9283-4b8c-afc6-a4ccda67573c,TEMPO WORKLOAD,2025-07-04,8.0,TEM-7
712020:5ee2f3fa-371b-4e6b-b912-594fc836bd92,TEMPO WORKLOAD,2025-07-04,4.0,TEM-30
6310a8954fbe9c4bd0edf82a,TEMPO WORKLOAD,2025-07-04,0.5,TEM-19
6310a898316bbc56c4249187,TEMPO WORKLOAD,2025-07-04,4.0,TEM-21
712020:6c5881b3-26a9-4223-a18b-14414e7b9d3a,TEMPO WORKLOAD,2025-07-04,8.0,TEM-7
712020:a3240ec7-ccb7-4e31-81ed-5338bd11acc2,TEMPO WORKLOAD,2025-07-04,4.0,TEM-8
5c8132a6e6e3160b9b6fd44d,TEMPO WORKLOAD,2025-07-04,3.0,TEM-13
712020:a7ee73c4-a6b3-4a8b-b22b-97aa3edf3ff7,TEMPO WORKLOAD,2025-07-04,4.0,TEM-2
557058:c310fa79-8a55-492f-a2fe-6e69a7d7c4eb,TEMPO WORKLOAD,2025-07-04,7.0,TEM-19
70121:716f3beb-9b1e-4b9c-bb75-d5716c9878b0,TEMPO WORKLOAD,2025-07-04,0.5,TEM-17
637d1ac0f48fbd9b62d50fc3,TEMPO WORKLOAD,2025-07-04,8.0,TEM-8
5f03aab970b8a90025641824,TEMPO WORKLOAD,2025-07-04,3.0,TEM-15
712020:34c5700f-f485-4468-b4d7-06a7a3e2942b,TEMPO WORKLOAD,2025-07-04,6.0,TEM-7
5e0de9b99af3650e9e3ffc97,TEMPO WORKLOAD,2025-07-04,0.5,TEM-28
712020:3268e7ac-2411-4ef8-a85a-d619f040639c,TEMPO WORKLOAD,2025-07-04,1.0,TEM-36
712020:c24d4628-d885-44d1-8ec8-dd76d416436a,TEMPO WORKLOAD,2025-07-04,4.0,TEM-26
712020:448afbe2-d875-40e8-9541-835a59cdf0a7,TEMPO WORKLOAD,2025-07-04,8.0,TEM-7
712020:11e8ce5a-06a7-43cf-9c5a-858eed6f0a07,TEMPO WORKLOAD,2025-07-04,8.0,TEM-5
712020:76b2ab6b-f08d-4fef-9ced-52ff15fad7a0,TEMPO WORKLOAD,2025-07-04,1.0833333333333333,TEM-21
5c5857d6036b380b84dc8212,TEMPO WORKLOAD,2025-07-04,0.5,TEM-25
712020:d8a16146-bc5b-4c61-9c5d-af3eaddace2b,TEMPO WORKLOAD,2025-07-04,8.0,TEM-5
6411cc617222b08f3e70f716,TEMPO WORKLOAD,2025-07-04,0.25,TEM-18
70121:e997c5d5-1d6e-4973-80cb-28bfe7343a3f,TEMPO WORKLOAD,2025-07-04,0.25,TEM-28
6310a8954fbe9c4bd0edf82a,TEMPO WORKLOAD,2025-07-04,0.25,TEM-19
712020:5912aa5b-0476-4091-834a-994381177d1a,TEMPO WORKLOAD,2025-07-04,0.5,TEM-18
6411cc617222b08f3e70f716,TEMPO WORKLOAD,2025-07-04,2.0,TEM-18
70121:e997c5d5-1d6e-4973-80cb-28bfe7343a3f,TEMPO WORKLOAD,2025-07-04,1.0,TEM-15
5dbc42d12757660db6144b56,TEMPO WORKLOAD,2025-07-04,4.5,TEM-36
5d6fae7bab129d0c306da857,TEMPO WORKLOAD,2025-07-04,2.0,TEM-13
6324d3f3ce3e476e42ae2595,TEMPO WORKLOAD,2025-07-04,0.5,TEM-18
6310a8976856bdd60a9eddae,TEMPO WORKLOAD,2025-07-04,0.5,TEM-14
5e0de9b99af3650e9e3ffc97,TEMPO WORKLOAD,2025-07-04,4.0,TEM-17
5c5857d6036b380b84dc8212,TEMPO WORKLOAD,2025-07-04,2.5,TEM-25
6310a8954fbe9c4bd0edf82a,TEMPO WORKLOAD,2025-07-04,7.25,TEM-19
6310a896316bbc56c4249184,TEMPO WORKLOAD,2025-07-04,3.0,TEM-13
712020:5912aa5b-0476-4091-834a-994381177d1a,TEMPO WORKLOAD,2025-07-04,1.0,TEM-18
63e1170728cddcc70773cbd6,TEMPO WORKLOAD,2025-07-04,5.0,TEM-14
6324d3f3ce3e476e42ae2595,TEMPO WORKLOAD,2025-07-04,2.0,TEM-6
6310a8976856bdd60a9eddae,TEMPO WORKLOAD,2025-07-04,1.5,TEM-14
64076b2b4d5e4b44e233faf6,TEMPO WORKLOAD,2025-07-04,4.0,TEM-26
712020:3268e7ac-2411-4ef8-a85a-d619f040639c,TEMPO WORKLOAD,2025-07-04,3.5,TEM-36
636e3660c383ad842147234a,TEMPO WORKLOAD,2025-07-04,2.0,TEM-26
712020:76b2ab6b-f08d-4fef-9ced-52ff15fad7a0,TEMPO WORKLOAD,2025-07-04,1.1166666666666667,TEM-21
712020:1e3eed0c-846c-4ebd-bec7-51d04bbb59c0,TEMPO WORKLOAD,2025-07-04,0.5,TEM-30
712020:5912aa5b-0476-4091-834a-994381177d1a,TEMPO WORKLOAD,2025-07-04,2.0,TEM-18
6022a0ace7deee0069225fbd,TEMPO WORKLOAD,2025-07-04,0.5,TEM-14
712020:31918087-5a23-4883-b0d2-134f05828b32,TEMPO WORKLOAD,2025-07-04,2.0,TEM-14
712020:51261fb6-b689-4617-8eae-46a70a19df7c,TEMPO WORKLOAD,2025-07-04,6.0,TEM-9
712020:39d78a45-5732-4153-afaa-dc9227f4dfe3,TEMPO WORKLOAD,2025-07-04,2.0,TEM-8
712020:76b2ab6b-f08d-4fef-9ced-52ff15fad7a0,TEMPO WORKLOAD,2025-07-04,2.2333333333333334,TEM-21
6022a0ace7deee0069225fbd,TEMPO WORKLOAD,2025-07-04,1.5,TEM-36
6411cc617222b08f3e70f716,TEMPO WORKLOAD,2025-07-04,1.0,TEM-18
5d6fae7bab129d0c306da857,TEMPO WORKLOAD,2025-07-04,2.0,TEM-13
6310a8976856bdd60a9eddae,TEMPO WORKLOAD,2025-07-04,0.5,TEM-14
5dea6ce9b95b180d17cfc7df,TEMPO WORKLOAD,2025-07-04,0.5,TEM-43
712020:d6bab2e1-1616-4bfb-83a4-2be2aebf31ed,TEMPO WORKLOAD,2025-07-04,6.0,TEM-8
613fb43fe6c39d00721944a0,TEMPO WORKLOAD,2025-07-04,3.0,TEM-13
6310a8963e578bb3b5feb9f3,TEMPO WORKLOAD,2025-07-04,4.0,TEM-13
5c8132a6e6e3160b9b6fd44d,TEMPO WORKLOAD,2025-07-04,0.5,TEM-13
6324d3f3ce3e476e42ae2595,TEMPO WORKLOAD,2025-07-04,5.5,TEM-18
5f4d8530d0884f00492507dd,TEMPO WORKLOAD,2025-07-04,0.3333333333333333,TEM-26
6310a8976856bdd60a9eddae,TEMPO WORKLOAD,2025-07-04,4.0,TEM-14
5f03aab970b8a90025641824,TEMPO WORKLOAD,2025-07-04,0.25,TEM-26
5dea6ce9b95b180d17cfc7df,TEMPO WORKLOAD,2025-07-04,0.25,TEM-28
712020:6ad83a3e-a1e9-43e6-a0a2-7931a513de7f,TEMPO WORKLOAD,2025-07-04,0.5,TEM-25
636e3660c383ad842147234a,TEMPO WORKLOAD,2025-07-04,0.25,TEM-26
5f03aab970b8a90025641824,TEMPO WORKLOAD,2025-07-04,0.75,TEM-15
5f4d8530d0884f00492507dd,TEMPO WORKLOAD,2025-07-04,1.6666666666666667,TEM-26
6411cc617222b08f3e70f716,TEMPO WORKLOAD,2025-07-04,3.5,TEM-18
5c8132a6e6e3160b9b6fd44d,TEMPO WORKLOAD,2025-07-04,2.0,TEM-2
712020:91b42101-19bb-498d-9942-8850a5540c96,TEMPO WORKLOAD,2025-07-04,1.5,TEM-25
6310a896316bbc56c4249184,TEMPO WORKLOAD,2025-07-04,0.5,TEM-13
6022a0ace7deee0069225fbd,TEMPO WORKLOAD,2025-07-04,0.5,TEM-14
712020:31918087-5a23-4883-b0d2-134f05828b32,TEMPO WORKLOAD,2025-07-04,1.5,TEM-14
712020:5912aa5b-0476-4091-834a-994381177d1a,TEMPO WORKLOAD,2025-07-04,0.5,TEM-18
712020:a3240ec7-ccb7-4e31-81ed-5338bd11acc2,TEMPO WORKLOAD,2025-07-04,4.0,TEM-8
712020:39d78a45-5732-4153-afaa-dc9227f4dfe3,TEMPO WORKLOAD,2025-07-04,3.0,TEM-9
636e3660c383ad842147234a,TEMPO WORKLOAD,2025-07-04,1.75,TEM-26
712020:76b2ab6b-f08d-4fef-9ced-52ff15fad7a0,TEMPO WORKLOAD,2025-07-04,3.566666666666667,TEM-21
6022a0ace7deee0069225fbd,TEMPO WORKLOAD,2025-07-04,0.5,TEM-13
712020:5912aa5b-0476-4091-834a-994381177d1a,TEMPO WORKLOAD,2025-07-04,0.5,TEM-18
5d6fae7bab129d0c306da857,TEMPO WORKLOAD,2025-07-04,1.0,TEM-13
5e0de9b99af3650e9e3ffc97,TEMPO WORKLOAD,2025-07-04,0.5,TEM-17
6022a0ace7deee0069225fbd,TEMPO WORKLOAD,2025-07-04,1.0,TEM-14
712020:5ee2f3fa-371b-4e6b-b912-594fc836bd92,TEMPO WORKLOAD,2025-07-04,4.0,TEM-30
5dbc42d12757660db6144b56,TEMPO WORKLOAD,2025-07-04,0.5,TEM-17
712020:5912aa5b-0476-4091-834a-994381177d1a,TEMPO WORKLOAD,2025-07-04,0.5,TEM-18
712020:a7ee73c4-a6b3-4a8b-b22b-97aa3edf3ff7,TEMPO WORKLOAD,2025-07-04,4.0,TEM-2
5e0de9b99af3650e9e3ffc97,TEMPO WORKLOAD,2025-07-04,2.0,TEM-17
712020:91b42101-19bb-498d-9942-8850a5540c96,TEMPO WORKLOAD,2025-07-04,0.5,TEM-28
6310a896316bbc56c4249184,TEMPO WORKLOAD,2025-07-04,2.0,TEM-2
712020:5912aa5b-0476-4091-834a-994381177d1a,TEMPO WORKLOAD,2025-07-04,0.5,TEM-18
5dbc42d12757660db6144b56,TEMPO WORKLOAD,2025-07-04,1.0,TEM-17
5c8132a6e6e3160b9b6fd44d,TEMPO WORKLOAD,2025-07-04,0.75,TEM-2
5d6fae7bab129d0c306da857,TEMPO WORKLOAD,2025-07-04,1.0,TEM-13
712020:3268e7ac-2411-4ef8-a85a-d619f040639c,TEMPO WORKLOAD,2025-07-04,1.5,TEM-36
6022a0ace7deee0069225fbd,TEMPO WORKLOAD,2025-07-04,1.0,TEM-13
613fb43fe6c39d00721944a0,TEMPO WORKLOAD,2025-07-04,1.0,TEM-36
63e1170728cddcc70773cbd6,TEMPO WORKLOAD,2025-07-04,1.0,TEM-14
5dbc42d12757660db6144b56,TEMPO WORKLOAD,2025-07-04,0.5,TEM-13
712020:91b42101-19bb-498d-9942-8850a5540c96,TEMPO WORKLOAD,2025-07-04,1.5,TEM-25
6022a0ace7deee0069225fbd,TEMPO WORKLOAD,2025-07-04,1.0,TEM-1
63e1170728cddcc70773cbd6,TEMPO WORKLOAD,2025-07-04,2.0,TEM-14
5f45400afdc3f5003fee080b,TEMPO WORKLOAD,2025-07-04,0.5,TEM-14
5e0de9b99af3650e9e3ffc97,TEMPO WORKLOAD,2025-07-04,1.0,TEM-17
712020:3268e7ac-2411-4ef8-a85a-d619f040639c,TEMPO WORKLOAD,2025-07-04,2.0,TEM-36
6310a896316bbc56c4249184,TEMPO WORKLOAD,2025-07-04,0.75,TEM-13
5f45400afdc3f5003fee080b,TEMPO WORKLOAD,2025-07-04,1.5,TEM-14
5d6fae7bab129d0c306da857,TEMPO WORKLOAD,2025-07-04,1.0,TEM-13
6310a896316bbc56c4249184,TEMPO WORKLOAD,2025-07-04,4.0,TEM-10
712020:76b2ab6b-f08d-4fef-9ced-52ff15fad7a0,TEMPO WORKLOAD,2025-07-04,2.0,TEM-27
5d6fae7bab129d0c306da857,TEMPO WORKLOAD,2025-07-04,0.5,TEM-13
712020:6ad83a3e-a1e9-43e6-a0a2-7931a513de7f,TEMPO WORKLOAD,2025-07-04,0.5,TEM-17
5dbc42d12757660db6144b56,TEMPO WORKLOAD,2025-07-05,1.0,TEM-16
5f45400afdc3f5003fee080b,TEMPO WORKLOAD,2025-07-05,3.0,TEM-14
6022a0ace7deee0069225fbd,TEMPO WORKLOAD,2025-07-05,1.0,TEM-36
6022a0ace7deee0069225fbd,TEMPO WORKLOAD,2025-07-05,0.5,TEM-13
712020:05c80f08-99ab-4608-9ac1-8c3c43fbef01,TEMPO WORKLOAD,2025-07-07,0.25,TEM-25
712020:05c80f08-99ab-4608-9ac1-8c3c43fbef01,TEMPO WORKLOAD,2025-07-07,8.0,TEM-17
712020:1e3eed0c-846c-4ebd-bec7-51d04bbb59c0,TEMPO WORKLOAD,2025-07-07,2.5,TEM-30
6324d3f3ce3e476e42ae2595,TEMPO WORKLOAD,2025-07-07,2.5,TEM-18
613fb43fe6c39d00721944a0,TEMPO WORKLOAD,2025-07-07,8.0,TEM-36
5dbc42d12757660db6144b56,TEMPO WORKLOAD,2025-07-07,8.0,TEM-2
6411cc617222b08f3e70f716,TEMPO WORKLOAD,2025-07-07,0.25,TEM-18
70121:e997c5d5-1d6e-4973-80cb-28bfe7343a3f,TEMPO WORKLOAD,2025-07-07,0.5,TEM-15
5f45400afdc3f5003fee080b,TEMPO WORKLOAD,2025-07-07,0.5,TEM-14
5c8132a6e6e3160b9b6fd44d,TEMPO WORKLOAD,2025-07-07,0.5,TEM-13
6310a8976856bdd60a9eddae,TEMPO WORKLOAD,2025-07-07,0.5,TEM-14
712020:db40572b-4fd3-49a2-b4c1-620d9be82a65,TEMPO WORKLOAD,2025-07-07,8.0,TEM-9
557058:c310fa79-8a55-492f-a2fe-6e69a7d7c4eb,TEMPO WORKLOAD,2025-07-07,10.0,TEM-19
712020:ab3c5ef0-a515-47fc-9cdd-3b5d0c219224,TEMPO WORKLOAD,2025-07-07,8.0,TEM-7
6310a896316bbc56c4249184,TEMPO WORKLOAD,2025-07-07,0.5,TEM-13
6310a8963e578bb3b5feb9f3,TEMPO WORKLOAD,2025-07-07,0.5,TEM-13
5eb2e91b96bbcb0b857bfa58,TEMPO WORKLOAD,2025-07-07,0.5,TEM-14
712020:02ccfc0c-5c0f-4e48-8f91-fb3bb584a2dc,TEMPO WORKLOAD,2025-07-07,8.0,TEM-7
712020:98295f35-86b1-4d23-a51b-30dbe7170d11,TEMPO WORKLOAD,2025-07-07,6.0,TEM-7
5e751b85fad9000c325d9aae,TEMPO WORKLOAD,2025-07-07,7.666666666666667,TEM-8
712020:f5cdecd9-64db-4d5e-b4a2-c8f4b7201212,TEMPO WORKLOAD,2025-07-07,8.0,TEM-7
613fb383e057c6006a1ccade,TEMPO WORKLOAD,2025-07-07,8.0,TEM-2
62e433730b4bf7ad924bcbe5,TEMPO WORKLOAD,2025-07-07,8.0,TEM-7
712020:31918087-5a23-4883-b0d2-134f05828b32,TEMPO WORKLOAD,2025-07-07,3.0,TEM-14
62fbddc8bb0704a2a808bd57,TEMPO WORKLOAD,2025-07-07,8.0,TEM-5
712020:f50b1e80-f1ef-440b-b954-716fbfdbc927,TEMPO WORKLOAD,2025-07-07,8.0,TEM-2
712020:91b42101-19bb-498d-9942-8850a5540c96,TEMPO WORKLOAD,2025-07-07,3.0,TEM-25
712020:39d78a45-5732-4153-afaa-dc9227f4dfe3,TEMPO WORKLOAD,2025-07-07,3.0,TEM-7
607829da95f6fc006aab9e92,TEMPO WORKLOAD,2025-07-07,0.25,TEM-19
5c5857d6036b380b84dc8212,TEMPO WORKLOAD,2025-07-07,0.5,TEM-25
6356e77976b91b62562d4fea,TEMPO WORKLOAD,2025-07-07,4.0,TEM-26
712020:6ad83a3e-a1e9-43e6-a0a2-7931a513de7f,TEMPO WORKLOAD,2025-07-07,0.5,TEM-25
712020:d26e58e6-874b-4243-ac4e-1d4cb867a542,TEMPO WORKLOAD,2025-07-07,8.0,TEM-8
6411cc617222b08f3e70f716,TEMPO WORKLOAD,2025-07-07,0.5,TEM-18
607829da95f6fc006aab9e92,TEMPO WORKLOAD,2025-07-07,7.75,TEM-19
6022a0ace7deee0069225fbd,TEMPO WORKLOAD,2025-07-07,0.5,TEM-13
5f45400afdc3f5003fee080b,TEMPO WORKLOAD,2025-07-07,0.5,TEM-14
6310a8976856bdd60a9eddae,TEMPO WORKLOAD,2025-07-07,0.5,TEM-14
712020:6ad83a3e-a1e9-43e6-a0a2-7931a513de7f,TEMPO WORKLOAD,2025-07-07,1.0,TEM-17
6310a896316bbc56c4249184,TEMPO WORKLOAD,2025-07-07,0.25,TEM-10
70121:e997c5d5-1d6e-4973-80cb-28bfe7343a3f,TEMPO WORKLOAD,2025-07-07,3.0,TEM-15
6310a8963e578bb3b5feb9f3,TEMPO WORKLOAD,2025-07-07,2.5,TEM-13
5eb2e91b96bbcb0b857bfa58,TEMPO WORKLOAD,2025-07-07,6.75,TEM-14
5c5857d6036b380b84dc8212,TEMPO WORKLOAD,2025-07-07,0.5,TEM-25
6310a896316bbc56c4249184,TEMPO WORKLOAD,2025-07-07,2.0,TEM-13
6411cc617222b08f3e70f716,TEMPO WORKLOAD,2025-07-07,0.25,TEM-18
61ddc1dcf3037f0069656c13,TEMPO WORKLOAD,2025-07-07,3.0,TEM-24
61ddc1dcf3037f0069656c13,TEMPO WORKLOAD,2025-07-07,1.0,TEM-24
61ddc1dcf3037f0069656c13,TEMPO WORKLOAD,2025-07-07,0.5,TEM-24
61ddc1dcf3037f0069656c13,TEMPO WORKLOAD,2025-07-07,2.0,TEM-24
6022a0ace7deee0069225fbd,TEMPO WORKLOAD,2025-07-07,0.5,TEM-14
5c5857d6036b380b84dc8212,TEMPO WORKLOAD,2025-07-07,0.5,TEM-17
712020:c2d6f64b-7c18-4b58-9189-57c8823f4f64,TEMPO WORKLOAD,2025-07-07,8.0,TEM-5
5f45400afdc3f5003fee080b,TEMPO WORKLOAD,2025-07-07,1.0,TEM-14
6310a898316bbc56c4249187,TEMPO WORKLOAD,2025-07-07,5.0,TEM-21
5e0de9b99af3650e9e3ffc97,TEMPO WORKLOAD,2025-07-07,0.5,TEM-17
6411cc617222b08f3e70f716,TEMPO WORKLOAD,2025-07-07,1.75,TEM-18
712020:5912aa5b-0476-4091-834a-994381177d1a,TEMPO WORKLOAD,2025-07-07,1.0,TEM-18
5c8132a6e6e3160b9b6fd44d,TEMPO WORKLOAD,2025-07-07,1.0,TEM-13
5d6fae7bab129d0c306da857,TEMPO WORKLOAD,2025-07-07,1.0,TEM-13
712020:a7ee73c4-a6b3-4a8b-b22b-97aa3edf3ff7,TEMPO WORKLOAD,2025-07-07,4.0,TEM-8
712020:6c5881b3-26a9-4223-a18b-14414e7b9d3a,TEMPO WORKLOAD,2025-07-07,8.0,TEM-7
6310a8954fbe9c4bd0edf82a,TEMPO WORKLOAD,2025-07-07,0.5,TEM-19
6310a8976856bdd60a9eddae,TEMPO WORKLOAD,2025-07-07,2.0,TEM-14
637d1ac0f48fbd9b62d50fc3,TEMPO WORKLOAD,2025-07-07,8.0,TEM-8
5f03aab970b8a90025641824,TEMPO WORKLOAD,2025-07-07,3.0,TEM-15
712020:f518f4e7-7314-45a9-a3ef-723ad3fd6d7f,TEMPO WORKLOAD,2025-07-07,6.5,TEM-7
712020:3268e7ac-2411-4ef8-a85a-d619f040639c,TEMPO WORKLOAD,2025-07-07,1.0,TEM-36
712020:5ee2f3fa-371b-4e6b-b912-594fc836bd92,TEMPO WORKLOAD,2025-07-07,4.0,TEM-30
712020:c24d4628-d885-44d1-8ec8-dd76d416436a,TEMPO WORKLOAD,2025-07-07,4.0,TEM-26
62fbd97aeec8d4a478d41a3b,TEMPO WORKLOAD,2025-07-07,8.0,TEM-17
712020:448afbe2-d875-40e8-9541-835a59cdf0a7,TEMPO WORKLOAD,2025-07-07,8.0,TEM-7
712020:11e8ce5a-06a7-43cf-9c5a-858eed6f0a07,TEMPO WORKLOAD,2025-07-07,8.0,TEM-5
712020:76b2ab6b-f08d-4fef-9ced-52ff15fad7a0,TEMPO WORKLOAD,2025-07-07,0.6666666666666666,TEM-21
712020:d8a16146-bc5b-4c61-9c5d-af3eaddace2b,TEMPO WORKLOAD,2025-07-07,8.0,TEM-5
712020:a3240ec7-ccb7-4e31-81ed-5338bd11acc2,TEMPO WORKLOAD,2025-07-07,4.0,TEM-8
63b6c257d3aeefa405443cf9,TEMPO WORKLOAD,2025-07-07,6.0,TEM-24
6022a0ace7deee0069225fbd,TEMPO WORKLOAD,2025-07-07,0.5,TEM-36
5e0de9b99af3650e9e3ffc97,TEMPO WORKLOAD,2025-07-07,0.5,TEM-28
712020:6ad83a3e-a1e9-43e6-a0a2-7931a513de7f,TEMPO WORKLOAD,2025-07-07,3.0,TEM-17
6310a8954fbe9c4bd0edf82a,TEMPO WORKLOAD,2025-07-07,0.25,TEM-19
712020:34c5700f-f485-4468-b4d7-06a7a3e2942b,TEMPO WORKLOAD,2025-07-07,3.5,TEM-7
5c5857d6036b380b84dc8212,TEMPO WORKLOAD,2025-07-07,3.0,TEM-25
712020:76b2ab6b-f08d-4fef-9ced-52ff15fad7a0,TEMPO WORKLOAD,2025-07-07,0.3333333333333333,TEM-21
6310a8954fbe9c4bd0edf82a,TEMPO WORKLOAD,2025-07-07,7.25,TEM-19
6022a0ace7deee0069225fbd,TEMPO WORKLOAD,2025-07-07,0.5,TEM-14
712020:5912aa5b-0476-4091-834a-994381177d1a,TEMPO WORKLOAD,2025-07-07,0.25,TEM-18
5f45400afdc3f5003fee080b,TEMPO WORKLOAD,2025-07-07,2.0,TEM-14
5c8132a6e6e3160b9b6fd44d,TEMPO WORKLOAD,2025-07-07,1.25,TEM-13
63e1170728cddcc70773cbd6,TEMPO WORKLOAD,2025-07-07,0.5,TEM-14
5d6fae7bab129d0c306da857,TEMPO WORKLOAD,2025-07-07,1.0,TEM-13
70121:716f3beb-9b1e-4b9c-bb75-d5716c9878b0,TEMPO WORKLOAD,2025-07-07,2.0,TEM-17
5e0de9b99af3650e9e3ffc97,TEMPO WORKLOAD,2025-07-07,6.5,TEM-17
64076b2b4d5e4b44e233faf6,TEMPO WORKLOAD,2025-07-07,4.0,TEM-26
712020:3268e7ac-2411-4ef8-a85a-d619f040639c,TEMPO WORKLOAD,2025-07-07,2.5,TEM-36
5dea6ce9b95b180d17cfc7df,TEMPO WORKLOAD,2025-07-07,1.0,TEM-28
712020:76b2ab6b-f08d-4fef-9ced-52ff15fad7a0,TEMPO WORKLOAD,2025-07-07,7.0,TEM-21
636e3660c383ad842147234a,TEMPO WORKLOAD,2025-07-07,1.75,TEM-26
712020:5912aa5b-0476-4091-834a-994381177d1a,TEMPO WORKLOAD,2025-07-07,0.25,TEM-18
6324d3f3ce3e476e42ae2595,TEMPO WORKLOAD,2025-07-07,6.0,TEM-18
6022a0ace7deee0069225fbd,TEMPO WORKLOAD,2025-07-07,0.5,TEM-14
712020:5912aa5b-0476-4091-834a-994381177d1a,TEMPO WORKLOAD,2025-07-07,2.25,TEM-18
63e1170728cddcc70773cbd6,TEMPO WORKLOAD,2025-07-07,4.5,TEM-14
712020:1e3eed0c-846c-4ebd-bec7-51d04bbb59c0,TEMPO WORKLOAD,2025-07-07,0.5,TEM-30
6411cc617222b08f3e70f716,TEMPO WORKLOAD,2025-07-07,0.25,TEM-18
6310a896316bbc56c4249184,TEMPO WORKLOAD,2025-07-07,0.5,TEM-13
6411cc617222b08f3e70f716,TEMPO WORKLOAD,2025-07-07,5.0,TEM-18
6022a0ace7deee0069225fbd,TEMPO WORKLOAD,2025-07-07,0.5,TEM-13
5d6fae7bab129d0c306da857,TEMPO WORKLOAD,2025-07-07,0.5,TEM-13
6310a8963e578bb3b5feb9f3,TEMPO WORKLOAD,2025-07-07,0.5,TEM-13
712020:51261fb6-b689-4617-8eae-46a70a19df7c,TEMPO WORKLOAD,2025-07-07,6.0,TEM-9
6310a8976856bdd60a9eddae,TEMPO WORKLOAD,2025-07-07,2.0,TEM-14
712020:31918087-5a23-4883-b0d2-134f05828b32,TEMPO WORKLOAD,2025-07-07,0.5,TEM-14
712020:91b42101-19bb-498d-9942-8850a5540c96,TEMPO WORKLOAD,2025-07-07,3.0,TEM-17
712020:39d78a45-5732-4153-afaa-dc9227f4dfe3,TEMPO WORKLOAD,2025-07-07,2.0,TEM-8
6310a896316bbc56c4249184,TEMPO WORKLOAD,2025-07-07,0.5,TEM-13
5c8132a6e6e3160b9b6fd44d,TEMPO WORKLOAD,2025-07-07,1.0,TEM-13
6022a0ace7deee0069225fbd,TEMPO WORKLOAD,2025-07-07,1.0,TEM-13
5d6fae7bab129d0c306da857,TEMPO WORKLOAD,2025-07-07,1.25,TEM-13
6310a8963e578bb3b5feb9f3,TEMPO WORKLOAD,2025-07-07,1.0,TEM-13
70121:e997c5d5-1d6e-4973-80cb-28bfe7343a3f,TEMPO WORKLOAD,2025-07-07,0.25,TEM-28
712020:31918087-5a23-4883-b0d2-134f05828b32,TEMPO WORKLOAD,2025-07-07,3.5,TEM-14
6310a896316bbc56c4249184,TEMPO WORKLOAD,2025-07-07,1.25,TEM-13
5f45400afdc3f5003fee080b,TEMPO WORKLOAD,2025-07-07,1.5,TEM-14
5f4d8530d0884f00492507dd,TEMPO WORKLOAD,2025-07-07,2.0,TEM-26
5f03aab970b8a90025641824,TEMPO WORKLOAD,2025-07-07,0.25,TEM-26
712020:d6bab2e1-1616-4bfb-83a4-2be2aebf31ed,TEMPO WORKLOAD,2025-07-07,6.0,TEM-8
5dea6ce9b95b180d17cfc7df,TEMPO WORKLOAD,2025-07-07,0.25,TEM-28
636e3660c383ad842147234a,TEMPO WORKLOAD,2025-07-07,0.25,TEM-26
5f03aab970b8a90025641824,TEMPO WORKLOAD,2025-07-07,0.75,TEM-15
6022a0ace7deee0069225fbd,TEMPO WORKLOAD,2025-07-07,0.5,TEM-36
5c8132a6e6e3160b9b6fd44d,TEMPO WORKLOAD,2025-07-07,1.0,TEM-13
6310a8963e578bb3b5feb9f3,TEMPO WORKLOAD,2025-07-07,1.0,TEM-13
712020:3268e7ac-2411-4ef8-a85a-d619f040639c,TEMPO WORKLOAD,2025-07-07,0.5,TEM-36
636e3660c383ad842147234a,TEMPO WORKLOAD,2025-07-07,2.0,TEM-26
712020:5912aa5b-0476-4091-834a-994381177d1a,TEMPO WORKLOAD,2025-07-07,0.25,TEM-18
5d6fae7bab129d0c306da857,TEMPO WORKLOAD,2025-07-07,4.25,TEM-13
712020:5912aa5b-0476-4091-834a-994381177d1a,TEMPO WORKLOAD,2025-07-07,0.25,TEM-18
6310a896316bbc56c4249184,TEMPO WORKLOAD,2025-07-07,1.0,TEM-13
6310a8976856bdd60a9eddae,TEMPO WORKLOAD,2025-07-07,1.0,TEM-14
712020:39d78a45-5732-4153-afaa-dc9227f4dfe3,TEMPO WORKLOAD,2025-07-07,3.0,TEM-9
712020:a3240ec7-ccb7-4e31-81ed-5338bd11acc2,TEMPO WORKLOAD,2025-07-07,4.0,TEM-8
712020:5912aa5b-0476-4091-834a-994381177d1a,TEMPO WORKLOAD,2025-07-07,1.25,TEM-18
5f45400afdc3f5003fee080b,TEMPO WORKLOAD,2025-07-07,1.5,TEM-14
6310a8963e578bb3b5feb9f3,TEMPO WORKLOAD,2025-07-07,1.0,TEM-13
5c8132a6e6e3160b9b6fd44d,TEMPO WORKLOAD,2025-07-07,1.0,TEM-13
70121:716f3beb-9b1e-4b9c-bb75-d5716c9878b0,TEMPO WORKLOAD,2025-07-07,1.0,TEM-17
6022a0ace7deee0069225fbd,TEMPO WORKLOAD,2025-07-07,1.0,TEM-6
712020:a7ee73c4-a6b3-4a8b-b22b-97aa3edf3ff7,TEMPO WORKLOAD,2025-07-07,4.0,TEM-8
6310a8976856bdd60a9eddae,TEMPO WORKLOAD,2025-07-07,0.5,TEM-14
712020:34c5700f-f485-4468-b4d7-06a7a3e2942b,TEMPO WORKLOAD,2025-07-07,3.0,TEM-7
712020:3268e7ac-2411-4ef8-a85a-d619f040639c,TEMPO WORKLOAD,2025-07-07,4.0,TEM-36
712020:5ee2f3fa-371b-4e6b-b912-594fc836bd92,TEMPO WORKLOAD,2025-07-07,4.0,TEM-30
5dea6ce9b95b180d17cfc7df,TEMPO WORKLOAD,2025-07-07,1.0,TEM-15
712020:91b42101-19bb-498d-9942-8850a5540c96,TEMPO WORKLOAD,2025-07-07,0.5,TEM-28
6310a896316bbc56c4249184,TEMPO WORKLOAD,2025-07-07,1.0,TEM-13
6310a8963e578bb3b5feb9f3,TEMPO WORKLOAD,2025-07-07,1.0,TEM-13
712020:5912aa5b-0476-4091-834a-994381177d1a,TEMPO WORKLOAD,2025-07-07,0.5,TEM-18
6310a8976856bdd60a9eddae,TEMPO WORKLOAD,2025-07-07,0.5,TEM-14
712020:91b42101-19bb-498d-9942-8850a5540c96,TEMPO WORKLOAD,2025-07-07,1.0,TEM-17
63e1170728cddcc70773cbd6,TEMPO WORKLOAD,2025-07-07,1.5,TEM-14
5c8132a6e6e3160b9b6fd44d,TEMPO WORKLOAD,2025-07-07,1.0,TEM-13
5f45400afdc3f5003fee080b,TEMPO WORKLOAD,2025-07-07,0.5,TEM-14
6310a896316bbc56c4249184,TEMPO WORKLOAD,2025-07-07,1.0,TEM-13
6310a8963e578bb3b5feb9f3,TEMPO WORKLOAD,2025-07-07,0.5,TEM-13
5f45400afdc3f5003fee080b,TEMPO WORKLOAD,2025-07-07,0.5,TEM-14
5dea6ce9b95b180d17cfc7df,TEMPO WORKLOAD,2025-07-07,0.5,TEM-15
6022a0ace7deee0069225fbd,TEMPO WORKLOAD,2025-07-07,0.25,TEM-13
6310a8963e578bb3b5feb9f3,TEMPO WORKLOAD,2025-07-07,1.0,TEM-13
70121:716f3beb-9b1e-4b9c-bb75-d5716c9878b0,TEMPO WORKLOAD,2025-07-07,0.25,TEM-17
6022a0ace7deee0069225fbd,TEMPO WORKLOAD,2025-07-07,0.25,TEM-14
70121:716f3beb-9b1e-4b9c-bb75-d5716c9878b0,TEMPO WORKLOAD,2025-07-07,1.0,TEM-17
6310a896316bbc56c4249184,TEMPO WORKLOAD,2025-07-07,1.0,TEM-13
6022a0ace7deee0069225fbd,TEMPO WORKLOAD,2025-07-07,0.5,TEM-13
712020:91b42101-19bb-498d-9942-8850a5540c96,TEMPO WORKLOAD,2025-07-07,0.5,TEM-25
6022a0ace7deee0069225fbd,TEMPO WORKLOAD,2025-07-07,0.5,TEM-14
5d6fae7bab129d0c306da857,TEMPO WORKLOAD,2025-07-07,1.0,TEM-13
712020:76b2ab6b-f08d-4fef-9ced-52ff15fad7a0,TEMPO WORKLOAD,2025-07-07,2.0,TEM-27
712020:1e3eed0c-846c-4ebd-bec7-51d04bbb59c0,TEMPO WORKLOAD,2025-07-07,3.5,TEM-30
6022a0ace7deee0069225fbd,TEMPO WORKLOAD,2025-07-07,0.5,TEM-13
6310a896316bbc56c4249184,TEMPO WORKLOAD,2025-07-07,1.0,TEM-13
712020:05c80f08-99ab-4608-9ac1-8c3c43fbef01,TEMPO WORKLOAD,2025-07-08,0.25,TEM-25
712020:05c80f08-99ab-4608-9ac1-8c3c43fbef01,TEMPO WORKLOAD,2025-07-08,6.0,TEM-17
712020:1e3eed0c-846c-4ebd-bec7-51d04bbb59c0,TEMPO WORKLOAD,2025-07-08,2.5,TEM-30
6324d3f3ce3e476e42ae2595,TEMPO WORKLOAD,2025-07-08,2.0,TEM-18
5dbc42d12757660db6144b56,TEMPO WORKLOAD,2025-07-08,8.0,TEM-2
6411cc617222b08f3e70f716,TEMPO WORKLOAD,2025-07-08,1.25,TEM-18
70121:e997c5d5-1d6e-4973-80cb-28bfe7343a3f,TEMPO WORKLOAD,2025-07-08,1.5,TEM-15
5c8132a6e6e3160b9b6fd44d,TEMPO WORKLOAD,2025-07-08,0.5,TEM-13
6310a8963e578bb3b5feb9f3,TEMPO WORKLOAD,2025-07-08,0.5,TEM-13
712020:6ad83a3e-a1e9-43e6-a0a2-7931a513de7f,TEMPO WORKLOAD,2025-07-08,0.5,TEM-17
5eb2e91b96bbcb0b857bfa58,TEMPO WORKLOAD,2025-07-08,0.5,TEM-14
712020:db40572b-4fd3-49a2-b4c1-620d9be82a65,TEMPO WORKLOAD,2025-07-08,8.0,TEM-9
557058:c310fa79-8a55-492f-a2fe-6e69a7d7c4eb,TEMPO WORKLOAD,2025-07-08,6.0,TEM-19
712020:02ccfc0c-5c0f-4e48-8f91-fb3bb584a2dc,TEMPO WORKLOAD,2025-07-08,4.0,TEM-7
6310a896316bbc56c4249184,TEMPO WORKLOAD,2025-07-08,0.5,TEM-13
6310a8976856bdd60a9eddae,TEMPO WORKLOAD,2025-07-08,0.5,TEM-14
5f45400afdc3f5003fee080b,TEMPO WORKLOAD,2025-07-08,0.5,TEM-14
613fb43fe6c39d00721944a0,TEMPO WORKLOAD,2025-07-08,2.0,TEM-14
712020:98295f35-86b1-4d23-a51b-30dbe7170d11,TEMPO WORKLOAD,2025-07-08,6.0,TEM-7
6310a8976856bdd60a9eddae,TEMPO WORKLOAD,2025-07-08,2.0,TEM-14
5e751b85fad9000c325d9aae,TEMPO WORKLOAD,2025-07-08,3.0,TEM-1
712020:f5cdecd9-64db-4d5e-b4a2-c8f4b7201212,TEMPO WORKLOAD,2025-07-08,8.0,TEM-7
613fb383e057c6006a1ccade,TEMPO WORKLOAD,2025-07-08,8.0,TEM-2
62e433730b4bf7ad924bcbe5,TEMPO WORKLOAD,2025-07-08,8.0,TEM-7
712020:31918087-5a23-4883-b0d2-134f05828b32,TEMPO WORKLOAD,2025-07-08,0.5,TEM-14
62fbddc8bb0704a2a808bd57,TEMPO WORKLOAD,2025-07-08,8.0,TEM-5
712020:f50b1e80-f1ef-440b-b954-716fbfdbc927,TEMPO WORKLOAD,2025-07-08,8.0,TEM-2
712020:91b42101-19bb-498d-9942-8850a5540c96,TEMPO WORKLOAD,2025-07-08,6.0,TEM-25
712020:39d78a45-5732-4153-afaa-dc9227f4dfe3,TEMPO WORKLOAD,2025-07-08,3.0,TEM-7
607829da95f6fc006aab9e92,TEMPO WORKLOAD,2025-07-08,0.25,TEM-19
5c5857d6036b380b84dc8212,TEMPO WORKLOAD,2025-07-08,0.5,TEM-25
6356e77976b91b62562d4fea,TEMPO WORKLOAD,2025-07-08,4.0,TEM-26
61e572d77ae0dc006a8b4e9b,TEMPO WORKLOAD,2025-07-08,8.0,TEM-26
712020:d26e58e6-874b-4243-ac4e-1d4cb867a542,TEMPO WORKLOAD,2025-07-08,8.0,TEM-8
712020:ab3c5ef0-a515-47fc-9cdd-3b5d0c219224,TEMPO WORKLOAD,2025-07-08,8.0,TEM-9
712020:05c80f08-99ab-4608-9ac1-8c3c43fbef01,TEMPO WORKLOAD,2025-07-08,2.0,TEM-17
557058:b0ab43f7-2329-4796-9a63-2abcf978b413,TEMPO WORKLOAD,2025-07-08,1.0,TEM-26
607829da95f6fc006aab9e92,TEMPO WORKLOAD,2025-07-08,7.75,TEM-19
6310a896316bbc56c4249184,TEMPO WORKLOAD,2025-07-08,0.5,TEM-13
6022a0ace7deee0069225fbd,TEMPO WORKLOAD,2025-07-08,0.5,TEM-14
712020:6ad83a3e-a1e9-43e6-a0a2-7931a513de7f,TEMPO WORKLOAD,2025-07-08,0.5,TEM-17
6310a8963e578bb3b5feb9f3,TEMPO WORKLOAD,2025-07-08,3.0,TEM-13
5eb2e91b96bbcb0b857bfa58,TEMPO WORKLOAD,2025-07-08,4.25,TEM-14
5f45400afdc3f5003fee080b,TEMPO WORKLOAD,2025-07-08,4.5,TEM-14
6310a8976856bdd60a9eddae,TEMPO WORKLOAD,2025-07-08,0.75,TEM-14
5c8132a6e6e3160b9b6fd44d,TEMPO WORKLOAD,2025-07-08,1.0,TEM-13
712020:31918087-5a23-4883-b0d2-134f05828b32,TEMPO WORKLOAD,2025-07-08,3.0,TEM-14
5c5857d6036b380b84dc8212,TEMPO WORKLOAD,2025-07-08,0.5,TEM-25
61ddc1dcf3037f0069656c13,TEMPO WORKLOAD,2025-07-08,5.0,TEM-24
61ddc1dcf3037f0069656c13,TEMPO WORKLOAD,2025-07-08,0.25,TEM-24
61ddc1dcf3037f0069656c13,TEMPO WORKLOAD,2025-07-08,0.75,TEM-24
712020:34c5700f-f485-4468-b4d7-06a7a3e2942b,TEMPO WORKLOAD,2025-07-08,4.0,TEM-7
5d6fae7bab129d0c306da857,TEMPO WORKLOAD,2025-07-08,1.0,TEM-13
6022a0ace7deee0069225fbd,TEMPO WORKLOAD,2025-07-08,0.5,TEM-36
62fbd97aeec8d4a478d41a3b,TEMPO WORKLOAD,2025-07-08,1.5,TEM-26
712020:c2d6f64b-7c18-4b58-9189-57c8823f4f64,TEMPO WORKLOAD,2025-07-08,8.0,TEM-5
6310a8954fbe9c4bd0edf82a,TEMPO WORKLOAD,2025-07-08,0.5,TEM-19
6310a896316bbc56c4249184,TEMPO WORKLOAD,2025-07-08,0.25,TEM-10
6310a898316bbc56c4249187,TEMPO WORKLOAD,2025-07-08,5.0,TEM-21
637d1ac0f48fbd9b62d50fc3,TEMPO WORKLOAD,2025-07-08,8.0,TEM-8
5f03aab970b8a90025641824,TEMPO WORKLOAD,2025-07-08,3.0,TEM-15
712020:f518f4e7-7314-45a9-a3ef-723ad3fd6d7f,TEMPO WORKLOAD,2025-07-08,6.75,TEM-7
5e0de9b99af3650e9e3ffc97,TEMPO WORKLOAD,2025-07-08,0.5,TEM-28
712020:3268e7ac-2411-4ef8-a85a-d619f040639c,TEMPO WORKLOAD,2025-07-08,0.5,TEM-36
712020:5ee2f3fa-371b-4e6b-b912-594fc836bd92,TEMPO WORKLOAD,2025-07-08,4.0,TEM-30
712020:6c5881b3-26a9-4223-a18b-14414e7b9d3a,TEMPO WORKLOAD,2025-07-08,8.0,TEM-7
712020:c24d4628-d885-44d1-8ec8-dd76d416436a,TEMPO WORKLOAD,2025-07-08,4.0,TEM-26
712020:f71fff89-9283-4b8c-afc6-a4ccda67573c,TEMPO WORKLOAD,2025-07-08,8.0,TEM-7
712020:5912aa5b-0476-4091-834a-994381177d1a,TEMPO WORKLOAD,2025-07-08,1.0,TEM-1
712020:448afbe2-d875-40e8-9541-835a59cdf0a7,TEMPO WORKLOAD,2025-07-08,8.0,TEM-7
712020:11e8ce5a-06a7-43cf-9c5a-858eed6f0a07,TEMPO WORKLOAD,2025-07-08,8.0,TEM-5
712020:76b2ab6b-f08d-4fef-9ced-52ff15fad7a0,TEMPO WORKLOAD,2025-07-08,0.5,TEM-21
712020:a7ee73c4-a6b3-4a8b-b22b-97aa3edf3ff7,TEMPO WORKLOAD,2025-07-08,4.0,TEM-8
5c5857d6036b380b84dc8212,TEMPO WORKLOAD,2025-07-08,5.0,TEM-25
712020:d8a16146-bc5b-4c61-9c5d-af3eaddace2b,TEMPO WORKLOAD,2025-07-08,8.0,TEM-5
712020:a3240ec7-ccb7-4e31-81ed-5338bd11acc2,TEMPO WORKLOAD,2025-07-08,4.0,TEM-8
712020:6ad83a3e-a1e9-43e6-a0a2-7931a513de7f,TEMPO WORKLOAD,2025-07-08,0.5,TEM-25
6411cc617222b08f3e70f716,TEMPO WORKLOAD,2025-07-08,0.25,TEM-18
6310a896316bbc56c4249184,TEMPO WORKLOAD,2025-07-08,1.0,TEM-13
557058:b0ab43f7-2329-4796-9a63-2abcf978b413,TEMPO WORKLOAD,2025-07-08,0.3333333333333333,TEM-26
6411cc617222b08f3e70f716,TEMPO WORKLOAD,2025-07-08,6.5,TEM-18
6324d3f3ce3e476e42ae2595,TEMPO WORKLOAD,2025-07-08,0.5,TEM-18
6022a0ace7deee0069225fbd,TEMPO WORKLOAD,2025-07-08,0.5,TEM-28
70121:e997c5d5-1d6e-4973-80cb-28bfe7343a3f,TEMPO WORKLOAD,2025-07-08,0.5,TEM-28
712020:6ad83a3e-a1e9-43e6-a0a2-7931a513de7f,TEMPO WORKLOAD,2025-07-08,1.0,TEM-17
6310a8954fbe9c4bd0edf82a,TEMPO WORKLOAD,2025-07-08,0.25,TEM-19
5c8132a6e6e3160b9b6fd44d,TEMPO WORKLOAD,2025-07-08,1.0,TEM-13
5e0de9b99af3650e9e3ffc97,TEMPO WORKLOAD,2025-07-08,2.5,TEM-17
712020:3268e7ac-2411-4ef8-a85a-d619f040639c,TEMPO WORKLOAD,2025-07-08,1.5,TEM-36
712020:76b2ab6b-f08d-4fef-9ced-52ff15fad7a0,TEMPO WORKLOAD,2025-07-08,0.4666666666666667,TEM-21
6310a8954fbe9c4bd0edf82a,TEMPO WORKLOAD,2025-07-08,7.25,TEM-19
712020:76b2ab6b-f08d-4fef-9ced-52ff15fad7a0,TEMPO WORKLOAD,2025-07-08,3.5,TEM-21
6324d3f3ce3e476e42ae2595,TEMPO WORKLOAD,2025-07-08,2.0,TEM-18
6022a0ace7deee0069225fbd,TEMPO WORKLOAD,2025-07-08,0.5,TEM-28
70121:e997c5d5-1d6e-4973-80cb-28bfe7343a3f,TEMPO WORKLOAD,2025-07-08,0.25,TEM-27
613fb43fe6c39d00721944a0,TEMPO WORKLOAD,2025-07-08,2.0,TEM-13
557058:b0ab43f7-2329-4796-9a63-2abcf978b413,TEMPO WORKLOAD,2025-07-08,1.5,TEM-26
6310a8976856bdd60a9eddae,TEMPO WORKLOAD,2025-07-08,0.75,TEM-14
5d6fae7bab129d0c306da857,TEMPO WORKLOAD,2025-07-08,0.5,TEM-13
64076b2b4d5e4b44e233faf6,TEMPO WORKLOAD,2025-07-08,4.0,TEM-26
63e1170728cddcc70773cbd6,TEMPO WORKLOAD,2025-07-08,1.0,TEM-14
712020:5912aa5b-0476-4091-834a-994381177d1a,TEMPO WORKLOAD,2025-07-08,1.0,TEM-18
636e3660c383ad842147234a,TEMPO WORKLOAD,2025-07-08,2.0,TEM-26
6310a896316bbc56c4249184,TEMPO WORKLOAD,2025-07-08,1.0,TEM-13
6022a0ace7deee0069225fbd,TEMPO WORKLOAD,2025-07-08,0.5,TEM-14
5d6fae7bab129d0c306da857,TEMPO WORKLOAD,2025-07-08,1.5,TEM-13
70121:716f3beb-9b1e-4b9c-bb75-d5716c9878b0,TEMPO WORKLOAD,2025-07-08,1.0,TEM-17
62fbd97aeec8d4a478d41a3b,TEMPO WORKLOAD,2025-07-08,6.5,TEM-17
712020:1e3eed0c-846c-4ebd-bec7-51d04bbb59c0,TEMPO WORKLOAD,2025-07-08,0.5,TEM-30
6310a8976856bdd60a9eddae,TEMPO WORKLOAD,2025-07-08,4.0,TEM-14
5c8132a6e6e3160b9b6fd44d,TEMPO WORKLOAD,2025-07-08,0.75,TEM-13
63e1170728cddcc70773cbd6,TEMPO WORKLOAD,2025-07-08,7.0,TEM-14
6022a0ace7deee0069225fbd,TEMPO WORKLOAD,2025-07-08,0.5,TEM-14
712020:5912aa5b-0476-4091-834a-994381177d1a,TEMPO WORKLOAD,2025-07-08,0.25,TEM-18
712020:51261fb6-b689-4617-8eae-46a70a19df7c,TEMPO WORKLOAD,2025-07-08,6.0,TEM-9
5e751b85fad9000c325d9aae,TEMPO WORKLOAD,2025-07-08,5.0,TEM-8
712020:3268e7ac-2411-4ef8-a85a-d619f040639c,TEMPO WORKLOAD,2025-07-08,1.5,TEM-36
712020:39d78a45-5732-4153-afaa-dc9227f4dfe3,TEMPO WORKLOAD,2025-07-08,2.0,TEM-8
6310a896316bbc56c4249184,TEMPO WORKLOAD,2025-07-08,0.75,TEM-13
70121:716f3beb-9b1e-4b9c-bb75-d5716c9878b0,TEMPO WORKLOAD,2025-07-08,2.0,TEM-17
712020:5912aa5b-0476-4091-834a-994381177d1a,TEMPO WORKLOAD,2025-07-08,0.75,TEM-18
6022a0ace7deee0069225fbd,TEMPO WORKLOAD,2025-07-08,0.5,TEM-13
6310a8963e578bb3b5feb9f3,TEMPO WORKLOAD,2025-07-08,0.5,TEM-13
712020:31918087-5a23-4883-b0d2-134f05828b32,TEMPO WORKLOAD,2025-07-08,2.0,TEM-14
5c8132a6e6e3160b9b6fd44d,TEMPO WORKLOAD,2025-07-08,1.0,TEM-13
6022a0ace7deee0069225fbd,TEMPO WORKLOAD,2025-07-08,0.5,TEM-14
6310a8963e578bb3b5feb9f3,TEMPO WORKLOAD,2025-07-08,4.0,TEM-13
6324d3f3ce3e476e42ae2595,TEMPO WORKLOAD,2025-07-08,3.0,TEM-18
5d6fae7bab129d0c306da857,TEMPO WORKLOAD,2025-07-08,0.5,TEM-13
613fb43fe6c39d00721944a0,TEMPO WORKLOAD,2025-07-08,1.0,TEM-13
712020:02ccfc0c-5c0f-4e48-8f91-fb3bb584a2dc,TEMPO WORKLOAD,2025-07-08,4.0,TEM-9
6310a896316bbc56c4249184,TEMPO WORKLOAD,2025-07-08,0.5,TEM-13
5f4d8530d0884f00492507dd,TEMPO WORKLOAD,2025-07-08,2.0,TEM-26
5f03aab970b8a90025641824,TEMPO WORKLOAD,2025-07-08,0.25,TEM-26
712020:d6bab2e1-1616-4bfb-83a4-2be2aebf31ed,TEMPO WORKLOAD,2025-07-08,6.0,TEM-8
5e0de9b99af3650e9e3ffc97,TEMPO WORKLOAD,2025-07-08,4.0,TEM-17
712020:5912aa5b-0476-4091-834a-994381177d1a,TEMPO WORKLOAD,2025-07-08,1.0,TEM-18
5dea6ce9b95b180d17cfc7df,TEMPO WORKLOAD,2025-07-08,1.0,TEM-28
636e3660c383ad842147234a,TEMPO WORKLOAD,2025-07-08,0.25,TEM-26
5f03aab970b8a90025641824,TEMPO WORKLOAD,2025-07-08,0.75,TEM-15
636e3660c383ad842147234a,TEMPO WORKLOAD,2025-07-08,1.75,TEM-26
6022a0ace7deee0069225fbd,TEMPO WORKLOAD,2025-07-08,0.5,TEM-13
6310a896316bbc56c4249184,TEMPO WORKLOAD,2025-07-08,1.0,TEM-13
5d6fae7bab129d0c306da857,TEMPO WORKLOAD,2025-07-08,4.0,TEM-13
5eb2e91b96bbcb0b857bfa58,TEMPO WORKLOAD,2025-07-08,2.5,TEM-14
5c8132a6e6e3160b9b6fd44d,TEMPO WORKLOAD,2025-07-08,1.5,TEM-13
712020:a3240ec7-ccb7-4e31-81ed-5338bd11acc2,TEMPO WORKLOAD,2025-07-08,4.0,TEM-8
6022a0ace7deee0069225fbd,TEMPO WORKLOAD,2025-07-08,0.5,TEM-28
613fb43fe6c39d00721944a0,TEMPO WORKLOAD,2025-07-08,3.0,TEM-36
5f45400afdc3f5003fee080b,TEMPO WORKLOAD,2025-07-08,0.75,TEM-14
712020:5912aa5b-0476-4091-834a-994381177d1a,TEMPO WORKLOAD,2025-07-08,1.5,TEM-18
712020:39d78a45-5732-4153-afaa-dc9227f4dfe3,TEMPO WORKLOAD,2025-07-08,3.0,TEM-9
5dea6ce9b95b180d17cfc7df,TEMPO WORKLOAD,2025-07-08,0.75,TEM-28
712020:76b2ab6b-f08d-4fef-9ced-52ff15fad7a0,TEMPO WORKLOAD,2025-07-08,3.533333333333333,TEM-21
6310a896316bbc56c4249184,TEMPO WORKLOAD,2025-07-08,1.5,TEM-13
70121:716f3beb-9b1e-4b9c-bb75-d5716c9878b0,TEMPO WORKLOAD,2025-07-08,1.0,TEM-17
712020:3268e7ac-2411-4ef8-a85a-d619f040639c,TEMPO WORKLOAD,2025-07-08,4.5,TEM-36
5f45400afdc3f5003fee080b,TEMPO WORKLOAD,2025-07-08,0.75,TEM-14
712020:34c5700f-f485-4468-b4d7-06a7a3e2942b,TEMPO WORKLOAD,2025-07-08,3.5,TEM-7
712020:5ee2f3fa-371b-4e6b-b912-594fc836bd92,TEMPO WORKLOAD,2025-07-08,4.0,TEM-30
712020:a7ee73c4-a6b3-4a8b-b22b-97aa3edf3ff7,TEMPO WORKLOAD,2025-07-08,4.0,TEM-8
5dea6ce9b95b180d17cfc7df,TEMPO WORKLOAD,2025-07-08,1.0,TEM-28
712020:91b42101-19bb-498d-9942-8850a5540c96,TEMPO WORKLOAD,2025-07-08,0.5,TEM-28
5f45400afdc3f5003fee080b,TEMPO WORKLOAD,2025-07-08,1.5,TEM-14
712020:5912aa5b-0476-4091-834a-994381177d1a,TEMPO WORKLOAD,2025-07-08,0.5,TEM-18
5c8132a6e6e3160b9b6fd44d,TEMPO WORKLOAD,2025-07-08,0.5,TEM-13
712020:91b42101-19bb-498d-9942-8850a5540c96,TEMPO WORKLOAD,2025-07-08,1.5,TEM-25
5dea6ce9b95b180d17cfc7df,TEMPO WORKLOAD,2025-07-08,0.5,TEM-43
6310a896316bbc56c4249184,TEMPO WORKLOAD,2025-07-08,0.5,TEM-13
5e0de9b99af3650e9e3ffc97,TEMPO WORKLOAD,2025-07-08,0.5,TEM-17
5d6fae7bab129d0c306da857,TEMPO WORKLOAD,2025-07-08,0.5,TEM-13
6310a896316bbc56c4249184,TEMPO WORKLOAD,2025-07-08,0.5,TEM-13
6324d3f3ce3e476e42ae2595,TEMPO WORKLOAD,2025-07-08,0.5,TEM-6
712020:76b2ab6b-f08d-4fef-9ced-52ff15fad7a0,TEMPO WORKLOAD,2025-07-08,2.0,TEM-27
712020:1e3eed0c-846c-4ebd-bec7-51d04bbb59c0,TEMPO WORKLOAD,2025-07-08,2.0,TEM-30
5dbc42d12757660db6144b56,TEMPO WORKLOAD,2025-07-09,8.0,TEM-2
712020:f5cdecd9-64db-4d5e-b4a2-c8f4b7201212,TEMPO WORKLOAD,2025-07-09,8.0,TEM-7
712020:6c5881b3-26a9-4223-a18b-14414e7b9d3a,TEMPO WORKLOAD,2025-07-09,8.0,TEM-7
712020:f518f4e7-7314-45a9-a3ef-723ad3fd6d7f,TEMPO WORKLOAD,2025-07-09,3.0,TEM-7
712020:34c5700f-f485-4468-b4d7-06a7a3e2942b,TEMPO WORKLOAD,2025-07-09,4.0,TEM-7
712020:1e3eed0c-846c-4ebd-bec7-51d04bbb59c0,TEMPO WORKLOAD,2025-07-09,5.0,TEM-30
712020:05c80f08-99ab-4608-9ac1-8c3c43fbef01,TEMPO WORKLOAD,2025-07-10,0.25,TEM-25
712020:05c80f08-99ab-4608-9ac1-8c3c43fbef01,TEMPO WORKLOAD,2025-07-10,8.0,TEM-17
712020:1e3eed0c-846c-4ebd-bec7-51d04bbb59c0,TEMPO WORKLOAD,2025-07-10,2.5,TEM-30
5dbc42d12757660db6144b56,TEMPO WORKLOAD,2025-07-10,8.0,TEM-2
557058:b0ab43f7-2329-4796-9a63-2abcf978b413,TEMPO WORKLOAD,2025-07-10,1.0,TEM-15
70121:e997c5d5-1d6e-4973-80cb-28bfe7343a3f,TEMPO WORKLOAD,2025-07-10,1.0,TEM-28
6411cc617222b08f3e70f716,TEMPO WORKLOAD,2025-07-10,0.75,TEM-18
5c8132a6e6e3160b9b6fd44d,TEMPO WORKLOAD,2025-07-10,0.5,TEM-13
712020:6ad83a3e-a1e9-43e6-a0a2-7931a513de7f,TEMPO WORKLOAD,2025-07-10,1.0,TEM-17
712020:db40572b-4fd3-49a2-b4c1-620d9be82a65,TEMPO WORKLOAD,2025-07-10,8.0,TEM-9
6310a896316bbc56c4249184,TEMPO WORKLOAD,2025-07-10,0.5,TEM-13
613fb43fe6c39d00721944a0,TEMPO WORKLOAD,2025-07-10,2.0,TEM-14
712020:98295f35-86b1-4d23-a51b-30dbe7170d11,TEMPO WORKLOAD,2025-07-10,6.0,TEM-7
5f45400afdc3f5003fee080b,TEMPO WORKLOAD,2025-07-10,0.5,TEM-14
6310a8976856bdd60a9eddae,TEMPO WORKLOAD,2025-07-10,0.5,TEM-14
5e751b85fad9000c325d9aae,TEMPO WORKLOAD,2025-07-10,8.5,TEM-8
712020:f5cdecd9-64db-4d5e-b4a2-c8f4b7201212,TEMPO WORKLOAD,2025-07-10,8.0,TEM-7
6310a8963e578bb3b5feb9f3,TEMPO WORKLOAD,2025-07-10,0.5,TEM-13
613fb383e057c6006a1ccade,TEMPO WORKLOAD,2025-07-10,8.0,TEM-2
62e433730b4bf7ad924bcbe5,TEMPO WORKLOAD,2025-07-10,8.0,TEM-7
712020:31918087-5a23-4883-b0d2-134f05828b32,TEMPO WORKLOAD,2025-07-10,0.75,TEM-14
62fbddc8bb0704a2a808bd57,TEMPO WORKLOAD,2025-07-10,8.0,TEM-5
712020:f50b1e80-f1ef-440b-b954-716fbfdbc927,TEMPO WORKLOAD,2025-07-10,8.0,TEM-2
712020:91b42101-19bb-498d-9942-8850a5540c96,TEMPO WORKLOAD,2025-07-10,2.0,TEM-25
712020:02ccfc0c-5c0f-4e48-8f91-fb3bb584a2dc,TEMPO WORKLOAD,2025-07-10,8.0,TEM-9
712020:39d78a45-5732-4153-afaa-dc9227f4dfe3,TEMPO WORKLOAD,2025-07-10,3.0,TEM-7
607829da95f6fc006aab9e92,TEMPO WORKLOAD,2025-07-10,0.25,TEM-19
5c5857d6036b380b84dc8212,TEMPO WORKLOAD,2025-07-10,0.5,TEM-25
557058:c310fa79-8a55-492f-a2fe-6e69a7d7c4eb,TEMPO WORKLOAD,2025-07-10,8.0,TEM-19
6356e77976b91b62562d4fea,TEMPO WORKLOAD,2025-07-10,4.0,TEM-26
61e572d77ae0dc006a8b4e9b,TEMPO WORKLOAD,2025-07-10,8.0,TEM-26
712020:d26e58e6-874b-4243-ac4e-1d4cb867a542,TEMPO WORKLOAD,2025-07-10,8.0,TEM-8
712020:ab3c5ef0-a515-47fc-9cdd-3b5d0c219224,TEMPO WORKLOAD,2025-07-10,8.0,TEM-9
607829da95f6fc006aab9e92,TEMPO WORKLOAD,2025-07-10,5.75,TEM-19
636e3660c383ad842147234a,TEMPO WORKLOAD,2025-07-10,3.75,TEM-15
6310a896316bbc56c4249184,TEMPO WORKLOAD,2025-07-10,0.25,TEM-10
5f45400afdc3f5003fee080b,TEMPO WORKLOAD,2025-07-10,0.5,TEM-14
6310a8976856bdd60a9eddae,TEMPO WORKLOAD,2025-07-10,0.5,TEM-14
5eb2e91b96bbcb0b857bfa58,TEMPO WORKLOAD,2025-07-10,6.5,TEM-14
6310a8963e578bb3b5feb9f3,TEMPO WORKLOAD,2025-07-10,2.5,TEM-13
5dea6ce9b95b180d17cfc7df,TEMPO WORKLOAD,2025-07-10,1.0,TEM-28
5c5857d6036b380b84dc8212,TEMPO WORKLOAD,2025-07-10,0.5,TEM-25
6310a896316bbc56c4249184,TEMPO WORKLOAD,2025-07-10,0.5,TEM-13
6411cc617222b08f3e70f716,TEMPO WORKLOAD,2025-07-10,1.0,TEM-18
712020:31918087-5a23-4883-b0d2-134f05828b32,TEMPO WORKLOAD,2025-07-10,1.0,TEM-14
61ddc1dcf3037f0069656c13,TEMPO WORKLOAD,2025-07-10,1.5,TEM-24
61ddc1dcf3037f0069656c13,TEMPO WORKLOAD,2025-07-10,1.0,TEM-24
61ddc1dcf3037f0069656c13,TEMPO WORKLOAD,2025-07-10,2.0,TEM-24
61ddc1dcf3037f0069656c13,TEMPO WORKLOAD,2025-07-10,1.0,TEM-24
61ddc1dcf3037f0069656c13,TEMPO WORKLOAD,2025-07-10,1.0,TEM-24
5d6fae7bab129d0c306da857,TEMPO WORKLOAD,2025-07-10,0.5,TEM-13
70121:e997c5d5-1d6e-4973-80cb-28bfe7343a3f,TEMPO WORKLOAD,2025-07-10,0.5,TEM-15
6310a8954fbe9c4bd0edf82a,TEMPO WORKLOAD,2025-07-10,0.5,TEM-19
637d1ac0f48fbd9b62d50fc3,TEMPO WORKLOAD,2025-07-10,8.0,TEM-8
5f45400afdc3f5003fee080b,TEMPO WORKLOAD,2025-07-10,0.5,TEM-14
62fbd97aeec8d4a478d41a3b,TEMPO WORKLOAD,2025-07-10,1.0,TEM-18
5f03aab970b8a90025641824,TEMPO WORKLOAD,2025-07-10,3.0,TEM-15
5c8132a6e6e3160b9b6fd44d,TEMPO WORKLOAD,2025-07-10,0.5,TEM-13
712020:f518f4e7-7314-45a9-a3ef-723ad3fd6d7f,TEMPO WORKLOAD,2025-07-10,6.5,TEM-7
712020:34c5700f-f485-4468-b4d7-06a7a3e2942b,TEMPO WORKLOAD,2025-07-10,4.0,TEM-7
5e0de9b99af3650e9e3ffc97,TEMPO WORKLOAD,2025-07-10,0.5,TEM-28
712020:c2d6f64b-7c18-4b58-9189-57c8823f4f64,TEMPO WORKLOAD,2025-07-10,8.0,TEM-5
712020:3268e7ac-2411-4ef8-a85a-d619f040639c,TEMPO WORKLOAD,2025-07-10,5.0,TEM-36
712020:5ee2f3fa-371b-4e6b-b912-594fc836bd92,TEMPO WORKLOAD,2025-07-10,4.0,TEM-30
712020:6c5881b3-26a9-4223-a18b-14414e7b9d3a,TEMPO WORKLOAD,2025-07-10,8.0,TEM-7
712020:c24d4628-d885-44d1-8ec8-dd76d416436a,TEMPO WORKLOAD,2025-07-10,4.0,TEM-26
712020:f71fff89-9283-4b8c-afc6-a4ccda67573c,TEMPO WORKLOAD,2025-07-10,8.0,TEM-7
712020:11e8ce5a-06a7-43cf-9c5a-858eed6f0a07,TEMPO WORKLOAD,2025-07-10,8.0,TEM-5
6310a898316bbc56c4249187,TEMPO WORKLOAD,2025-07-10,4.0,TEM-21
712020:448afbe2-d875-40e8-9541-835a59cdf0a7,TEMPO WORKLOAD,2025-07-10,8.0,TEM-7
712020:5912aa5b-0476-4091-834a-994381177d1a,TEMPO WORKLOAD,2025-07-10,6.0,TEM-18
712020:76b2ab6b-f08d-4fef-9ced-52ff15fad7a0,TEMPO WORKLOAD,2025-07-10,0.4,TEM-21
712020:a7ee73c4-a6b3-4a8b-b22b-97aa3edf3ff7,TEMPO WORKLOAD,2025-07-10,4.0,TEM-8
5c5857d6036b380b84dc8212,TEMPO WORKLOAD,2025-07-10,5.0,TEM-25
712020:a3240ec7-ccb7-4e31-81ed-5338bd11acc2,TEMPO WORKLOAD,2025-07-10,4.0,TEM-8
712020:6ad83a3e-a1e9-43e6-a0a2-7931a513de7f,TEMPO WORKLOAD,2025-07-10,0.5,TEM-25
63b6c257d3aeefa405443cf9,TEMPO WORKLOAD,2025-07-10,6.0,TEM-24
6310a896316bbc56c4249184,TEMPO WORKLOAD,2025-07-10,0.5,TEM-13
557058:b0ab43f7-2329-4796-9a63-2abcf978b413,TEMPO WORKLOAD,2025-07-10,0.3333333333333333,TEM-26
712020:76b2ab6b-f08d-4fef-9ced-52ff15fad7a0,TEMPO WORKLOAD,2025-07-10,7.6,TEM-21
6310a8954fbe9c4bd0edf82a,TEMPO WORKLOAD,2025-07-10,0.25,TEM-19
712020:6ad83a3e-a1e9-43e6-a0a2-7931a513de7f,TEMPO WORKLOAD,2025-07-10,2.0,TEM-17
70121:e997c5d5-1d6e-4973-80cb-28bfe7343a3f,TEMPO WORKLOAD,2025-07-10,4.0,TEM-15
5f45400afdc3f5003fee080b,TEMPO WORKLOAD,2025-07-10,2.5,TEM-14
5d6fae7bab129d0c306da857,TEMPO WORKLOAD,2025-07-10,1.0,TEM-13
5c8132a6e6e3160b9b6fd44d,TEMPO WORKLOAD,2025-07-10,1.5,TEM-13
5e0de9b99af3650e9e3ffc97,TEMPO WORKLOAD,2025-07-10,4.0,TEM-17
6411cc617222b08f3e70f716,TEMPO WORKLOAD,2025-07-10,0.5,TEM-18
557058:b0ab43f7-2329-4796-9a63-2abcf978b413,TEMPO WORKLOAD,2025-07-10,1.0,TEM-26
6310a896316bbc56c4249184,TEMPO WORKLOAD,2025-07-10,0.5,TEM-13
6310a8954fbe9c4bd0edf82a,TEMPO WORKLOAD,2025-07-10,3.25,TEM-19
712020:31918087-5a23-4883-b0d2-134f05828b32,TEMPO WORKLOAD,2025-07-10,1.0,TEM-14
613fb43fe6c39d00721944a0,TEMPO WORKLOAD,2025-07-10,2.0,TEM-13
6310a8976856bdd60a9eddae,TEMPO WORKLOAD,2025-07-10,3.0,TEM-14
64076b2b4d5e4b44e233faf6,TEMPO WORKLOAD,2025-07-10,2.0,TEM-26
63e1170728cddcc70773cbd6,TEMPO WORKLOAD,2025-07-10,5.0,TEM-14
62fbd97aeec8d4a478d41a3b,TEMPO WORKLOAD,2025-07-10,7.0,TEM-17
712020:91b42101-19bb-498d-9942-8850a5540c96,TEMPO WORKLOAD,2025-07-10,1.0,TEM-22
5dea6ce9b95b180d17cfc7df,TEMPO WORKLOAD,2025-07-10,1.0,TEM-43
6411cc617222b08f3e70f716,TEMPO WORKLOAD,2025-07-10,0.5,TEM-18
6310a896316bbc56c4249184,TEMPO WORKLOAD,2025-07-10,0.5,TEM-13
5d6fae7bab129d0c306da857,TEMPO WORKLOAD,2025-07-10,0.5,TEM-13
712020:1e3eed0c-846c-4ebd-bec7-51d04bbb59c0,TEMPO WORKLOAD,2025-07-10,0.5,TEM-30
6310a896316bbc56c4249184,TEMPO WORKLOAD,2025-07-10,0.5,TEM-13
6411cc617222b08f3e70f716,TEMPO WORKLOAD,2025-07-10,0.25,TEM-18
5c8132a6e6e3160b9b6fd44d,TEMPO WORKLOAD,2025-07-10,1.5,TEM-13
712020:31918087-5a23-4883-b0d2-134f05828b32,TEMPO WORKLOAD,2025-07-10,3.0,TEM-14
6324d3f3ce3e476e42ae2595,TEMPO WORKLOAD,2025-07-10,2.0,TEM-18
6411cc617222b08f3e70f716,TEMPO WORKLOAD,2025-07-10,0.5,TEM-18
712020:51261fb6-b689-4617-8eae-46a70a19df7c,TEMPO WORKLOAD,2025-07-10,6.0,TEM-9
557058:b0ab43f7-2329-4796-9a63-2abcf978b413,TEMPO WORKLOAD,2025-07-10,1.5,TEM-26
5d6fae7bab129d0c306da857,TEMPO WORKLOAD,2025-07-10,0.5,TEM-13
6310a8963e578bb3b5feb9f3,TEMPO WORKLOAD,2025-07-10,5.0,TEM-13
712020:91b42101-19bb-498d-9942-8850a5540c96,TEMPO WORKLOAD,2025-07-10,3.0,TEM-25
712020:39d78a45-5732-4153-afaa-dc9227f4dfe3,TEMPO WORKLOAD,2025-07-10,2.0,TEM-8
712020:1e3eed0c-846c-4ebd-bec7-51d04bbb59c0,TEMPO WORKLOAD,2025-07-10,1.0,TEM-30
6310a896316bbc56c4249184,TEMPO WORKLOAD,2025-07-10,1.0,TEM-13
6411cc617222b08f3e70f716,TEMPO WORKLOAD,2025-07-10,1.0,TEM-18
5d6fae7bab129d0c306da857,TEMPO WORKLOAD,2025-07-10,1.5,TEM-13
712020:6ad83a3e-a1e9-43e6-a0a2-7931a513de7f,TEMPO WORKLOAD,2025-07-10,1.0,TEM-25
5f4d8530d0884f00492507dd,TEMPO WORKLOAD,2025-07-10,0.3333333333333333,TEM-26
613fb43fe6c39d00721944a0,TEMPO WORKLOAD,2025-07-10,2.0,TEM-36
5f45400afdc3f5003fee080b,TEMPO WORKLOAD,2025-07-10,1.0,TEM-14
5f03aab970b8a90025641824,TEMPO WORKLOAD,2025-07-10,0.25,TEM-26
712020:d6bab2e1-1616-4bfb-83a4-2be2aebf31ed,TEMPO WORKLOAD,2025-07-10,6.0,TEM-8
5c8132a6e6e3160b9b6fd44d,TEMPO WORKLOAD,2025-07-10,1.5,TEM-13
64076b2b4d5e4b44e233faf6,TEMPO WORKLOAD,2025-07-10,2.0,TEM-26
5dea6ce9b95b180d17cfc7df,TEMPO WORKLOAD,2025-07-10,0.25,TEM-28
636e3660c383ad842147234a,TEMPO WORKLOAD,2025-07-10,0.25,TEM-26
6310a896316bbc56c4249184,TEMPO WORKLOAD,2025-07-10,0.5,TEM-13
5f03aab970b8a90025641824,TEMPO WORKLOAD,2025-07-10,0.75,TEM-15
5f4d8530d0884f00492507dd,TEMPO WORKLOAD,2025-07-10,1.6666666666666667,TEM-26
6411cc617222b08f3e70f716,TEMPO WORKLOAD,2025-07-10,3.5,TEM-18
70121:716f3beb-9b1e-4b9c-bb75-d5716c9878b0,TEMPO WORKLOAD,2025-07-10,1.0,TEM-17
5dea6ce9b95b180d17cfc7df,TEMPO WORKLOAD,2025-07-10,1.0,TEM-28
5eb2e91b96bbcb0b857bfa58,TEMPO WORKLOAD,2025-07-10,0.75,TEM-14
6310a896316bbc56c4249184,TEMPO WORKLOAD,2025-07-10,0.5,TEM-13
6324d3f3ce3e476e42ae2595,TEMPO WORKLOAD,2025-07-10,1.0,TEM-18
6310a8976856bdd60a9eddae,TEMPO WORKLOAD,2025-07-10,0.5,TEM-14
5f45400afdc3f5003fee080b,TEMPO WORKLOAD,2025-07-10,0.5,TEM-14
6310a8954fbe9c4bd0edf82a,TEMPO WORKLOAD,2025-07-10,2.0,TEM-19
5d6fae7bab129d0c306da857,TEMPO WORKLOAD,2025-07-10,1.0,TEM-13
712020:39d78a45-5732-4153-afaa-dc9227f4dfe3,TEMPO WORKLOAD,2025-07-10,3.0,TEM-9
712020:a3240ec7-ccb7-4e31-81ed-5338bd11acc2,TEMPO WORKLOAD,2025-07-10,4.0,TEM-8
6310a896316bbc56c4249184,TEMPO WORKLOAD,2025-07-10,1.0,TEM-13
5c8132a6e6e3160b9b6fd44d,TEMPO WORKLOAD,2025-07-10,0.75,TEM-13
70121:e997c5d5-1d6e-4973-80cb-28bfe7343a3f,TEMPO WORKLOAD,2025-07-10,0.5,TEM-27
6310a8976856bdd60a9eddae,TEMPO WORKLOAD,2025-07-10,2.5,TEM-14
5f45400afdc3f5003fee080b,TEMPO WORKLOAD,2025-07-10,1.5,TEM-14
5e0de9b99af3650e9e3ffc97,TEMPO WORKLOAD,2025-07-10,2.0,TEM-17
613fb43fe6c39d00721944a0,TEMPO WORKLOAD,2025-07-10,2.0,TEM-13
70121:e997c5d5-1d6e-4973-80cb-28bfe7343a3f,TEMPO WORKLOAD,2025-07-10,0.25,TEM-28
5d6fae7bab129d0c306da857,TEMPO WORKLOAD,2025-07-10,3.0,TEM-13
712020:34c5700f-f485-4468-b4d7-06a7a3e2942b,TEMPO WORKLOAD,2025-07-10,3.0,TEM-7
712020:5ee2f3fa-371b-4e6b-b912-594fc836bd92,TEMPO WORKLOAD,2025-07-10,8.0,TEM-30
712020:a7ee73c4-a6b3-4a8b-b22b-97aa3edf3ff7,TEMPO WORKLOAD,2025-07-10,4.0,TEM-8
607829da95f6fc006aab9e92,TEMPO WORKLOAD,2025-07-10,2.0,TEM-19
70121:716f3beb-9b1e-4b9c-bb75-d5716c9878b0,TEMPO WORKLOAD,2025-07-10,1.0,TEM-25
712020:91b42101-19bb-498d-9942-8850a5540c96,TEMPO WORKLOAD,2025-07-10,0.5,TEM-28
6310a896316bbc56c4249184,TEMPO WORKLOAD,2025-07-10,1.0,TEM-13
5dea6ce9b95b180d17cfc7df,TEMPO WORKLOAD,2025-07-10,1.0,TEM-28
6310a8954fbe9c4bd0edf82a,TEMPO WORKLOAD,2025-07-10,2.0,TEM-19
63e1170728cddcc70773cbd6,TEMPO WORKLOAD,2025-07-10,1.0,TEM-14
712020:3268e7ac-2411-4ef8-a85a-d619f040639c,TEMPO WORKLOAD,2025-07-10,3.0,TEM-36
5e0de9b99af3650e9e3ffc97,TEMPO WORKLOAD,2025-07-10,1.5,TEM-17
712020:91b42101-19bb-498d-9942-8850a5540c96,TEMPO WORKLOAD,2025-07-10,2.0,TEM-25
6310a896316bbc56c4249184,TEMPO WORKLOAD,2025-07-10,0.75,TEM-13
63e1170728cddcc70773cbd6,TEMPO WORKLOAD,2025-07-10,2.0,TEM-14
712020:76b2ab6b-f08d-4fef-9ced-52ff15fad7a0,TEMPO WORKLOAD,2025-07-10,2.0,TEM-27
70121:716f3beb-9b1e-4b9c-bb75-d5716c9878b0,TEMPO WORKLOAD,2025-07-10,0.5,TEM-17
712020:1e3eed0c-846c-4ebd-bec7-51d04bbb59c0,TEMPO WORKLOAD,2025-07-10,3.0,TEM-30
712020:05c80f08-99ab-4608-9ac1-8c3c43fbef01,TEMPO WORKLOAD,2025-07-11,0.25,TEM-25
712020:05c80f08-99ab-4608-9ac1-8c3c43fbef01,TEMPO WORKLOAD,2025-07-11,8.0,TEM-17
712020:1e3eed0c-846c-4ebd-bec7-51d04bbb59c0,TEMPO WORKLOAD,2025-07-11,2.5,TEM-30
5dbc42d12757660db6144b56,TEMPO WORKLOAD,2025-07-11,8.0,TEM-2
6310a896316bbc56c4249184,TEMPO WORKLOAD,2025-07-11,0.5,TEM-13
6411cc617222b08f3e70f716,TEMPO WORKLOAD,2025-07-11,0.5,TEM-18
70121:e997c5d5-1d6e-4973-80cb-28bfe7343a3f,TEMPO WORKLOAD,2025-07-11,0.25,TEM-28
613fb43fe6c39d00721944a0,TEMPO WORKLOAD,2025-07-11,1.0,TEM-14
557058:b0ab43f7-2329-4796-9a63-2abcf978b413,TEMPO WORKLOAD,2025-07-11,1.0,TEM-26
712020:98295f35-86b1-4d23-a51b-30dbe7170d11,TEMPO WORKLOAD,2025-07-11,6.0,TEM-7
6310a8976856bdd60a9eddae,TEMPO WORKLOAD,2025-07-11,0.75,TEM-14
5c8132a6e6e3160b9b6fd44d,TEMPO WORKLOAD,2025-07-11,0.5,TEM-13
712020:db40572b-4fd3-49a2-b4c1-620d9be82a65,TEMPO WORKLOAD,2025-07-11,8.0,TEM-7
5e751b85fad9000c325d9aae,TEMPO WORKLOAD,2025-07-11,7.5,TEM-8
712020:f5cdecd9-64db-4d5e-b4a2-c8f4b7201212,TEMPO WORKLOAD,2025-07-11,8.0,TEM-9
6310a8963e578bb3b5feb9f3,TEMPO WORKLOAD,2025-07-11,0.5,TEM-13
613fb383e057c6006a1ccade,TEMPO WORKLOAD,2025-07-11,8.0,TEM-2
62e433730b4bf7ad924bcbe5,TEMPO WORKLOAD,2025-07-11,8.0,TEM-7
712020:31918087-5a23-4883-b0d2-134f05828b32,TEMPO WORKLOAD,2025-07-11,3.0,TEM-14
61ddc1dcf3037f0069656c13,TEMPO WORKLOAD,2025-07-11,0.5,TEM-18
62fbddc8bb0704a2a808bd57,TEMPO WORKLOAD,2025-07-11,8.0,TEM-5
5f45400afdc3f5003fee080b,TEMPO WORKLOAD,2025-07-11,3.0,TEM-14
712020:f50b1e80-f1ef-440b-b954-716fbfdbc927,TEMPO WORKLOAD,2025-07-11,8.0,TEM-2
712020:02ccfc0c-5c0f-4e48-8f91-fb3bb584a2dc,TEMPO WORKLOAD,2025-07-11,8.0,TEM-9
712020:39d78a45-5732-4153-afaa-dc9227f4dfe3,TEMPO WORKLOAD,2025-07-11,3.0,TEM-7
607829da95f6fc006aab9e92,TEMPO WORKLOAD,2025-07-11,0.25,TEM-19
5c5857d6036b380b84dc8212,TEMPO WORKLOAD,2025-07-11,0.5,TEM-25
557058:c310fa79-8a55-492f-a2fe-6e69a7d7c4eb,TEMPO WORKLOAD,2025-07-11,8.0,TEM-19
6356e77976b91b62562d4fea,TEMPO WORKLOAD,2025-07-11,4.0,TEM-26
61e572d77ae0dc006a8b4e9b,TEMPO WORKLOAD,2025-07-11,8.0,TEM-26
712020:d26e58e6-874b-4243-ac4e-1d4cb867a542,TEMPO WORKLOAD,2025-07-11,8.0,TEM-8
712020:ab3c5ef0-a515-47fc-9cdd-3b5d0c219224,TEMPO WORKLOAD,2025-07-11,8.0,TEM-9
70121:e997c5d5-1d6e-4973-80cb-28bfe7343a3f,TEMPO WORKLOAD,2025-07-11,1.5,TEM-15
607829da95f6fc006aab9e92,TEMPO WORKLOAD,2025-07-11,7.75,TEM-19
636e3660c383ad842147234a,TEMPO WORKLOAD,2025-07-11,3.75,TEM-15
6310a896316bbc56c4249184,TEMPO WORKLOAD,2025-07-11,0.25,TEM-10
6411cc617222b08f3e70f716,TEMPO WORKLOAD,2025-07-11,1.5,TEM-18
5eb2e91b96bbcb0b857bfa58,TEMPO WORKLOAD,2025-07-11,7.25,TEM-14
6310a8963e578bb3b5feb9f3,TEMPO WORKLOAD,2025-07-11,2.0,TEM-13
5c5857d6036b380b84dc8212,TEMPO WORKLOAD,2025-07-11,0.5,TEM-25
6310a8976856bdd60a9eddae,TEMPO WORKLOAD,2025-07-11,2.0,TEM-14
6310a896316bbc56c4249184,TEMPO WORKLOAD,2025-07-11,2.0,TEM-13
5c8132a6e6e3160b9b6fd44d,TEMPO WORKLOAD,2025-07-11,2.0,TEM-13
6324d3f3ce3e476e42ae2595,TEMPO WORKLOAD,2025-07-11,1.0,TEM-6
61ddc1dcf3037f0069656c13,TEMPO WORKLOAD,2025-07-11,1.0,TEM-24
61ddc1dcf3037f0069656c13,TEMPO WORKLOAD,2025-07-11,3.0,TEM-24
61ddc1dcf3037f0069656c13,TEMPO WORKLOAD,2025-07-11,0.75,TEM-24
712020:6c5881b3-26a9-4223-a18b-14414e7b9d3a,TEMPO WORKLOAD,2025-07-11,8.0,TEM-7
712020:a7ee73c4-a6b3-4a8b-b22b-97aa3edf3ff7,TEMPO WORKLOAD,2025-07-11,4.0,TEM-8
6310a898316bbc56c4249187,TEMPO WORKLOAD,2025-07-11,0.5,TEM-21
613fb43fe6c39d00721944a0,TEMPO WORKLOAD,2025-07-11,3.0,TEM-36
712020:5912aa5b-0476-4091-834a-994381177d1a,TEMPO WORKLOAD,2025-07-11,0.5,TEM-18
5f03aab970b8a90025641824,TEMPO WORKLOAD,2025-07-11,3.0,TEM-15
5d6fae7bab129d0c306da857,TEMPO WORKLOAD,2025-07-11,2.0,TEM-13
6310a8954fbe9c4bd0edf82a,TEMPO WORKLOAD,2025-07-11,0.5,TEM-19
712020:f518f4e7-7314-45a9-a3ef-723ad3fd6d7f,TEMPO WORKLOAD,2025-07-11,6.75,TEM-7
5e0de9b99af3650e9e3ffc97,TEMPO WORKLOAD,2025-07-11,0.5,TEM-28
712020:c2d6f64b-7c18-4b58-9189-57c8823f4f64,TEMPO WORKLOAD,2025-07-11,8.0,TEM-5
712020:5ee2f3fa-371b-4e6b-b912-594fc836bd92,TEMPO WORKLOAD,2025-07-11,4.0,TEM-30
712020:c24d4628-d885-44d1-8ec8-dd76d416436a,TEMPO WORKLOAD,2025-07-11,4.0,TEM-26
712020:11e8ce5a-06a7-43cf-9c5a-858eed6f0a07,TEMPO WORKLOAD,2025-07-11,8.0,TEM-5
712020:448afbe2-d875-40e8-9541-835a59cdf0a7,TEMPO WORKLOAD,2025-07-11,8.0,TEM-7
712020:76b2ab6b-f08d-4fef-9ced-52ff15fad7a0,TEMPO WORKLOAD,2025-07-11,0.48333333333333334,TEM-21
712020:3268e7ac-2411-4ef8-a85a-d619f040639c,TEMPO WORKLOAD,2025-07-11,5.0,TEM-36
637d1ac0f48fbd9b62d50fc3,TEMPO WORKLOAD,2025-07-11,8.0,TEM-8
712020:34c5700f-f485-4468-b4d7-06a7a3e2942b,TEMPO WORKLOAD,2025-07-11,4.0,TEM-7
5c5857d6036b380b84dc8212,TEMPO WORKLOAD,2025-07-11,5.0,TEM-25
712020:a3240ec7-ccb7-4e31-81ed-5338bd11acc2,TEMPO WORKLOAD,2025-07-11,4.0,TEM-8
557058:b0ab43f7-2329-4796-9a63-2abcf978b413,TEMPO WORKLOAD,2025-07-11,0.3333333333333333,TEM-26
712020:76b2ab6b-f08d-4fef-9ced-52ff15fad7a0,TEMPO WORKLOAD,2025-07-11,3.5,TEM-21
712020:5912aa5b-0476-4091-834a-994381177d1a,TEMPO WORKLOAD,2025-07-11,0.5,TEM-18
6310a8954fbe9c4bd0edf82a,TEMPO WORKLOAD,2025-07-11,0.25,TEM-19
6324d3f3ce3e476e42ae2595,TEMPO WORKLOAD,2025-07-11,0.5,TEM-18
5e0de9b99af3650e9e3ffc97,TEMPO WORKLOAD,2025-07-11,2.5,TEM-17
6310a898316bbc56c4249187,TEMPO WORKLOAD,2025-07-11,3.5,TEM-21
557058:b0ab43f7-2329-4796-9a63-2abcf978b413,TEMPO WORKLOAD,2025-07-11,0.5,TEM-26
6310a8954fbe9c4bd0edf82a,TEMPO WORKLOAD,2025-07-11,0.75,TEM-19
557058:b0ab43f7-2329-4796-9a63-2abcf978b413,TEMPO WORKLOAD,2025-07-11,1.5,TEM-26
6411cc617222b08f3e70f716,TEMPO WORKLOAD,2025-07-11,0.25,TEM-18
6324d3f3ce3e476e42ae2595,TEMPO WORKLOAD,2025-07-11,1.0,TEM-18
64076b2b4d5e4b44e233faf6,TEMPO WORKLOAD,2025-07-11,4.0,TEM-26
63e1170728cddcc70773cbd6,TEMPO WORKLOAD,2025-07-11,8.5,TEM-14
712020:5912aa5b-0476-4091-834a-994381177d1a,TEMPO WORKLOAD,2025-07-11,2.0,TEM-18
5dea6ce9b95b180d17cfc7df,TEMPO WORKLOAD,2025-07-11,1.0,TEM-28
6411cc617222b08f3e70f716,TEMPO WORKLOAD,2025-07-11,1.0,TEM-18
6310a8954fbe9c4bd0edf82a,TEMPO WORKLOAD,2025-07-11,0.5,TEM-23
6310a8963e578bb3b5feb9f3,TEMPO WORKLOAD,2025-07-11,1.0,TEM-13
712020:1e3eed0c-846c-4ebd-bec7-51d04bbb59c0,TEMPO WORKLOAD,2025-07-11,0.75,TEM-30
6310a896316bbc56c4249184,TEMPO WORKLOAD,2025-07-11,1.0,TEM-13
6310a8976856bdd60a9eddae,TEMPO WORKLOAD,2025-07-11,2.25,TEM-14
6310a8954fbe9c4bd0edf82a,TEMPO WORKLOAD,2025-07-11,6.0,TEM-19
712020:51261fb6-b689-4617-8eae-46a70a19df7c,TEMPO WORKLOAD,2025-07-11,7.0,TEM-9
5d6fae7bab129d0c306da857,TEMPO WORKLOAD,2025-07-11,2.0,TEM-13
6324d3f3ce3e476e42ae2595,TEMPO WORKLOAD,2025-07-11,0.5,TEM-18
5c8132a6e6e3160b9b6fd44d,TEMPO WORKLOAD,2025-07-11,2.0,TEM-13
712020:31918087-5a23-4883-b0d2-134f05828b32,TEMPO WORKLOAD,2025-07-11,2.0,TEM-14
712020:f71fff89-9283-4b8c-afc6-a4ccda67573c,TEMPO WORKLOAD,2025-07-11,8.0,TEM-7
5f45400afdc3f5003fee080b,TEMPO WORKLOAD,2025-07-11,1.0,TEM-14
712020:91b42101-19bb-498d-9942-8850a5540c96,TEMPO WORKLOAD,2025-07-11,2.0,TEM-17
712020:39d78a45-5732-4153-afaa-dc9227f4dfe3,TEMPO WORKLOAD,2025-07-11,2.0,TEM-8
6411cc617222b08f3e70f716,TEMPO WORKLOAD,2025-07-11,0.25,TEM-18
6411cc617222b08f3e70f716,TEMPO WORKLOAD,2025-07-11,0.75,TEM-18
6310a8963e578bb3b5feb9f3,TEMPO WORKLOAD,2025-07-11,0.5,TEM-13
6324d3f3ce3e476e42ae2595,TEMPO WORKLOAD,2025-07-11,1.0,TEM-18
6310a896316bbc56c4249184,TEMPO WORKLOAD,2025-07-11,1.0,TEM-13
5f03aab970b8a90025641824,TEMPO WORKLOAD,2025-07-11,0.25,TEM-26
6310a8963e578bb3b5feb9f3,TEMPO WORKLOAD,2025-07-11,4.0,TEM-13
712020:d6bab2e1-1616-4bfb-83a4-2be2aebf31ed,TEMPO WORKLOAD,2025-07-11,6.0,TEM-8
5e0de9b99af3650e9e3ffc97,TEMPO WORKLOAD,2025-07-11,3.0,TEM-17
5f45400afdc3f5003fee080b,TEMPO WORKLOAD,2025-07-11,4.0,TEM-14
5dea6ce9b95b180d17cfc7df,TEMPO WORKLOAD,2025-07-11,0.25,TEM-28
5f4d8530d0884f00492507dd,TEMPO WORKLOAD,2025-07-11,2.0,TEM-26
636e3660c383ad842147234a,TEMPO WORKLOAD,2025-07-11,0.25,TEM-26
712020:5912aa5b-0476-4091-834a-994381177d1a,TEMPO WORKLOAD,2025-07-11,2.5,TEM-18
5f03aab970b8a90025641824,TEMPO WORKLOAD,2025-07-11,0.75,TEM-15
6411cc617222b08f3e70f716,TEMPO WORKLOAD,2025-07-11,2.25,TEM-18
6310a896316bbc56c4249184,TEMPO WORKLOAD,2025-07-11,1.5,TEM-13
712020:76b2ab6b-f08d-4fef-9ced-52ff15fad7a0,TEMPO WORKLOAD,2025-07-11,4.016666666666667,TEM-21
712020:a3240ec7-ccb7-4e31-81ed-5338bd11acc2,TEMPO WORKLOAD,2025-07-11,4.0,TEM-8
6324d3f3ce3e476e42ae2595,TEMPO WORKLOAD,2025-07-11,4.0,TEM-2
5d6fae7bab129d0c306da857,TEMPO WORKLOAD,2025-07-11,1.5,TEM-13
712020:31918087-5a23-4883-b0d2-134f05828b32,TEMPO WORKLOAD,2025-07-11,0.75,TEM-14
6310a8976856bdd60a9eddae,TEMPO WORKLOAD,2025-07-11,3.0,TEM-14
712020:39d78a45-5732-4153-afaa-dc9227f4dfe3,TEMPO WORKLOAD,2025-07-11,3.0,TEM-9
5c8132a6e6e3160b9b6fd44d,TEMPO WORKLOAD,2025-07-11,1.5,TEM-13
712020:a7ee73c4-a6b3-4a8b-b22b-97aa3edf3ff7,TEMPO WORKLOAD,2025-07-11,4.0,TEM-8
712020:34c5700f-f485-4468-b4d7-06a7a3e2942b,TEMPO WORKLOAD,2025-07-11,4.0,TEM-7
70121:716f3beb-9b1e-4b9c-bb75-d5716c9878b0,TEMPO WORKLOAD,2025-07-11,2.0,TEM-17
712020:5ee2f3fa-371b-4e6b-b912-594fc836bd92,TEMPO WORKLOAD,2025-07-11,6.0,TEM-30
5dea6ce9b95b180d17cfc7df,TEMPO WORKLOAD,2025-07-11,0.5,TEM-43
5c5857d6036b380b84dc8212,TEMPO WORKLOAD,2025-07-11,1.0,TEM-28
712020:91b42101-19bb-498d-9942-8850a5540c96,TEMPO WORKLOAD,2025-07-11,0.5,TEM-28
712020:5912aa5b-0476-4091-834a-994381177d1a,TEMPO WORKLOAD,2025-07-11,0.5,TEM-18
6411cc617222b08f3e70f716,TEMPO WORKLOAD,2025-07-11,1.5,TEM-18
5d6fae7bab129d0c306da857,TEMPO WORKLOAD,2025-07-11,1.0,TEM-13
5e0de9b99af3650e9e3ffc97,TEMPO WORKLOAD,2025-07-11,1.5,TEM-17
70121:716f3beb-9b1e-4b9c-bb75-d5716c9878b0,TEMPO WORKLOAD,2025-07-11,1.0,TEM-17
5c8132a6e6e3160b9b6fd44d,TEMPO WORKLOAD,2025-07-11,0.5,TEM-13
712020:3268e7ac-2411-4ef8-a85a-d619f040639c,TEMPO WORKLOAD,2025-07-11,3.0,TEM-36
6310a896316bbc56c4249184,TEMPO WORKLOAD,2025-07-11,0.5,TEM-13
5d6fae7bab129d0c306da857,TEMPO WORKLOAD,2025-07-11,0.5,TEM-13
6310a896316bbc56c4249184,TEMPO WORKLOAD,2025-07-11,0.5,TEM-13
5d6fae7bab129d0c306da857,TEMPO WORKLOAD,2025-07-11,1.0,TEM-13
6310a896316bbc56c4249184,TEMPO WORKLOAD,2025-07-11,1.0,TEM-13
5d6fae7bab129d0c306da857,TEMPO WORKLOAD,2025-07-11,0.5,TEM-13
712020:76b2ab6b-f08d-4fef-9ced-52ff15fad7a0,TEMPO WORKLOAD,2025-07-11,2.0,TEM-27
5dbc42d12757660db6144b56,TEMPO WORKLOAD,2025-07-12,2.0,TEM-17
712020:1e3eed0c-846c-4ebd-bec7-51d04bbb59c0,TEMPO WORKLOAD,2025-07-12,2.0,TEM-30
712020:f5cdecd9-64db-4d5e-b4a2-c8f4b7201212,TEMPO WORKLOAD,2025-07-12,4.0,TEM-9
712020:51261fb6-b689-4617-8eae-46a70a19df7c,TEMPO WORKLOAD,2025-07-12,4.0,TEM-9
712020:51261fb6-b689-4617-8eae-46a70a19df7c,TEMPO WORKLOAD,2025-07-13,6.0,TEM-9
712020:05c80f08-99ab-4608-9ac1-8c3c43fbef01,TEMPO WORKLOAD,2025-07-14,0.25,TEM-25
712020:05c80f08-99ab-4608-9ac1-8c3c43fbef01,TEMPO WORKLOAD,2025-07-14,8.0,TEM-17
712020:1e3eed0c-846c-4ebd-bec7-51d04bbb59c0,TEMPO WORKLOAD,2025-07-14,3.5,TEM-30
6411cc617222b08f3e70f716,TEMPO WORKLOAD,2025-07-14,8.0,TEM-2
5dbc42d12757660db6144b56,TEMPO WORKLOAD,2025-07-14,8.0,TEM-2
6310a896316bbc56c4249184,TEMPO WORKLOAD,2025-07-14,0.5,TEM-13
712020:31918087-5a23-4883-b0d2-134f05828b32,TEMPO WORKLOAD,2025-07-14,5.0,TEM-14
712020:db40572b-4fd3-49a2-b4c1-620d9be82a65,TEMPO WORKLOAD,2025-07-14,8.0,TEM-7
5c8132a6e6e3160b9b6fd44d,TEMPO WORKLOAD,2025-07-14,0.5,TEM-13
6310a8963e578bb3b5feb9f3,TEMPO WORKLOAD,2025-07-14,0.5,TEM-13
613fb43fe6c39d00721944a0,TEMPO WORKLOAD,2025-07-14,1.0,TEM-14
5f45400afdc3f5003fee080b,TEMPO WORKLOAD,2025-07-14,1.0,TEM-14
712020:f50b1e80-f1ef-440b-b954-716fbfdbc927,TEMPO WORKLOAD,2025-07-14,8.0,TEM-2
6310a8976856bdd60a9eddae,TEMPO WORKLOAD,2025-07-14,4.0,TEM-14
712020:f5cdecd9-64db-4d5e-b4a2-c8f4b7201212,TEMPO WORKLOAD,2025-07-14,8.0,TEM-9
712020:02ccfc0c-5c0f-4e48-8f91-fb3bb584a2dc,TEMPO WORKLOAD,2025-07-14,8.0,TEM-9
712020:39d78a45-5732-4153-afaa-dc9227f4dfe3,TEMPO WORKLOAD,2025-07-14,3.0,TEM-7
62fbddc8bb0704a2a808bd57,TEMPO WORKLOAD,2025-07-14,4.0,TEM-5
70121:e997c5d5-1d6e-4973-80cb-28bfe7343a3f,TEMPO WORKLOAD,2025-07-14,8.0,TEM-2
607829da95f6fc006aab9e92,TEMPO WORKLOAD,2025-07-14,0.25,TEM-19
5eb2e91b96bbcb0b857bfa58,TEMPO WORKLOAD,2025-07-14,7.25,TEM-2
5c5857d6036b380b84dc8212,TEMPO WORKLOAD,2025-07-14,0.5,TEM-25
557058:c310fa79-8a55-492f-a2fe-6e69a7d7c4eb,TEMPO WORKLOAD,2025-07-14,8.0,TEM-2
613fb383e057c6006a1ccade,TEMPO WORKLOAD,2025-07-14,9.0,TEM-8
61e572d77ae0dc006a8b4e9b,TEMPO WORKLOAD,2025-07-14,10.0,TEM-26
712020:d26e58e6-874b-4243-ac4e-1d4cb867a542,TEMPO WORKLOAD,2025-07-14,8.0,TEM-8
5e751b85fad9000c325d9aae,TEMPO WORKLOAD,2025-07-14,10.0,TEM-8
712020:ab3c5ef0-a515-47fc-9cdd-3b5d0c219224,TEMPO WORKLOAD,2025-07-14,8.0,TEM-9
607829da95f6fc006aab9e92,TEMPO WORKLOAD,2025-07-14,7.75,TEM-19
6310a896316bbc56c4249184,TEMPO WORKLOAD,2025-07-14,0.25,TEM-10
6310a8963e578bb3b5feb9f3,TEMPO WORKLOAD,2025-07-14,0.5,TEM-13
5c8132a6e6e3160b9b6fd44d,TEMPO WORKLOAD,2025-07-14,3.0,TEM-13
5c5857d6036b380b84dc8212,TEMPO WORKLOAD,2025-07-14,0.5,TEM-25
61ddc1dcf3037f0069656c13,TEMPO WORKLOAD,2025-07-14,1.0,TEM-24
61ddc1dcf3037f0069656c13,TEMPO WORKLOAD,2025-07-14,1.0,TEM-24
61ddc1dcf3037f0069656c13,TEMPO WORKLOAD,2025-07-14,2.0,TEM-24
61ddc1dcf3037f0069656c13,TEMPO WORKLOAD,2025-07-14,2.0,TEM-24
6310a896316bbc56c4249184,TEMPO WORKLOAD,2025-07-14,0.5,TEM-13
712020:6c5881b3-26a9-4223-a18b-14414e7b9d3a,TEMPO WORKLOAD,2025-07-14,8.0,TEM-7
637d1ac0f48fbd9b62d50fc3,TEMPO WORKLOAD,2025-07-14,8.0,TEM-8
5e0de9b99af3650e9e3ffc97,TEMPO WORKLOAD,2025-07-14,0.5,TEM-28
712020:c2d6f64b-7c18-4b58-9189-57c8823f4f64,TEMPO WORKLOAD,2025-07-14,8.0,TEM-5
712020:3268e7ac-2411-4ef8-a85a-d619f040639c,TEMPO WORKLOAD,2025-07-14,1.0,TEM-36
712020:5ee2f3fa-371b-4e6b-b912-594fc836bd92,TEMPO WORKLOAD,2025-07-14,4.0,TEM-30
712020:c24d4628-d885-44d1-8ec8-dd76d416436a,TEMPO WORKLOAD,2025-07-14,4.0,TEM-26
712020:5912aa5b-0476-4091-834a-994381177d1a,TEMPO WORKLOAD,2025-07-14,6.0,TEM-2
6310a8963e578bb3b5feb9f3,TEMPO WORKLOAD,2025-07-14,0.5,TEM-13
5d6fae7bab129d0c306da857,TEMPO WORKLOAD,2025-07-14,2.0,TEM-13
6310a8954fbe9c4bd0edf82a,TEMPO WORKLOAD,2025-07-14,0.5,TEM-19
5f45400afdc3f5003fee080b,TEMPO WORKLOAD,2025-07-14,1.0,TEM-14
712020:11e8ce5a-06a7-43cf-9c5a-858eed6f0a07,TEMPO WORKLOAD,2025-07-14,8.0,TEM-5
6310a898316bbc56c4249187,TEMPO WORKLOAD,2025-07-14,0.5,TEM-21
712020:448afbe2-d875-40e8-9541-835a59cdf0a7,TEMPO WORKLOAD,2025-07-14,8.0,TEM-2
712020:a7ee73c4-a6b3-4a8b-b22b-97aa3edf3ff7,TEMPO WORKLOAD,2025-07-14,4.0,TEM-8
712020:34c5700f-f485-4468-b4d7-06a7a3e2942b,TEMPO WORKLOAD,2025-07-14,4.0,TEM-7
613fb43fe6c39d00721944a0,TEMPO WORKLOAD,2025-07-14,3.0,TEM-36
5c5857d6036b380b84dc8212,TEMPO WORKLOAD,2025-07-14,5.0,TEM-25
712020:d8a16146-bc5b-4c61-9c5d-af3eaddace2b,TEMPO WORKLOAD,2025-07-14,8.0,TEM-5
712020:a3240ec7-ccb7-4e31-81ed-5338bd11acc2,TEMPO WORKLOAD,2025-07-14,4.0,TEM-8
712020:76b2ab6b-f08d-4fef-9ced-52ff15fad7a0,TEMPO WORKLOAD,2025-07-14,8.0,TEM-2
63b6c257d3aeefa405443cf9,TEMPO WORKLOAD,2025-07-14,6.0,TEM-24
557058:b0ab43f7-2329-4796-9a63-2abcf978b413,TEMPO WORKLOAD,2025-07-14,0.3333333333333333,TEM-26
6310a896316bbc56c4249184,TEMPO WORKLOAD,2025-07-14,1.75,TEM-13
6310a8963e578bb3b5feb9f3,TEMPO WORKLOAD,2025-07-14,1.0,TEM-13
6310a8954fbe9c4bd0edf82a,TEMPO WORKLOAD,2025-07-14,0.25,TEM-19
6310a898316bbc56c4249187,TEMPO WORKLOAD,2025-07-14,3.0,TEM-21
5e0de9b99af3650e9e3ffc97,TEMPO WORKLOAD,2025-07-14,0.5,TEM-28
6310a8954fbe9c4bd0edf82a,TEMPO WORKLOAD,2025-07-14,7.25,TEM-19
70121:716f3beb-9b1e-4b9c-bb75-d5716c9878b0,TEMPO WORKLOAD,2025-07-14,1.0,TEM-17
6324d3f3ce3e476e42ae2595,TEMPO WORKLOAD,2025-07-14,3.0,TEM-18
712020:3268e7ac-2411-4ef8-a85a-d619f040639c,TEMPO WORKLOAD,2025-07-14,1.0,TEM-36
63e1170728cddcc70773cbd6,TEMPO WORKLOAD,2025-07-14,4.5,TEM-14
5f45400afdc3f5003fee080b,TEMPO WORKLOAD,2025-07-14,2.0,TEM-14
5e0de9b99af3650e9e3ffc97,TEMPO WORKLOAD,2025-07-14,5.0,TEM-17
712020:f518f4e7-7314-45a9-a3ef-723ad3fd6d7f,TEMPO WORKLOAD,2025-07-14,7.25,TEM-7
6310a8963e578bb3b5feb9f3,TEMPO WORKLOAD,2025-07-14,0.75,TEM-13
712020:1e3eed0c-846c-4ebd-bec7-51d04bbb59c0,TEMPO WORKLOAD,2025-07-14,0.5,TEM-30
712020:51261fb6-b689-4617-8eae-46a70a19df7c,TEMPO WORKLOAD,2025-07-14,6.0,TEM-9
70121:716f3beb-9b1e-4b9c-bb75-d5716c9878b0,TEMPO WORKLOAD,2025-07-14,1.0,TEM-17
712020:3268e7ac-2411-4ef8-a85a-d619f040639c,TEMPO WORKLOAD,2025-07-14,5.0,TEM-36
5d6fae7bab129d0c306da857,TEMPO WORKLOAD,2025-07-14,0.5,TEM-13
6310a896316bbc56c4249184,TEMPO WORKLOAD,2025-07-14,0.5,TEM-13
5dea6ce9b95b180d17cfc7df,TEMPO WORKLOAD,2025-07-14,1.0,TEM-28
712020:39d78a45-5732-4153-afaa-dc9227f4dfe3,TEMPO WORKLOAD,2025-07-14,2.0,TEM-8
712020:1e3eed0c-846c-4ebd-bec7-51d04bbb59c0,TEMPO WORKLOAD,2025-07-14,1.5,TEM-30
712020:d6bab2e1-1616-4bfb-83a4-2be2aebf31ed,TEMPO WORKLOAD,2025-07-14,6.0,TEM-8
6310a8963e578bb3b5feb9f3,TEMPO WORKLOAD,2025-07-14,0.5,TEM-13
6310a896316bbc56c4249184,TEMPO WORKLOAD,2025-07-14,0.5,TEM-13
5c8132a6e6e3160b9b6fd44d,TEMPO WORKLOAD,2025-07-14,2.5,TEM-13
5d6fae7bab129d0c306da857,TEMPO WORKLOAD,2025-07-14,2.5,TEM-13
6310a8963e578bb3b5feb9f3,TEMPO WORKLOAD,2025-07-14,4.25,TEM-13
613fb43fe6c39d00721944a0,TEMPO WORKLOAD,2025-07-14,3.0,TEM-13
6310a8976856bdd60a9eddae,TEMPO WORKLOAD,2025-07-14,0.75,TEM-14
5f45400afdc3f5003fee080b,TEMPO WORKLOAD,2025-07-14,2.0,TEM-14
5dea6ce9b95b180d17cfc7df,TEMPO WORKLOAD,2025-07-14,0.25,TEM-28
62fbddc8bb0704a2a808bd57,TEMPO WORKLOAD,2025-07-14,4.0,TEM-7
5f4d8530d0884f00492507dd,TEMPO WORKLOAD,2025-07-14,2.0,TEM-26
636e3660c383ad842147234a,TEMPO WORKLOAD,2025-07-14,0.25,TEM-26
636e3660c383ad842147234a,TEMPO WORKLOAD,2025-07-14,3.75,TEM-26
6310a898316bbc56c4249187,TEMPO WORKLOAD,2025-07-14,0.5,TEM-21
6310a8976856bdd60a9eddae,TEMPO WORKLOAD,2025-07-14,0.25,TEM-14
6310a896316bbc56c4249184,TEMPO WORKLOAD,2025-07-14,1.0,TEM-13
712020:31918087-5a23-4883-b0d2-134f05828b32,TEMPO WORKLOAD,2025-07-14,3.0,TEM-14
6324d3f3ce3e476e42ae2595,TEMPO WORKLOAD,2025-07-14,1.0,TEM-18
6310a8976856bdd60a9eddae,TEMPO WORKLOAD,2025-07-14,0.5,TEM-14
5dea6ce9b95b180d17cfc7df,TEMPO WORKLOAD,2025-07-14,1.5,TEM-28
712020:39d78a45-5732-4153-afaa-dc9227f4dfe3,TEMPO WORKLOAD,2025-07-14,3.0,TEM-9
712020:a3240ec7-ccb7-4e31-81ed-5338bd11acc2,TEMPO WORKLOAD,2025-07-14,4.0,TEM-8
6310a8976856bdd60a9eddae,TEMPO WORKLOAD,2025-07-14,1.0,TEM-14
6310a896316bbc56c4249184,TEMPO WORKLOAD,2025-07-14,0.5,TEM-13
6324d3f3ce3e476e42ae2595,TEMPO WORKLOAD,2025-07-14,4.0,TEM-18
712020:5ee2f3fa-371b-4e6b-b912-594fc836bd92,TEMPO WORKLOAD,2025-07-14,8.0,TEM-30
5f45400afdc3f5003fee080b,TEMPO WORKLOAD,2025-07-14,2.0,TEM-14
712020:a7ee73c4-a6b3-4a8b-b22b-97aa3edf3ff7,TEMPO WORKLOAD,2025-07-14,4.0,TEM-8
712020:34c5700f-f485-4468-b4d7-06a7a3e2942b,TEMPO WORKLOAD,2025-07-14,4.0,TEM-7
712020:91b42101-19bb-498d-9942-8850a5540c96,TEMPO WORKLOAD,2025-07-14,0.5,TEM-28
6310a896316bbc56c4249184,TEMPO WORKLOAD,2025-07-14,0.5,TEM-13
6310a8976856bdd60a9eddae,TEMPO WORKLOAD,2025-07-14,0.5,TEM-14
712020:91b42101-19bb-498d-9942-8850a5540c96,TEMPO WORKLOAD,2025-07-14,0.5,TEM-22
63e1170728cddcc70773cbd6,TEMPO WORKLOAD,2025-07-14,4.5,TEM-14
613fb43fe6c39d00721944a0,TEMPO WORKLOAD,2025-07-14,1.0,TEM-14
712020:91b42101-19bb-498d-9942-8850a5540c96,TEMPO WORKLOAD,2025-07-14,0.75,TEM-25
6310a896316bbc56c4249184,TEMPO WORKLOAD,2025-07-14,2.0,TEM-13
5e0de9b99af3650e9e3ffc97,TEMPO WORKLOAD,2025-07-14,2.0,TEM-17
5d6fae7bab129d0c306da857,TEMPO WORKLOAD,2025-07-14,2.0,TEM-13
712020:1e3eed0c-846c-4ebd-bec7-51d04bbb59c0,TEMPO WORKLOAD,2025-07-14,2.0,TEM-30
712020:91b42101-19bb-498d-9942-8850a5540c96,TEMPO WORKLOAD,2025-07-14,0.75,TEM-25
712020:3268e7ac-2411-4ef8-a85a-d619f040639c,TEMPO WORKLOAD,2025-07-14,1.0,TEM-36
5d6fae7bab129d0c306da857,TEMPO WORKLOAD,2025-07-14,0.5,TEM-13
5d6fae7bab129d0c306da857,TEMPO WORKLOAD,2025-07-14,1.0,TEM-13
712020:51261fb6-b689-4617-8eae-46a70a19df7c,TEMPO WORKLOAD,2025-07-14,3.5,TEM-9
613fb43fe6c39d00721944a0,TEMPO WORKLOAD,2025-07-15,1.0,TEM-13
712020:05c80f08-99ab-4608-9ac1-8c3c43fbef01,TEMPO WORKLOAD,2025-07-15,0.25,TEM-25
712020:05c80f08-99ab-4608-9ac1-8c3c43fbef01,TEMPO WORKLOAD,2025-07-15,4.0,TEM-17
712020:05c80f08-99ab-4608-9ac1-8c3c43fbef01,TEMPO WORKLOAD,2025-07-15,4.0,TEM-17
712020:1e3eed0c-846c-4ebd-bec7-51d04bbb59c0,TEMPO WORKLOAD,2025-07-15,3.0,TEM-30
5dbc42d12757660db6144b56,TEMPO WORKLOAD,2025-07-15,8.0,TEM-2
613fb43fe6c39d00721944a0,TEMPO WORKLOAD,2025-07-15,1.0,TEM-36
6411cc617222b08f3e70f716,TEMPO WORKLOAD,2025-07-15,1.5,TEM-18
5c8132a6e6e3160b9b6fd44d,TEMPO WORKLOAD,2025-07-15,0.5,TEM-13
6310a8963e578bb3b5feb9f3,TEMPO WORKLOAD,2025-07-15,0.5,TEM-13
712020:f71fff89-9283-4b8c-afc6-a4ccda67573c,TEMPO WORKLOAD,2025-07-15,8.0,TEM-7
712020:db40572b-4fd3-49a2-b4c1-620d9be82a65,TEMPO WORKLOAD,2025-07-15,8.0,TEM-9
712020:5ee2f3fa-371b-4e6b-b912-594fc836bd92,TEMPO WORKLOAD,2025-07-15,5.0,TEM-30
6310a896316bbc56c4249184,TEMPO WORKLOAD,2025-07-15,0.5,TEM-13
712020:f50b1e80-f1ef-440b-b954-716fbfdbc927,TEMPO WORKLOAD,2025-07-15,8.0,TEM-9
5f45400afdc3f5003fee080b,TEMPO WORKLOAD,2025-07-15,6.0,TEM-14
6310a8976856bdd60a9eddae,TEMPO WORKLOAD,2025-07-15,2.0,TEM-14
712020:f5cdecd9-64db-4d5e-b4a2-c8f4b7201212,TEMPO WORKLOAD,2025-07-15,8.0,TEM-7
712020:02ccfc0c-5c0f-4e48-8f91-fb3bb584a2dc,TEMPO WORKLOAD,2025-07-15,8.0,TEM-9
712020:39d78a45-5732-4153-afaa-dc9227f4dfe3,TEMPO WORKLOAD,2025-07-15,3.0,TEM-7
62fbddc8bb0704a2a808bd57,TEMPO WORKLOAD,2025-07-15,4.0,TEM-5
70121:e997c5d5-1d6e-4973-80cb-28bfe7343a3f,TEMPO WORKLOAD,2025-07-15,8.0,TEM-2
607829da95f6fc006aab9e92,TEMPO WORKLOAD,2025-07-15,0.25,TEM-19
5eb2e91b96bbcb0b857bfa58,TEMPO WORKLOAD,2025-07-15,7.25,TEM-2
5c5857d6036b380b84dc8212,TEMPO WORKLOAD,2025-07-15,0.5,TEM-25
557058:c310fa79-8a55-492f-a2fe-6e69a7d7c4eb,TEMPO WORKLOAD,2025-07-15,8.0,TEM-2
613fb383e057c6006a1ccade,TEMPO WORKLOAD,2025-07-15,8.0,TEM-8
61e572d77ae0dc006a8b4e9b,TEMPO WORKLOAD,2025-07-15,10.0,TEM-26
712020:d26e58e6-874b-4243-ac4e-1d4cb867a542,TEMPO WORKLOAD,2025-07-15,8.0,TEM-8
5e751b85fad9000c325d9aae,TEMPO WORKLOAD,2025-07-15,6.5,TEM-8
712020:31918087-5a23-4883-b0d2-134f05828b32,TEMPO WORKLOAD,2025-07-15,3.0,TEM-14
712020:ab3c5ef0-a515-47fc-9cdd-3b5d0c219224,TEMPO WORKLOAD,2025-07-15,8.0,TEM-9
712020:91b42101-19bb-498d-9942-8850a5540c96,TEMPO WORKLOAD,2025-07-15,5.75,TEM-25
607829da95f6fc006aab9e92,TEMPO WORKLOAD,2025-07-15,7.183333333333334,TEM-19
6310a896316bbc56c4249184,TEMPO WORKLOAD,2025-07-15,0.25,TEM-10
5c8132a6e6e3160b9b6fd44d,TEMPO WORKLOAD,2025-07-15,1.25,TEM-13
6310a8963e578bb3b5feb9f3,TEMPO WORKLOAD,2025-07-15,2.0,TEM-13
5c5857d6036b380b84dc8212,TEMPO WORKLOAD,2025-07-15,0.5,TEM-25
6310a896316bbc56c4249184,TEMPO WORKLOAD,2025-07-15,0.5,TEM-13
61ddc1dcf3037f0069656c13,TEMPO WORKLOAD,2025-07-15,1.25,TEM-24
61ddc1dcf3037f0069656c13,TEMPO WORKLOAD,2025-07-15,1.25,TEM-24
61ddc1dcf3037f0069656c13,TEMPO WORKLOAD,2025-07-15,1.0,TEM-24
61ddc1dcf3037f0069656c13,TEMPO WORKLOAD,2025-07-15,0.5,TEM-24
61ddc1dcf3037f0069656c13,TEMPO WORKLOAD,2025-07-15,2.0,TEM-24
712020:6c5881b3-26a9-4223-a18b-14414e7b9d3a,TEMPO WORKLOAD,2025-07-15,8.0,TEM-7
712020:c24d4628-d885-44d1-8ec8-dd76d416436a,TEMPO WORKLOAD,2025-07-15,4.0,TEM-26
62fbd97aeec8d4a478d41a3b,TEMPO WORKLOAD,2025-07-15,3.0,TEM-18
712020:5912aa5b-0476-4091-834a-994381177d1a,TEMPO WORKLOAD,2025-07-15,1.0,TEM-18
5d6fae7bab129d0c306da857,TEMPO WORKLOAD,2025-07-15,0.5,TEM-13
6310a8954fbe9c4bd0edf82a,TEMPO WORKLOAD,2025-07-15,0.5,TEM-19
712020:11e8ce5a-06a7-43cf-9c5a-858eed6f0a07,TEMPO WORKLOAD,2025-07-15,8.0,TEM-5
6310a898316bbc56c4249187,TEMPO WORKLOAD,2025-07-15,0.5,TEM-21
712020:448afbe2-d875-40e8-9541-835a59cdf0a7,TEMPO WORKLOAD,2025-07-15,8.0,TEM-2
613fb43fe6c39d00721944a0,TEMPO WORKLOAD,2025-07-15,4.0,TEM-13
712020:76b2ab6b-f08d-4fef-9ced-52ff15fad7a0,TEMPO WORKLOAD,2025-07-15,0.4,TEM-21
712020:3268e7ac-2411-4ef8-a85a-d619f040639c,TEMPO WORKLOAD,2025-07-15,7.0,TEM-36
5e0de9b99af3650e9e3ffc97,TEMPO WORKLOAD,2025-07-15,0.5,TEM-28
637d1ac0f48fbd9b62d50fc3,TEMPO WORKLOAD,2025-07-15,8.0,TEM-8
712020:a7ee73c4-a6b3-4a8b-b22b-97aa3edf3ff7,TEMPO WORKLOAD,2025-07-15,4.0,TEM-8
712020:34c5700f-f485-4468-b4d7-06a7a3e2942b,TEMPO WORKLOAD,2025-07-15,4.0,TEM-7
5c5857d6036b380b84dc8212,TEMPO WORKLOAD,2025-07-15,5.0,TEM-25
712020:d8a16146-bc5b-4c61-9c5d-af3eaddace2b,TEMPO WORKLOAD,2025-07-15,8.0,TEM-5
712020:a3240ec7-ccb7-4e31-81ed-5338bd11acc2,TEMPO WORKLOAD,2025-07-15,4.0,TEM-8
63b6c257d3aeefa405443cf9,TEMPO WORKLOAD,2025-07-15,6.0,TEM-24
636e3660c383ad842147234a,TEMPO WORKLOAD,2025-07-15,2.0,TEM-26
557058:b0ab43f7-2329-4796-9a63-2abcf978b413,TEMPO WORKLOAD,2025-07-15,0.3333333333333333,TEM-26
6310a896316bbc56c4249184,TEMPO WORKLOAD,2025-07-15,1.5,TEM-13
712020:76b2ab6b-f08d-4fef-9ced-52ff15fad7a0,TEMPO WORKLOAD,2025-07-15,3.8333333333333335,TEM-21
63e1170728cddcc70773cbd6,TEMPO WORKLOAD,2025-07-15,8.0,TEM-14
6411cc617222b08f3e70f716,TEMPO WORKLOAD,2025-07-15,0.25,TEM-18
6310a8954fbe9c4bd0edf82a,TEMPO WORKLOAD,2025-07-15,0.25,TEM-19
6310a898316bbc56c4249187,TEMPO WORKLOAD,2025-07-15,0.5,TEM-21
5e0de9b99af3650e9e3ffc97,TEMPO WORKLOAD,2025-07-15,3.0,TEM-17
5d6fae7bab129d0c306da857,TEMPO WORKLOAD,2025-07-15,1.25,TEM-13
5dea6ce9b95b180d17cfc7df,TEMPO WORKLOAD,2025-07-15,1.0,TEM-28
6411cc617222b08f3e70f716,TEMPO WORKLOAD,2025-07-15,0.75,TEM-18
6310a8954fbe9c4bd0edf82a,TEMPO WORKLOAD,2025-07-15,3.25,TEM-19
712020:5912aa5b-0476-4091-834a-994381177d1a,TEMPO WORKLOAD,2025-07-15,0.5,TEM-18
6310a8976856bdd60a9eddae,TEMPO WORKLOAD,2025-07-15,2.0,TEM-14
712020:51261fb6-b689-4617-8eae-46a70a19df7c,TEMPO WORKLOAD,2025-07-15,7.0,TEM-9
6310a898316bbc56c4249187,TEMPO WORKLOAD,2025-07-15,2.5,TEM-21
5c8132a6e6e3160b9b6fd44d,TEMPO WORKLOAD,2025-07-15,1.25,TEM-13
712020:f518f4e7-7314-45a9-a3ef-723ad3fd6d7f,TEMPO WORKLOAD,2025-07-15,7.5,TEM-7
6324d3f3ce3e476e42ae2595,TEMPO WORKLOAD,2025-07-15,1.5,TEM-18
6411cc617222b08f3e70f716,TEMPO WORKLOAD,2025-07-15,0.5,TEM-18
6310a8963e578bb3b5feb9f3,TEMPO WORKLOAD,2025-07-15,3.0,TEM-13
712020:5912aa5b-0476-4091-834a-994381177d1a,TEMPO WORKLOAD,2025-07-15,0.75,TEM-18
5d6fae7bab129d0c306da857,TEMPO WORKLOAD,2025-07-15,0.25,TEM-13
6411cc617222b08f3e70f716,TEMPO WORKLOAD,2025-07-15,0.5,TEM-18
5d6fae7bab129d0c306da857,TEMPO WORKLOAD,2025-07-15,0.5,TEM-13
5dea6ce9b95b180d17cfc7df,TEMPO WORKLOAD,2025-07-15,2.0,TEM-28
6310a896316bbc56c4249184,TEMPO WORKLOAD,2025-07-15,0.5,TEM-13
712020:39d78a45-5732-4153-afaa-dc9227f4dfe3,TEMPO WORKLOAD,2025-07-15,2.0,TEM-8
712020:d6bab2e1-1616-4bfb-83a4-2be2aebf31ed,TEMPO WORKLOAD,2025-07-15,6.0,TEM-8
5f4d8530d0884f00492507dd,TEMPO WORKLOAD,2025-07-15,2.0,TEM-26
636e3660c383ad842147234a,TEMPO WORKLOAD,2025-07-15,2.0,TEM-26
712020:31918087-5a23-4883-b0d2-134f05828b32,TEMPO WORKLOAD,2025-07-15,3.0,TEM-14
712020:5912aa5b-0476-4091-834a-994381177d1a,TEMPO WORKLOAD,2025-07-15,3.25,TEM-18
6411cc617222b08f3e70f716,TEMPO WORKLOAD,2025-07-15,0.25,TEM-18
5c8132a6e6e3160b9b6fd44d,TEMPO WORKLOAD,2025-07-15,2.0,TEM-13
5d6fae7bab129d0c306da857,TEMPO WORKLOAD,2025-07-15,2.5,TEM-13
6411cc617222b08f3e70f716,TEMPO WORKLOAD,2025-07-15,1.0,TEM-18
6310a8976856bdd60a9eddae,TEMPO WORKLOAD,2025-07-15,4.0,TEM-14
62fbddc8bb0704a2a808bd57,TEMPO WORKLOAD,2025-07-15,4.0,TEM-7
6310a896316bbc56c4249184,TEMPO WORKLOAD,2025-07-15,1.25,TEM-13
6310a898316bbc56c4249187,TEMPO WORKLOAD,2025-07-15,0.5,TEM-21
5e0de9b99af3650e9e3ffc97,TEMPO WORKLOAD,2025-07-15,2.5,TEM-17
6411cc617222b08f3e70f716,TEMPO WORKLOAD,2025-07-15,0.5,TEM-18
613fb43fe6c39d00721944a0,TEMPO WORKLOAD,2025-07-15,1.0,TEM-13
6310a8954fbe9c4bd0edf82a,TEMPO WORKLOAD,2025-07-15,0.75,TEM-19
5dea6ce9b95b180d17cfc7df,TEMPO WORKLOAD,2025-07-15,1.0,TEM-28
712020:39d78a45-5732-4153-afaa-dc9227f4dfe3,TEMPO WORKLOAD,2025-07-15,3.0,TEM-9
712020:a3240ec7-ccb7-4e31-81ed-5338bd11acc2,TEMPO WORKLOAD,2025-07-15,4.0,TEM-8
712020:76b2ab6b-f08d-4fef-9ced-52ff15fad7a0,TEMPO WORKLOAD,2025-07-15,2.933333333333333,TEM-21
6411cc617222b08f3e70f716,TEMPO WORKLOAD,2025-07-15,2.75,TEM-18
6310a896316bbc56c4249184,TEMPO WORKLOAD,2025-07-15,1.5,TEM-13
6310a8963e578bb3b5feb9f3,TEMPO WORKLOAD,2025-07-15,2.5,TEM-13
6310a8954fbe9c4bd0edf82a,TEMPO WORKLOAD,2025-07-15,2.25,TEM-19
712020:5ee2f3fa-371b-4e6b-b912-594fc836bd92,TEMPO WORKLOAD,2025-07-15,6.0,TEM-30
613fb43fe6c39d00721944a0,TEMPO WORKLOAD,2025-07-15,2.0,TEM-13
5d6fae7bab129d0c306da857,TEMPO WORKLOAD,2025-07-15,1.5,TEM-13
5f45400afdc3f5003fee080b,TEMPO WORKLOAD,2025-07-15,1.0,TEM-14
712020:a7ee73c4-a6b3-4a8b-b22b-97aa3edf3ff7,TEMPO WORKLOAD,2025-07-15,4.0,TEM-8
712020:34c5700f-f485-4468-b4d7-06a7a3e2942b,TEMPO WORKLOAD,2025-07-15,1.5,TEM-7
712020:1e3eed0c-846c-4ebd-bec7-51d04bbb59c0,TEMPO WORKLOAD,2025-07-15,5.5,TEM-30
712020:91b42101-19bb-498d-9942-8850a5540c96,TEMPO WORKLOAD,2025-07-15,0.5,TEM-28
712020:31918087-5a23-4883-b0d2-134f05828b32,TEMPO WORKLOAD,2025-07-15,1.0,TEM-14
712020:5912aa5b-0476-4091-834a-994381177d1a,TEMPO WORKLOAD,2025-07-15,0.5,TEM-18
712020:91b42101-19bb-498d-9942-8850a5540c96,TEMPO WORKLOAD,2025-07-15,1.0,TEM-25
5c8132a6e6e3160b9b6fd44d,TEMPO WORKLOAD,2025-07-15,1.5,TEM-13
6310a896316bbc56c4249184,TEMPO WORKLOAD,2025-07-15,2.5,TEM-13
5f45400afdc3f5003fee080b,TEMPO WORKLOAD,2025-07-15,1.0,TEM-14
5e0de9b99af3650e9e3ffc97,TEMPO WORKLOAD,2025-07-15,0.5,TEM-17
607829da95f6fc006aab9e92,TEMPO WORKLOAD,2025-07-15,0.5833333333333334,TEM-19
712020:91b42101-19bb-498d-9942-8850a5540c96,TEMPO WORKLOAD,2025-07-15,1.0,TEM-22
5e0de9b99af3650e9e3ffc97,TEMPO WORKLOAD,2025-07-15,1.5,TEM-17
5d6fae7bab129d0c306da857,TEMPO WORKLOAD,2025-07-15,2.25,TEM-13
6310a8954fbe9c4bd0edf82a,TEMPO WORKLOAD,2025-07-15,1.0,TEM-19
6411cc617222b08f3e70f716,TEMPO WORKLOAD,2025-07-15,0.5,TEM-18
5c8132a6e6e3160b9b6fd44d,TEMPO WORKLOAD,2025-07-15,1.5,TEM-13
712020:76b2ab6b-f08d-4fef-9ced-52ff15fad7a0,TEMPO WORKLOAD,2025-07-15,0.8333333333333334,TEM-21
712020:34c5700f-f485-4468-b4d7-06a7a3e2942b,TEMPO WORKLOAD,2025-07-15,1.5,TEM-7
712020:76b2ab6b-f08d-4fef-9ced-52ff15fad7a0,TEMPO WORKLOAD,2025-07-15,2.0,TEM-27
712020:3268e7ac-2411-4ef8-a85a-d619f040639c,TEMPO WORKLOAD,2025-07-15,1.0,TEM-36
6310a8963e578bb3b5feb9f3,TEMPO WORKLOAD,2025-07-15,1.0,TEM-13
613fb43fe6c39d00721944a0,TEMPO WORKLOAD,2025-07-15,1.0,TEM-13
6310a896316bbc56c4249184,TEMPO WORKLOAD,2025-07-15,1.0,TEM-13
712020:05c80f08-99ab-4608-9ac1-8c3c43fbef01,TEMPO WORKLOAD,2025-07-16,0.25,TEM-25
712020:05c80f08-99ab-4608-9ac1-8c3c43fbef01,TEMPO WORKLOAD,2025-07-16,8.0,TEM-17
712020:1e3eed0c-846c-4ebd-bec7-51d04bbb59c0,TEMPO WORKLOAD,2025-07-16,3.0,TEM-30
5dbc42d12757660db6144b56,TEMPO WORKLOAD,2025-07-16,8.0,TEM-2
6310a896316bbc56c4249184,TEMPO WORKLOAD,2025-07-16,0.5,TEM-13
712020:5ee2f3fa-371b-4e6b-b912-594fc836bd92,TEMPO WORKLOAD,2025-07-16,5.0,TEM-30
6411cc617222b08f3e70f716,TEMPO WORKLOAD,2025-07-16,2.75,TEM-18
6324d3f3ce3e476e42ae2595,TEMPO WORKLOAD,2025-07-16,1.5,TEM-18
6310a8976856bdd60a9eddae,TEMPO WORKLOAD,2025-07-16,0.75,TEM-14
5f45400afdc3f5003fee080b,TEMPO WORKLOAD,2025-07-16,1.0,TEM-14
712020:db40572b-4fd3-49a2-b4c1-620d9be82a65,TEMPO WORKLOAD,2025-07-16,8.0,TEM-9
712020:f5cdecd9-64db-4d5e-b4a2-c8f4b7201212,TEMPO WORKLOAD,2025-07-16,8.0,TEM-9
712020:02ccfc0c-5c0f-4e48-8f91-fb3bb584a2dc,TEMPO WORKLOAD,2025-07-16,8.0,TEM-9
5c8132a6e6e3160b9b6fd44d,TEMPO WORKLOAD,2025-07-16,2.25,TEM-13
712020:39d78a45-5732-4153-afaa-dc9227f4dfe3,TEMPO WORKLOAD,2025-07-16,3.0,TEM-7
712020:f50b1e80-f1ef-440b-b954-716fbfdbc927,TEMPO WORKLOAD,2025-07-16,8.0,TEM-9
712020:f50b1e80-f1ef-440b-b954-716fbfdbc927,TEMPO WORKLOAD,2025-07-16,8.0,TEM-9
62fbddc8bb0704a2a808bd57,TEMPO WORKLOAD,2025-07-16,4.0,TEM-5
6310a8963e578bb3b5feb9f3,TEMPO WORKLOAD,2025-07-16,0.5,TEM-13
613fb43fe6c39d00721944a0,TEMPO WORKLOAD,2025-07-16,2.0,TEM-14
70121:e997c5d5-1d6e-4973-80cb-28bfe7343a3f,TEMPO WORKLOAD,2025-07-16,8.0,TEM-2
5eb2e91b96bbcb0b857bfa58,TEMPO WORKLOAD,2025-07-16,7.25,TEM-2
5c5857d6036b380b84dc8212,TEMPO WORKLOAD,2025-07-16,0.5,TEM-25
557058:c310fa79-8a55-492f-a2fe-6e69a7d7c4eb,TEMPO WORKLOAD,2025-07-16,8.0,TEM-2
613fb383e057c6006a1ccade,TEMPO WORKLOAD,2025-07-16,13.333333333333334,TEM-8
61e572d77ae0dc006a8b4e9b,TEMPO WORKLOAD,2025-07-16,10.0,TEM-26
557058:b0ab43f7-2329-4796-9a63-2abcf978b413,TEMPO WORKLOAD,2025-07-16,2.0,TEM-26
712020:d26e58e6-874b-4243-ac4e-1d4cb867a542,TEMPO WORKLOAD,2025-07-16,8.0,TEM-8
5e751b85fad9000c325d9aae,TEMPO WORKLOAD,2025-07-16,10.25,TEM-8
712020:31918087-5a23-4883-b0d2-134f05828b32,TEMPO WORKLOAD,2025-07-16,6.0,TEM-14
712020:ab3c5ef0-a515-47fc-9cdd-3b5d0c219224,TEMPO WORKLOAD,2025-07-16,8.0,TEM-9
6310a896316bbc56c4249184,TEMPO WORKLOAD,2025-07-16,0.25,TEM-10
6310a8963e578bb3b5feb9f3,TEMPO WORKLOAD,2025-07-16,1.5,TEM-13
5c5857d6036b380b84dc8212,TEMPO WORKLOAD,2025-07-16,0.5,TEM-25
712020:c24d4628-d885-44d1-8ec8-dd76d416436a,TEMPO WORKLOAD,2025-07-16,2.5,TEM-26
6310a896316bbc56c4249184,TEMPO WORKLOAD,2025-07-16,2.25,TEM-13
61ddc1dcf3037f0069656c13,TEMPO WORKLOAD,2025-07-16,1.5,TEM-24
61ddc1dcf3037f0069656c13,TEMPO WORKLOAD,2025-07-16,0.5,TEM-24
61ddc1dcf3037f0069656c13,TEMPO WORKLOAD,2025-07-16,2.5,TEM-24
61ddc1dcf3037f0069656c13,TEMPO WORKLOAD,2025-07-16,2.0,TEM-24
6310a8976856bdd60a9eddae,TEMPO WORKLOAD,2025-07-16,5.0,TEM-14
712020:34c5700f-f485-4468-b4d7-06a7a3e2942b,TEMPO WORKLOAD,2025-07-16,4.0,TEM-7
712020:6c5881b3-26a9-4223-a18b-14414e7b9d3a,TEMPO WORKLOAD,2025-07-16,8.0,TEM-7
712020:c2d6f64b-7c18-4b58-9189-57c8823f4f64,TEMPO WORKLOAD,2025-07-16,8.0,TEM-5
712020:11e8ce5a-06a7-43cf-9c5a-858eed6f0a07,TEMPO WORKLOAD,2025-07-16,8.0,TEM-5
5f45400afdc3f5003fee080b,TEMPO WORKLOAD,2025-07-16,2.0,TEM-14
5d6fae7bab129d0c306da857,TEMPO WORKLOAD,2025-07-16,0.5,TEM-13
712020:f71fff89-9283-4b8c-afc6-a4ccda67573c,TEMPO WORKLOAD,2025-07-16,8.0,TEM-7
6310a8954fbe9c4bd0edf82a,TEMPO WORKLOAD,2025-07-16,0.5,TEM-19
712020:3268e7ac-2411-4ef8-a85a-d619f040639c,TEMPO WORKLOAD,2025-07-16,6.0,TEM-36
62fbd97aeec8d4a478d41a3b,TEMPO WORKLOAD,2025-07-16,8.0,TEM-17
637d1ac0f48fbd9b62d50fc3,TEMPO WORKLOAD,2025-07-16,8.0,TEM-8
712020:a7ee73c4-a6b3-4a8b-b22b-97aa3edf3ff7,TEMPO WORKLOAD,2025-07-16,4.0,TEM-8
6310a898316bbc56c4249187,TEMPO WORKLOAD,2025-07-16,0.5,TEM-21
5c5857d6036b380b84dc8212,TEMPO WORKLOAD,2025-07-16,5.0,TEM-25
5e0de9b99af3650e9e3ffc97,TEMPO WORKLOAD,2025-07-16,0.5,TEM-25
712020:d8a16146-bc5b-4c61-9c5d-af3eaddace2b,TEMPO WORKLOAD,2025-07-16,8.0,TEM-5
712020:76b2ab6b-f08d-4fef-9ced-52ff15fad7a0,TEMPO WORKLOAD,2025-07-16,0.4,TEM-21
712020:a3240ec7-ccb7-4e31-81ed-5338bd11acc2,TEMPO WORKLOAD,2025-07-16,4.0,TEM-8
63b6c257d3aeefa405443cf9,TEMPO WORKLOAD,2025-07-16,6.0,TEM-24
712020:5912aa5b-0476-4091-834a-994381177d1a,TEMPO WORKLOAD,2025-07-16,2.5,TEM-18
712020:76b2ab6b-f08d-4fef-9ced-52ff15fad7a0,TEMPO WORKLOAD,2025-07-16,3.8333333333333335,TEM-21
5d6fae7bab129d0c306da857,TEMPO WORKLOAD,2025-07-16,0.75,TEM-13
63e1170728cddcc70773cbd6,TEMPO WORKLOAD,2025-07-16,4.5,TEM-14
6310a8954fbe9c4bd0edf82a,TEMPO WORKLOAD,2025-07-16,0.25,TEM-19
5e0de9b99af3650e9e3ffc97,TEMPO WORKLOAD,2025-07-16,2.5,TEM-17
6310a898316bbc56c4249187,TEMPO WORKLOAD,2025-07-16,2.0,TEM-21
6310a8954fbe9c4bd0edf82a,TEMPO WORKLOAD,2025-07-16,1.75,TEM-19
5dea6ce9b95b180d17cfc7df,TEMPO WORKLOAD,2025-07-16,1.0,TEM-28
6310a8963e578bb3b5feb9f3,TEMPO WORKLOAD,2025-07-16,4.0,TEM-13
613fb43fe6c39d00721944a0,TEMPO WORKLOAD,2025-07-16,4.0,TEM-13
5f4d8530d0884f00492507dd,TEMPO WORKLOAD,2025-07-16,2.0,TEM-26
557058:b0ab43f7-2329-4796-9a63-2abcf978b413,TEMPO WORKLOAD,2025-07-16,1.0,TEM-26
636e3660c383ad842147234a,TEMPO WORKLOAD,2025-07-16,2.0,TEM-26
5d6fae7bab129d0c306da857,TEMPO WORKLOAD,2025-07-16,0.75,TEM-13
5c8132a6e6e3160b9b6fd44d,TEMPO WORKLOAD,2025-07-16,1.5,TEM-13
712020:f518f4e7-7314-45a9-a3ef-723ad3fd6d7f,TEMPO WORKLOAD,2025-07-16,7.5,TEM-7
712020:1e3eed0c-846c-4ebd-bec7-51d04bbb59c0,TEMPO WORKLOAD,2025-07-16,0.5,TEM-30
6411cc617222b08f3e70f716,TEMPO WORKLOAD,2025-07-16,3.75,TEM-18
6310a896316bbc56c4249184,TEMPO WORKLOAD,2025-07-16,1.5,TEM-13
63600fdb1cc605b1fd177862,TEMPO WORKLOAD,2025-07-16,1.0,TEM-6
5dea6ce9b95b180d17cfc7df,TEMPO WORKLOAD,2025-07-16,1.5,TEM-15
712020:39d78a45-5732-4153-afaa-dc9227f4dfe3,TEMPO WORKLOAD,2025-07-16,2.0,TEM-8
5f45400afdc3f5003fee080b,TEMPO WORKLOAD,2025-07-16,2.0,TEM-14
712020:1e3eed0c-846c-4ebd-bec7-51d04bbb59c0,TEMPO WORKLOAD,2025-07-16,1.0,TEM-30
712020:d6bab2e1-1616-4bfb-83a4-2be2aebf31ed,TEMPO WORKLOAD,2025-07-16,6.0,TEM-8
712020:c24d4628-d885-44d1-8ec8-dd76d416436a,TEMPO WORKLOAD,2025-07-16,1.5,TEM-15
712020:5912aa5b-0476-4091-834a-994381177d1a,TEMPO WORKLOAD,2025-07-16,0.75,TEM-18
6310a898316bbc56c4249187,TEMPO WORKLOAD,2025-07-16,1.5,TEM-21
6310a8954fbe9c4bd0edf82a,TEMPO WORKLOAD,2025-07-16,3.0,TEM-19
712020:51261fb6-b689-4617-8eae-46a70a19df7c,TEMPO WORKLOAD,2025-07-16,6.5,TEM-7
5e0de9b99af3650e9e3ffc97,TEMPO WORKLOAD,2025-07-16,1.0,TEM-17
62fbddc8bb0704a2a808bd57,TEMPO WORKLOAD,2025-07-16,4.0,TEM-7
5d6fae7bab129d0c306da857,TEMPO WORKLOAD,2025-07-16,1.0,TEM-13
5c8132a6e6e3160b9b6fd44d,TEMPO WORKLOAD,2025-07-16,1.5,TEM-13
712020:5912aa5b-0476-4091-834a-994381177d1a,TEMPO WORKLOAD,2025-07-16,2.75,TEM-18
6310a896316bbc56c4249184,TEMPO WORKLOAD,2025-07-16,1.0,TEM-13
636e3660c383ad842147234a,TEMPO WORKLOAD,2025-07-16,2.0,TEM-15
5dea6ce9b95b180d17cfc7df,TEMPO WORKLOAD,2025-07-16,1.0,TEM-28
712020:39d78a45-5732-4153-afaa-dc9227f4dfe3,TEMPO WORKLOAD,2025-07-16,3.0,TEM-9
5f45400afdc3f5003fee080b,TEMPO WORKLOAD,2025-07-16,2.0,TEM-14
5e0de9b99af3650e9e3ffc97,TEMPO WORKLOAD,2025-07-16,3.0,TEM-17
5d6fae7bab129d0c306da857,TEMPO WORKLOAD,2025-07-16,1.0,TEM-13
712020:a3240ec7-ccb7-4e31-81ed-5338bd11acc2,TEMPO WORKLOAD,2025-07-16,4.0,TEM-8
712020:76b2ab6b-f08d-4fef-9ced-52ff15fad7a0,TEMPO WORKLOAD,2025-07-16,2.933333333333333,TEM-21
6310a896316bbc56c4249184,TEMPO WORKLOAD,2025-07-16,1.5,TEM-13
6310a8976856bdd60a9eddae,TEMPO WORKLOAD,2025-07-16,2.0,TEM-14
63e1170728cddcc70773cbd6,TEMPO WORKLOAD,2025-07-16,4.0,TEM-14
613fb43fe6c39d00721944a0,TEMPO WORKLOAD,2025-07-16,2.0,TEM-13
712020:5ee2f3fa-371b-4e6b-b912-594fc836bd92,TEMPO WORKLOAD,2025-07-16,5.0,TEM-30
712020:a7ee73c4-a6b3-4a8b-b22b-97aa3edf3ff7,TEMPO WORKLOAD,2025-07-16,4.0,TEM-8
5d6fae7bab129d0c306da857,TEMPO WORKLOAD,2025-07-16,4.0,TEM-13
712020:34c5700f-f485-4468-b4d7-06a7a3e2942b,TEMPO WORKLOAD,2025-07-16,3.0,TEM-7
6310a8963e578bb3b5feb9f3,TEMPO WORKLOAD,2025-07-16,1.0,TEM-13
712020:1e3eed0c-846c-4ebd-bec7-51d04bbb59c0,TEMPO WORKLOAD,2025-07-16,4.0,TEM-30
5c5857d6036b380b84dc8212,TEMPO WORKLOAD,2025-07-16,2.0,TEM-25
712020:91b42101-19bb-498d-9942-8850a5540c96,TEMPO WORKLOAD,2025-07-16,0.5,TEM-28
712020:31918087-5a23-4883-b0d2-134f05828b32,TEMPO WORKLOAD,2025-07-16,1.0,TEM-14
6411cc617222b08f3e70f716,TEMPO WORKLOAD,2025-07-16,0.5,TEM-18
6310a8954fbe9c4bd0edf82a,TEMPO WORKLOAD,2025-07-16,0.5,TEM-23
6411cc617222b08f3e70f716,TEMPO WORKLOAD,2025-07-16,0.5,TEM-18
5dea6ce9b95b180d17cfc7df,TEMPO WORKLOAD,2025-07-16,0.5,TEM-43
6310a896316bbc56c4249184,TEMPO WORKLOAD,2025-07-16,1.0,TEM-13
6310a8954fbe9c4bd0edf82a,TEMPO WORKLOAD,2025-07-16,1.5,TEM-19
5f45400afdc3f5003fee080b,TEMPO WORKLOAD,2025-07-16,0.5,TEM-14
6310a8963e578bb3b5feb9f3,TEMPO WORKLOAD,2025-07-16,1.0,TEM-13
6310a8976856bdd60a9eddae,TEMPO WORKLOAD,2025-07-16,0.25,TEM-14
6310a896316bbc56c4249184,TEMPO WORKLOAD,2025-07-16,1.0,TEM-13
712020:76b2ab6b-f08d-4fef-9ced-52ff15fad7a0,TEMPO WORKLOAD,2025-07-16,0.8333333333333334,TEM-21
712020:76b2ab6b-f08d-4fef-9ced-52ff15fad7a0,TEMPO WORKLOAD,2025-07-16,2.0,TEM-27
6310a8954fbe9c4bd0edf82a,TEMPO WORKLOAD,2025-07-16,1.0,TEM-19
6310a8954fbe9c4bd0edf82a,TEMPO WORKLOAD,2025-07-16,1.5,TEM-19
712020:1e3eed0c-846c-4ebd-bec7-51d04bbb59c0,TEMPO WORKLOAD,2025-07-16,2.0,TEM-30
6310a8954fbe9c4bd0edf82a,TEMPO WORKLOAD,2025-07-16,1.0,TEM-19
712020:1e3eed0c-846c-4ebd-bec7-51d04bbb59c0,TEMPO WORKLOAD,2025-07-17,1.5,TEM-30
712020:05c80f08-99ab-4608-9ac1-8c3c43fbef01,TEMPO WORKLOAD,2025-07-17,0.75,TEM-25
712020:05c80f08-99ab-4608-9ac1-8c3c43fbef01,TEMPO WORKLOAD,2025-07-17,0.25,TEM-25
712020:05c80f08-99ab-4608-9ac1-8c3c43fbef01,TEMPO WORKLOAD,2025-07-17,8.0,TEM-17
5dbc42d12757660db6144b56,TEMPO WORKLOAD,2025-07-17,8.0,TEM-2
613fb43fe6c39d00721944a0,TEMPO WORKLOAD,2025-07-17,0.5,TEM-14
6411cc617222b08f3e70f716,TEMPO WORKLOAD,2025-07-17,1.0,TEM-18
712020:5ee2f3fa-371b-4e6b-b912-594fc836bd92,TEMPO WORKLOAD,2025-07-17,5.0,TEM-30
6022a0ace7deee0069225fbd,TEMPO WORKLOAD,2025-07-17,1.0,TEM-28
6310a8963e578bb3b5feb9f3,TEMPO WORKLOAD,2025-07-17,0.5,TEM-13
5c8132a6e6e3160b9b6fd44d,TEMPO WORKLOAD,2025-07-17,1.25,TEM-13
712020:db40572b-4fd3-49a2-b4c1-620d9be82a65,TEMPO WORKLOAD,2025-07-17,8.0,TEM-9
712020:39d78a45-5732-4153-afaa-dc9227f4dfe3,TEMPO WORKLOAD,2025-07-17,3.0,TEM-7
5f45400afdc3f5003fee080b,TEMPO WORKLOAD,2025-07-17,0.75,TEM-14
712020:f50b1e80-f1ef-440b-b954-716fbfdbc927,TEMPO WORKLOAD,2025-07-17,8.0,TEM-9
6310a8976856bdd60a9eddae,TEMPO WORKLOAD,2025-07-17,3.0,TEM-14
6310a896316bbc56c4249184,TEMPO WORKLOAD,2025-07-17,0.5,TEM-13
62fbddc8bb0704a2a808bd57,TEMPO WORKLOAD,2025-07-17,4.0,TEM-5
712020:1e3eed0c-846c-4ebd-bec7-51d04bbb59c0,TEMPO WORKLOAD,2025-07-17,2.5,TEM-30
712020:02ccfc0c-5c0f-4e48-8f91-fb3bb584a2dc,TEMPO WORKLOAD,2025-07-17,8.0,TEM-9
70121:e997c5d5-1d6e-4973-80cb-28bfe7343a3f,TEMPO WORKLOAD,2025-07-17,8.0,TEM-2
5eb2e91b96bbcb0b857bfa58,TEMPO WORKLOAD,2025-07-17,7.25,TEM-2
5c5857d6036b380b84dc8212,TEMPO WORKLOAD,2025-07-17,0.5,TEM-25
557058:c310fa79-8a55-492f-a2fe-6e69a7d7c4eb,TEMPO WORKLOAD,2025-07-17,8.0,TEM-2
613fb383e057c6006a1ccade,TEMPO WORKLOAD,2025-07-17,8.0,TEM-8
61e572d77ae0dc006a8b4e9b,TEMPO WORKLOAD,2025-07-17,10.0,TEM-26
557058:b0ab43f7-2329-4796-9a63-2abcf978b413,TEMPO WORKLOAD,2025-07-17,0.3333333333333333,TEM-26
712020:d26e58e6-874b-4243-ac4e-1d4cb867a542,TEMPO WORKLOAD,2025-07-17,8.0,TEM-8
5e751b85fad9000c325d9aae,TEMPO WORKLOAD,2025-07-17,8.0,TEM-8
712020:31918087-5a23-4883-b0d2-134f05828b32,TEMPO WORKLOAD,2025-07-17,0.75,TEM-14
712020:ab3c5ef0-a515-47fc-9cdd-3b5d0c219224,TEMPO WORKLOAD,2025-07-17,8.0,TEM-9
557058:b0ab43f7-2329-4796-9a63-2abcf978b413,TEMPO WORKLOAD,2025-07-17,1.0,TEM-26
613fb43fe6c39d00721944a0,TEMPO WORKLOAD,2025-07-17,1.0,TEM-13
6310a896316bbc56c4249184,TEMPO WORKLOAD,2025-07-17,0.25,TEM-10
6310a8963e578bb3b5feb9f3,TEMPO WORKLOAD,2025-07-17,2.5,TEM-13
5c5857d6036b380b84dc8212,TEMPO WORKLOAD,2025-07-17,0.5,TEM-25
712020:c24d4628-d885-44d1-8ec8-dd76d416436a,TEMPO WORKLOAD,2025-07-17,2.5,TEM-26
6310a896316bbc56c4249184,TEMPO WORKLOAD,2025-07-17,0.5,TEM-13
61ddc1dcf3037f0069656c13,TEMPO WORKLOAD,2025-07-17,2.0,TEM-24
61ddc1dcf3037f0069656c13,TEMPO WORKLOAD,2025-07-17,2.0,TEM-24
61ddc1dcf3037f0069656c13,TEMPO WORKLOAD,2025-07-17,0.75,TEM-24
61ddc1dcf3037f0069656c13,TEMPO WORKLOAD,2025-07-17,0.5,TEM-24
61ddc1dcf3037f0069656c13,TEMPO WORKLOAD,2025-07-17,0.75,TEM-24
5f45400afdc3f5003fee080b,TEMPO WORKLOAD,2025-07-17,3.0,TEM-14
712020:31918087-5a23-4883-b0d2-134f05828b32,TEMPO WORKLOAD,2025-07-17,6.0,TEM-14
712020:6c5881b3-26a9-4223-a18b-14414e7b9d3a,TEMPO WORKLOAD,2025-07-17,8.0,TEM-7
712020:5912aa5b-0476-4091-834a-994381177d1a,TEMPO WORKLOAD,2025-07-17,5.0,TEM-18
6022a0ace7deee0069225fbd,TEMPO WORKLOAD,2025-07-17,1.0,TEM-36
6411cc617222b08f3e70f716,TEMPO WORKLOAD,2025-07-17,0.25,TEM-18
712020:c2d6f64b-7c18-4b58-9189-57c8823f4f64,TEMPO WORKLOAD,2025-07-17,8.0,TEM-5
6310a8954fbe9c4bd0edf82a,TEMPO WORKLOAD,2025-07-17,0.5,TEM-19
712020:3268e7ac-2411-4ef8-a85a-d619f040639c,TEMPO WORKLOAD,2025-07-17,1.0,TEM-36
5d6fae7bab129d0c306da857,TEMPO WORKLOAD,2025-07-17,0.5,TEM-13
62fbd97aeec8d4a478d41a3b,TEMPO WORKLOAD,2025-07-17,1.0,TEM-18
712020:f71fff89-9283-4b8c-afc6-a4ccda67573c,TEMPO WORKLOAD,2025-07-17,8.0,TEM-7
637d1ac0f48fbd9b62d50fc3,TEMPO WORKLOAD,2025-07-17,8.0,TEM-8
712020:a7ee73c4-a6b3-4a8b-b22b-97aa3edf3ff7,TEMPO WORKLOAD,2025-07-17,4.0,TEM-8
6310a898316bbc56c4249187,TEMPO WORKLOAD,2025-07-17,0.5,TEM-21
5c5857d6036b380b84dc8212,TEMPO WORKLOAD,2025-07-17,5.0,TEM-25
5e0de9b99af3650e9e3ffc97,TEMPO WORKLOAD,2025-07-17,0.5,TEM-25
5c8132a6e6e3160b9b6fd44d,TEMPO WORKLOAD,2025-07-17,0.5,TEM-13
712020:d8a16146-bc5b-4c61-9c5d-af3eaddace2b,TEMPO WORKLOAD,2025-07-17,8.0,TEM-5
712020:76b2ab6b-f08d-4fef-9ced-52ff15fad7a0,TEMPO WORKLOAD,2025-07-17,1.7333333333333334,TEM-21
712020:a3240ec7-ccb7-4e31-81ed-5338bd11acc2,TEMPO WORKLOAD,2025-07-17,4.0,TEM-8
63b6c257d3aeefa405443cf9,TEMPO WORKLOAD,2025-07-17,6.0,TEM-24
6310a896316bbc56c4249184,TEMPO WORKLOAD,2025-07-17,0.5,TEM-13
6411cc617222b08f3e70f716,TEMPO WORKLOAD,2025-07-17,0.5,TEM-18
6310a8954fbe9c4bd0edf82a,TEMPO WORKLOAD,2025-07-17,0.25,TEM-19
5e0de9b99af3650e9e3ffc97,TEMPO WORKLOAD,2025-07-17,4.0,TEM-17
712020:34c5700f-f485-4468-b4d7-06a7a3e2942b,TEMPO WORKLOAD,2025-07-17,3.5,TEM-7
6310a898316bbc56c4249187,TEMPO WORKLOAD,2025-07-17,1.0,TEM-21
5d6fae7bab129d0c306da857,TEMPO WORKLOAD,2025-07-17,1.0,TEM-13
613fb43fe6c39d00721944a0,TEMPO WORKLOAD,2025-07-17,4.5,TEM-13
5c8132a6e6e3160b9b6fd44d,TEMPO WORKLOAD,2025-07-17,1.0,TEM-13
6310a8954fbe9c4bd0edf82a,TEMPO WORKLOAD,2025-07-17,3.5,TEM-19
6411cc617222b08f3e70f716,TEMPO WORKLOAD,2025-07-17,3.75,TEM-18
6310a896316bbc56c4249184,TEMPO WORKLOAD,2025-07-17,1.0,TEM-13
6022a0ace7deee0069225fbd,TEMPO WORKLOAD,2025-07-17,1.0,TEM-14
712020:3268e7ac-2411-4ef8-a85a-d619f040639c,TEMPO WORKLOAD,2025-07-17,4.0,TEM-36
712020:f518f4e7-7314-45a9-a3ef-723ad3fd6d7f,TEMPO WORKLOAD,2025-07-17,7.5,TEM-7
62fbd97aeec8d4a478d41a3b,TEMPO WORKLOAD,2025-07-17,7.0,TEM-17
5dea6ce9b95b180d17cfc7df,TEMPO WORKLOAD,2025-07-17,1.0,TEM-28
6310a898316bbc56c4249187,TEMPO WORKLOAD,2025-07-17,1.0,TEM-21
5d6fae7bab129d0c306da857,TEMPO WORKLOAD,2025-07-17,0.5,TEM-13
712020:1e3eed0c-846c-4ebd-bec7-51d04bbb59c0,TEMPO WORKLOAD,2025-07-17,0.5,TEM-30
5c8132a6e6e3160b9b6fd44d,TEMPO WORKLOAD,2025-07-17,1.0,TEM-13
712020:76b2ab6b-f08d-4fef-9ced-52ff15fad7a0,TEMPO WORKLOAD,2025-07-17,0.9833333333333333,TEM-21
6310a896316bbc56c4249184,TEMPO WORKLOAD,2025-07-17,1.25,TEM-13
6022a0ace7deee0069225fbd,TEMPO WORKLOAD,2025-07-17,1.25,TEM-13
5d6fae7bab129d0c306da857,TEMPO WORKLOAD,2025-07-17,1.25,TEM-13
712020:39d78a45-5732-4153-afaa-dc9227f4dfe3,TEMPO WORKLOAD,2025-07-17,2.0,TEM-8
6310a8976856bdd60a9eddae,TEMPO WORKLOAD,2025-07-17,0.75,TEM-14
6310a8963e578bb3b5feb9f3,TEMPO WORKLOAD,2025-07-17,1.25,TEM-13
712020:d6bab2e1-1616-4bfb-83a4-2be2aebf31ed,TEMPO WORKLOAD,2025-07-17,6.0,TEM-8
712020:51261fb6-b689-4617-8eae-46a70a19df7c,TEMPO WORKLOAD,2025-07-17,6.0,TEM-7
712020:c24d4628-d885-44d1-8ec8-dd76d416436a,TEMPO WORKLOAD,2025-07-17,1.5,TEM-15
636e3660c383ad842147234a,TEMPO WORKLOAD,2025-07-17,4.0,TEM-15
6310a898316bbc56c4249187,TEMPO WORKLOAD,2025-07-17,1.5,TEM-21
712020:76b2ab6b-f08d-4fef-9ced-52ff15fad7a0,TEMPO WORKLOAD,2025-07-17,1.3,TEM-21
5f45400afdc3f5003fee080b,TEMPO WORKLOAD,2025-07-17,1.25,TEM-14
6310a8976856bdd60a9eddae,TEMPO WORKLOAD,2025-07-17,3.25,TEM-14
712020:1e3eed0c-846c-4ebd-bec7-51d04bbb59c0,TEMPO WORKLOAD,2025-07-17,1.75,TEM-30
5c8132a6e6e3160b9b6fd44d,TEMPO WORKLOAD,2025-07-17,1.0,TEM-13
5dea6ce9b95b180d17cfc7df,TEMPO WORKLOAD,2025-07-17,0.25,TEM-28
62fbddc8bb0704a2a808bd57,TEMPO WORKLOAD,2025-07-17,4.0,TEM-7
5f4d8530d0884f00492507dd,TEMPO WORKLOAD,2025-07-17,2.0,TEM-26
6022a0ace7deee0069225fbd,TEMPO WORKLOAD,2025-07-17,0.75,TEM-13
6310a896316bbc56c4249184,TEMPO WORKLOAD,2025-07-17,1.0,TEM-13
6310a8963e578bb3b5feb9f3,TEMPO WORKLOAD,2025-07-17,3.75,TEM-13
5d6fae7bab129d0c306da857,TEMPO WORKLOAD,2025-07-17,1.0,TEM-13
5dea6ce9b95b180d17cfc7df,TEMPO WORKLOAD,2025-07-17,0.25,TEM-28
5c8132a6e6e3160b9b6fd44d,TEMPO WORKLOAD,2025-07-17,1.0,TEM-13
6022a0ace7deee0069225fbd,TEMPO WORKLOAD,2025-07-17,0.5,TEM-16
712020:39d78a45-5732-4153-afaa-dc9227f4dfe3,TEMPO WORKLOAD,2025-07-17,3.0,TEM-9
5f45400afdc3f5003fee080b,TEMPO WORKLOAD,2025-07-17,3.0,TEM-14
712020:a3240ec7-ccb7-4e31-81ed-5338bd11acc2,TEMPO WORKLOAD,2025-07-17,4.0,TEM-8
712020:76b2ab6b-f08d-4fef-9ced-52ff15fad7a0,TEMPO WORKLOAD,2025-07-17,3.033333333333333,TEM-21
6310a8954fbe9c4bd0edf82a,TEMPO WORKLOAD,2025-07-17,1.0,TEM-19
6310a896316bbc56c4249184,TEMPO WORKLOAD,2025-07-17,1.0,TEM-13
5d6fae7bab129d0c306da857,TEMPO WORKLOAD,2025-07-17,0.75,TEM-13
6411cc617222b08f3e70f716,TEMPO WORKLOAD,2025-07-17,1.0,TEM-18
5e0de9b99af3650e9e3ffc97,TEMPO WORKLOAD,2025-07-17,0.5,TEM-17
712020:5912aa5b-0476-4091-834a-994381177d1a,TEMPO WORKLOAD,2025-07-17,1.0,TEM-18
6022a0ace7deee0069225fbd,TEMPO WORKLOAD,2025-07-17,2.0,TEM-1
5e0de9b99af3650e9e3ffc97,TEMPO WORKLOAD,2025-07-17,3.0,TEM-17
712020:5ee2f3fa-371b-4e6b-b912-594fc836bd92,TEMPO WORKLOAD,2025-07-17,4.0,TEM-30
712020:a7ee73c4-a6b3-4a8b-b22b-97aa3edf3ff7,TEMPO WORKLOAD,2025-07-17,4.0,TEM-8
712020:34c5700f-f485-4468-b4d7-06a7a3e2942b,TEMPO WORKLOAD,2025-07-17,3.0,TEM-7
5d6fae7bab129d0c306da857,TEMPO WORKLOAD,2025-07-17,1.75,TEM-13
613fb43fe6c39d00721944a0,TEMPO WORKLOAD,2025-07-17,2.0,TEM-16
712020:1e3eed0c-846c-4ebd-bec7-51d04bbb59c0,TEMPO WORKLOAD,2025-07-17,1.0,TEM-30
5c5857d6036b380b84dc8212,TEMPO WORKLOAD,2025-07-17,1.0,TEM-25
712020:91b42101-19bb-498d-9942-8850a5540c96,TEMPO WORKLOAD,2025-07-17,0.5,TEM-28
6310a8954fbe9c4bd0edf82a,TEMPO WORKLOAD,2025-07-17,2.75,TEM-19
6411cc617222b08f3e70f716,TEMPO WORKLOAD,2025-07-17,0.5,TEM-18
5dea6ce9b95b180d17cfc7df,TEMPO WORKLOAD,2025-07-17,1.0,TEM-28
6411cc617222b08f3e70f716,TEMPO WORKLOAD,2025-07-17,1.0,TEM-18
712020:3268e7ac-2411-4ef8-a85a-d619f040639c,TEMPO WORKLOAD,2025-07-17,1.0,TEM-36
6310a896316bbc56c4249184,TEMPO WORKLOAD,2025-07-17,1.0,TEM-13
712020:1e3eed0c-846c-4ebd-bec7-51d04bbb59c0,TEMPO WORKLOAD,2025-07-17,0.5,TEM-30
6022a0ace7deee0069225fbd,TEMPO WORKLOAD,2025-07-17,1.0,TEM-13
6411cc617222b08f3e70f716,TEMPO WORKLOAD,2025-07-17,0.5,TEM-18
712020:3268e7ac-2411-4ef8-a85a-d619f040639c,TEMPO WORKLOAD,2025-07-17,2.0,TEM-36
6310a896316bbc56c4249184,TEMPO WORKLOAD,2025-07-17,1.0,TEM-13
712020:76b2ab6b-f08d-4fef-9ced-52ff15fad7a0,TEMPO WORKLOAD,2025-07-17,0.95,TEM-21
6411cc617222b08f3e70f716,TEMPO WORKLOAD,2025-07-17,0.5,TEM-18
6310a896316bbc56c4249184,TEMPO WORKLOAD,2025-07-17,2.0,TEM-13
712020:76b2ab6b-f08d-4fef-9ced-52ff15fad7a0,TEMPO WORKLOAD,2025-07-17,2.0,TEM-27
5d6fae7bab129d0c306da857,TEMPO WORKLOAD,2025-07-17,1.0,TEM-13
712020:05c80f08-99ab-4608-9ac1-8c3c43fbef01,TEMPO WORKLOAD,2025-07-18,0.25,TEM-25
712020:05c80f08-99ab-4608-9ac1-8c3c43fbef01,TEMPO WORKLOAD,2025-07-18,8.0,TEM-17
712020:1e3eed0c-846c-4ebd-bec7-51d04bbb59c0,TEMPO WORKLOAD,2025-07-18,3.5,TEM-30
5dbc42d12757660db6144b56,TEMPO WORKLOAD,2025-07-18,8.0,TEM-2
5c5857d6036b380b84dc8212,TEMPO WORKLOAD,2025-07-18,8.0,TEM-2
6310a896316bbc56c4249184,TEMPO WORKLOAD,2025-07-18,0.5,TEM-13
6411cc617222b08f3e70f716,TEMPO WORKLOAD,2025-07-18,1.25,TEM-18
712020:39d78a45-5732-4153-afaa-dc9227f4dfe3,TEMPO WORKLOAD,2025-07-18,3.0,TEM-7
5f45400afdc3f5003fee080b,TEMPO WORKLOAD,2025-07-18,0.5,TEM-14
712020:f50b1e80-f1ef-440b-b954-716fbfdbc927,TEMPO WORKLOAD,2025-07-18,8.0,TEM-9
61ddc1dcf3037f0069656c13,TEMPO WORKLOAD,2025-07-18,1.25,TEM-18
61ddc1dcf3037f0069656c13,TEMPO WORKLOAD,2025-07-18,0.5,TEM-18
62fbddc8bb0704a2a808bd57,TEMPO WORKLOAD,2025-07-18,4.0,TEM-5
712020:db40572b-4fd3-49a2-b4c1-620d9be82a65,TEMPO WORKLOAD,2025-07-18,8.0,TEM-7
6310a8963e578bb3b5feb9f3,TEMPO WORKLOAD,2025-07-18,0.5,TEM-13
6310a8976856bdd60a9eddae,TEMPO WORKLOAD,2025-07-18,3.0,TEM-14
5c8132a6e6e3160b9b6fd44d,TEMPO WORKLOAD,2025-07-18,8.0,TEM-2
712020:02ccfc0c-5c0f-4e48-8f91-fb3bb584a2dc,TEMPO WORKLOAD,2025-07-18,8.0,TEM-7
70121:e997c5d5-1d6e-4973-80cb-28bfe7343a3f,TEMPO WORKLOAD,2025-07-18,8.0,TEM-2
5eb2e91b96bbcb0b857bfa58,TEMPO WORKLOAD,2025-07-18,7.25,TEM-2
557058:c310fa79-8a55-492f-a2fe-6e69a7d7c4eb,TEMPO WORKLOAD,2025-07-18,8.0,TEM-2
613fb383e057c6006a1ccade,TEMPO WORKLOAD,2025-07-18,8.0,TEM-8
61e572d77ae0dc006a8b4e9b,TEMPO WORKLOAD,2025-07-18,10.0,TEM-26
613fb43fe6c39d00721944a0,TEMPO WORKLOAD,2025-07-18,3.0,TEM-36
557058:b0ab43f7-2329-4796-9a63-2abcf978b413,TEMPO WORKLOAD,2025-07-18,0.3333333333333333,TEM-26
712020:d26e58e6-874b-4243-ac4e-1d4cb867a542,TEMPO WORKLOAD,2025-07-18,8.0,TEM-8
712020:31918087-5a23-4883-b0d2-134f05828b32,TEMPO WORKLOAD,2025-07-18,4.0,TEM-14
712020:ab3c5ef0-a515-47fc-9cdd-3b5d0c219224,TEMPO WORKLOAD,2025-07-18,8.0,TEM-9
6310a896316bbc56c4249184,TEMPO WORKLOAD,2025-07-18,0.25,TEM-10
70121:716f3beb-9b1e-4b9c-bb75-d5716c9878b0,TEMPO WORKLOAD,2025-07-18,3.0,TEM-17
5f45400afdc3f5003fee080b,TEMPO WORKLOAD,2025-07-18,0.5,TEM-14
6310a8963e578bb3b5feb9f3,TEMPO WORKLOAD,2025-07-18,3.5,TEM-13
61ddc1dcf3037f0069656c13,TEMPO WORKLOAD,2025-07-18,4.5,TEM-24
6310a896316bbc56c4249184,TEMPO WORKLOAD,2025-07-18,3.0,TEM-13
712020:6c5881b3-26a9-4223-a18b-14414e7b9d3a,TEMPO WORKLOAD,2025-07-18,8.0,TEM-7
6310a898316bbc56c4249187,TEMPO WORKLOAD,2025-07-18,0.5,TEM-21
6310a8954fbe9c4bd0edf82a,TEMPO WORKLOAD,2025-07-18,8.0,TEM-2
62fbd97aeec8d4a478d41a3b,TEMPO WORKLOAD,2025-07-18,2.0,TEM-18
5d6fae7bab129d0c306da857,TEMPO WORKLOAD,2025-07-18,0.5,TEM-13
6022a0ace7deee0069225fbd,TEMPO WORKLOAD,2025-07-18,0.5,TEM-13
637d1ac0f48fbd9b62d50fc3,TEMPO WORKLOAD,2025-07-18,8.0,TEM-8
5e0de9b99af3650e9e3ffc97,TEMPO WORKLOAD,2025-07-18,2.0,TEM-17
712020:5ee2f3fa-371b-4e6b-b912-594fc836bd92,TEMPO WORKLOAD,2025-07-18,4.0,TEM-30
712020:a7ee73c4-a6b3-4a8b-b22b-97aa3edf3ff7,TEMPO WORKLOAD,2025-07-18,4.0,TEM-8
5f45400afdc3f5003fee080b,TEMPO WORKLOAD,2025-07-18,2.5,TEM-14
712020:c2d6f64b-7c18-4b58-9189-57c8823f4f64,TEMPO WORKLOAD,2025-07-18,8.0,TEM-5
712020:d8a16146-bc5b-4c61-9c5d-af3eaddace2b,TEMPO WORKLOAD,2025-07-18,8.0,TEM-5
712020:34c5700f-f485-4468-b4d7-06a7a3e2942b,TEMPO WORKLOAD,2025-07-18,4.0,TEM-7
712020:f71fff89-9283-4b8c-afc6-a4ccda67573c,TEMPO WORKLOAD,2025-07-18,8.0,TEM-7
712020:76b2ab6b-f08d-4fef-9ced-52ff15fad7a0,TEMPO WORKLOAD,2025-07-18,0.9333333333333333,TEM-21
712020:a3240ec7-ccb7-4e31-81ed-5338bd11acc2,TEMPO WORKLOAD,2025-07-18,4.0,TEM-8
712020:3268e7ac-2411-4ef8-a85a-d619f040639c,TEMPO WORKLOAD,2025-07-18,5.0,TEM-36
712020:5912aa5b-0476-4091-834a-994381177d1a,TEMPO WORKLOAD,2025-07-18,0.5,TEM-18
63b6c257d3aeefa405443cf9,TEMPO WORKLOAD,2025-07-18,6.0,TEM-24
6411cc617222b08f3e70f716,TEMPO WORKLOAD,2025-07-18,0.25,TEM-18
6411cc617222b08f3e70f716,TEMPO WORKLOAD,2025-07-18,2.5,TEM-18
6022a0ace7deee0069225fbd,TEMPO WORKLOAD,2025-07-18,0.5,TEM-14
5d6fae7bab129d0c306da857,TEMPO WORKLOAD,2025-07-18,0.5,TEM-13
6310a898316bbc56c4249187,TEMPO WORKLOAD,2025-07-18,1.0,TEM-21
712020:5912aa5b-0476-4091-834a-994381177d1a,TEMPO WORKLOAD,2025-07-18,0.5,TEM-18
712020:76b2ab6b-f08d-4fef-9ced-52ff15fad7a0,TEMPO WORKLOAD,2025-07-18,3.0833333333333335,TEM-21
6022a0ace7deee0069225fbd,TEMPO WORKLOAD,2025-07-18,1.0,TEM-13
5d6fae7bab129d0c306da857,TEMPO WORKLOAD,2025-07-18,0.5,TEM-13
712020:f518f4e7-7314-45a9-a3ef-723ad3fd6d7f,TEMPO WORKLOAD,2025-07-18,8.5,TEM-7
712020:5912aa5b-0476-4091-834a-994381177d1a,TEMPO WORKLOAD,2025-07-18,2.0,TEM-18
5d6fae7bab129d0c306da857,TEMPO WORKLOAD,2025-07-18,0.5,TEM-13
6310a898316bbc56c4249187,TEMPO WORKLOAD,2025-07-18,1.5,TEM-21
712020:1e3eed0c-846c-4ebd-bec7-51d04bbb59c0,TEMPO WORKLOAD,2025-07-18,1.5,TEM-30
5dea6ce9b95b180d17cfc7df,TEMPO WORKLOAD,2025-07-18,1.0,TEM-28
712020:39d78a45-5732-4153-afaa-dc9227f4dfe3,TEMPO WORKLOAD,2025-07-18,2.0,TEM-8
62fbd97aeec8d4a478d41a3b,TEMPO WORKLOAD,2025-07-18,6.0,TEM-17
6022a0ace7deee0069225fbd,TEMPO WORKLOAD,2025-07-18,0.5,TEM-16
5d6fae7bab129d0c306da857,TEMPO WORKLOAD,2025-07-18,0.5,TEM-13
5e0de9b99af3650e9e3ffc97,TEMPO WORKLOAD,2025-07-18,2.0,TEM-17
6310a8976856bdd60a9eddae,TEMPO WORKLOAD,2025-07-18,2.5,TEM-14
613fb43fe6c39d00721944a0,TEMPO WORKLOAD,2025-07-18,1.0,TEM-13
712020:d6bab2e1-1616-4bfb-83a4-2be2aebf31ed,TEMPO WORKLOAD,2025-07-18,6.0,TEM-8
712020:51261fb6-b689-4617-8eae-46a70a19df7c,TEMPO WORKLOAD,2025-07-18,6.0,TEM-7
5e751b85fad9000c325d9aae,TEMPO WORKLOAD,2025-07-18,6.0,TEM-8
6022a0ace7deee0069225fbd,TEMPO WORKLOAD,2025-07-18,0.5,TEM-14
5d6fae7bab129d0c306da857,TEMPO WORKLOAD,2025-07-18,0.5,TEM-13
5f45400afdc3f5003fee080b,TEMPO WORKLOAD,2025-07-18,3.0,TEM-14
6310a896316bbc56c4249184,TEMPO WORKLOAD,2025-07-18,0.5,TEM-13
6411cc617222b08f3e70f716,TEMPO WORKLOAD,2025-07-18,0.5,TEM-18
6022a0ace7deee0069225fbd,TEMPO WORKLOAD,2025-07-18,0.5,TEM-36
5d6fae7bab129d0c306da857,TEMPO WORKLOAD,2025-07-18,0.75,TEM-13
62fbddc8bb0704a2a808bd57,TEMPO WORKLOAD,2025-07-18,4.0,TEM-7
6310a898316bbc56c4249187,TEMPO WORKLOAD,2025-07-18,1.0,TEM-21
6310a8963e578bb3b5feb9f3,TEMPO WORKLOAD,2025-07-18,0.5,TEM-13
613fb43fe6c39d00721944a0,TEMPO WORKLOAD,2025-07-18,4.0,TEM-13
5dea6ce9b95b180d17cfc7df,TEMPO WORKLOAD,2025-07-18,0.25,TEM-28
712020:5912aa5b-0476-4091-834a-994381177d1a,TEMPO WORKLOAD,2025-07-18,0.75,TEM-18
5f4d8530d0884f00492507dd,TEMPO WORKLOAD,2025-07-18,2.0,TEM-26
712020:31918087-5a23-4883-b0d2-134f05828b32,TEMPO WORKLOAD,2025-07-18,3.25,TEM-14
6310a896316bbc56c4249184,TEMPO WORKLOAD,2025-07-18,3.25,TEM-13
636e3660c383ad842147234a,TEMPO WORKLOAD,2025-07-18,4.0,TEM-26
6411cc617222b08f3e70f716,TEMPO WORKLOAD,2025-07-18,0.75,TEM-18
6022a0ace7deee0069225fbd,TEMPO WORKLOAD,2025-07-18,0.5,TEM-13
6310a8963e578bb3b5feb9f3,TEMPO WORKLOAD,2025-07-18,2.5,TEM-13
5d6fae7bab129d0c306da857,TEMPO WORKLOAD,2025-07-18,0.5,TEM-13
712020:5912aa5b-0476-4091-834a-994381177d1a,TEMPO WORKLOAD,2025-07-18,0.25,TEM-18
712020:39d78a45-5732-4153-afaa-dc9227f4dfe3,TEMPO WORKLOAD,2025-07-18,3.0,TEM-9
5e0de9b99af3650e9e3ffc97,TEMPO WORKLOAD,2025-07-18,3.0,TEM-17
712020:a3240ec7-ccb7-4e31-81ed-5338bd11acc2,TEMPO WORKLOAD,2025-07-18,4.0,TEM-8
712020:5912aa5b-0476-4091-834a-994381177d1a,TEMPO WORKLOAD,2025-07-18,0.25,TEM-18
712020:76b2ab6b-f08d-4fef-9ced-52ff15fad7a0,TEMPO WORKLOAD,2025-07-18,3.9833333333333334,TEM-21
6411cc617222b08f3e70f716,TEMPO WORKLOAD,2025-07-18,0.25,TEM-18
5d6fae7bab129d0c306da857,TEMPO WORKLOAD,2025-07-18,0.5,TEM-13
712020:5912aa5b-0476-4091-834a-994381177d1a,TEMPO WORKLOAD,2025-07-18,0.25,TEM-18
6411cc617222b08f3e70f716,TEMPO WORKLOAD,2025-07-18,1.0,TEM-18
6310a8976856bdd60a9eddae,TEMPO WORKLOAD,2025-07-18,0.5,TEM-14
712020:5912aa5b-0476-4091-834a-994381177d1a,TEMPO WORKLOAD,2025-07-18,0.25,TEM-18
5d6fae7bab129d0c306da857,TEMPO WORKLOAD,2025-07-18,0.5,TEM-13
712020:5912aa5b-0476-4091-834a-994381177d1a,TEMPO WORKLOAD,2025-07-18,0.75,TEM-22
5dea6ce9b95b180d17cfc7df,TEMPO WORKLOAD,2025-07-18,1.0,TEM-28
712020:5ee2f3fa-371b-4e6b-b912-594fc836bd92,TEMPO WORKLOAD,2025-07-18,4.0,TEM-30
712020:a7ee73c4-a6b3-4a8b-b22b-97aa3edf3ff7,TEMPO WORKLOAD,2025-07-18,4.0,TEM-8
712020:34c5700f-f485-4468-b4d7-06a7a3e2942b,TEMPO WORKLOAD,2025-07-18,2.5,TEM-7
6310a8976856bdd60a9eddae,TEMPO WORKLOAD,2025-07-18,0.5,TEM-14
712020:91b42101-19bb-498d-9942-8850a5540c96,TEMPO WORKLOAD,2025-07-18,0.5,TEM-28
5d6fae7bab129d0c306da857,TEMPO WORKLOAD,2025-07-18,0.5,TEM-13
6411cc617222b08f3e70f716,TEMPO WORKLOAD,2025-07-18,0.5,TEM-18
6310a8976856bdd60a9eddae,TEMPO WORKLOAD,2025-07-18,0.5,TEM-14
5f45400afdc3f5003fee080b,TEMPO WORKLOAD,2025-07-18,0.5,TEM-14
712020:5912aa5b-0476-4091-834a-994381177d1a,TEMPO WORKLOAD,2025-07-18,0.5,TEM-18
712020:91b42101-19bb-498d-9942-8850a5540c96,TEMPO WORKLOAD,2025-07-18,0.5,TEM-28
5d6fae7bab129d0c306da857,TEMPO WORKLOAD,2025-07-18,0.5,TEM-13
6310a898316bbc56c4249187,TEMPO WORKLOAD,2025-07-18,1.0,TEM-21
6310a8963e578bb3b5feb9f3,TEMPO WORKLOAD,2025-07-18,1.0,TEM-13
5f45400afdc3f5003fee080b,TEMPO WORKLOAD,2025-07-18,0.5,TEM-14
712020:3268e7ac-2411-4ef8-a85a-d619f040639c,TEMPO WORKLOAD,2025-07-18,3.0,TEM-36
5d6fae7bab129d0c306da857,TEMPO WORKLOAD,2025-07-18,1.0,TEM-13
70121:716f3beb-9b1e-4b9c-bb75-d5716c9878b0,TEMPO WORKLOAD,2025-07-18,0.75,TEM-17
6310a898316bbc56c4249187,TEMPO WORKLOAD,2025-07-18,1.0,TEM-21
6310a896316bbc56c4249184,TEMPO WORKLOAD,2025-07-18,0.5,TEM-13
6022a0ace7deee0069225fbd,TEMPO WORKLOAD,2025-07-18,0.5,TEM-14
6022a0ace7deee0069225fbd,TEMPO WORKLOAD,2025-07-18,1.0,TEM-1
6310a896316bbc56c4249184,TEMPO WORKLOAD,2025-07-18,1.25,TEM-13
712020:76b2ab6b-f08d-4fef-9ced-52ff15fad7a0,TEMPO WORKLOAD,2025-07-18,2.0,TEM-27
6022a0ace7deee0069225fbd,TEMPO WORKLOAD,2025-07-18,0.5,TEM-13
712020:1e3eed0c-846c-4ebd-bec7-51d04bbb59c0,TEMPO WORKLOAD,2025-07-20,1.5,TEM-30
5d6fae7bab129d0c306da857,TEMPO WORKLOAD,2025-07-20,2.0,TEM-13
712020:05c80f08-99ab-4608-9ac1-8c3c43fbef01,TEMPO WORKLOAD,2025-07-21,0.25,TEM-25
712020:05c80f08-99ab-4608-9ac1-8c3c43fbef01,TEMPO WORKLOAD,2025-07-21,4.0,TEM-17
712020:05c80f08-99ab-4608-9ac1-8c3c43fbef01,TEMPO WORKLOAD,2025-07-21,4.0,TEM-17
712020:3268e7ac-2411-4ef8-a85a-d619f040639c,TEMPO WORKLOAD,2025-07-21,8.0,TEM-2
712020:39d78a45-5732-4153-afaa-dc9227f4dfe3,TEMPO WORKLOAD,2025-07-21,8.0,TEM-2
6411cc617222b08f3e70f716,TEMPO WORKLOAD,2025-07-21,0.25,TEM-18
5c8132a6e6e3160b9b6fd44d,TEMPO WORKLOAD,2025-07-21,1.25,TEM-13
5f45400afdc3f5003fee080b,TEMPO WORKLOAD,2025-07-21,0.5,TEM-14
6310a8976856bdd60a9eddae,TEMPO WORKLOAD,2025-07-21,0.5,TEM-14
5dbc42d12757660db6144b56,TEMPO WORKLOAD,2025-07-21,0.5,TEM-36
712020:db40572b-4fd3-49a2-b4c1-620d9be82a65,TEMPO WORKLOAD,2025-07-21,8.0,TEM-7
712020:02ccfc0c-5c0f-4e48-8f91-fb3bb584a2dc,TEMPO WORKLOAD,2025-07-21,8.0,TEM-9
5c5857d6036b380b84dc8212,TEMPO WORKLOAD,2025-07-21,0.5,TEM-25
557058:c310fa79-8a55-492f-a2fe-6e69a7d7c4eb,TEMPO WORKLOAD,2025-07-21,8.0,TEM-2
6324d3f3ce3e476e42ae2595,TEMPO WORKLOAD,2025-07-21,6.0,TEM-18
613fb383e057c6006a1ccade,TEMPO WORKLOAD,2025-07-21,6.333333333333333,TEM-8
61e572d77ae0dc006a8b4e9b,TEMPO WORKLOAD,2025-07-21,10.0,TEM-26
70121:e997c5d5-1d6e-4973-80cb-28bfe7343a3f,TEMPO WORKLOAD,2025-07-21,0.25,TEM-27
712020:f50b1e80-f1ef-440b-b954-716fbfdbc927,TEMPO WORKLOAD,2025-07-21,8.0,TEM-9
712020:6ad83a3e-a1e9-43e6-a0a2-7931a513de7f,TEMPO WORKLOAD,2025-07-21,1.0,TEM-17
613fb43fe6c39d00721944a0,TEMPO WORKLOAD,2025-07-21,1.0,TEM-13
6310a8963e578bb3b5feb9f3,TEMPO WORKLOAD,2025-07-21,0.5,TEM-13
557058:b0ab43f7-2329-4796-9a63-2abcf978b413,TEMPO WORKLOAD,2025-07-21,0.3333333333333333,TEM-26
712020:d26e58e6-874b-4243-ac4e-1d4cb867a542,TEMPO WORKLOAD,2025-07-21,8.0,TEM-8
5e751b85fad9000c325d9aae,TEMPO WORKLOAD,2025-07-21,8.0,TEM-2
712020:31918087-5a23-4883-b0d2-134f05828b32,TEMPO WORKLOAD,2025-07-21,2.0,TEM-14
712020:ab3c5ef0-a515-47fc-9cdd-3b5d0c219224,TEMPO WORKLOAD,2025-07-21,8.0,TEM-9
6411cc617222b08f3e70f716,TEMPO WORKLOAD,2025-07-21,2.5,TEM-18
70121:e997c5d5-1d6e-4973-80cb-28bfe7343a3f,TEMPO WORKLOAD,2025-07-21,4.0,TEM-15
636e3660c383ad842147234a,TEMPO WORKLOAD,2025-07-21,3.75,TEM-26
6022a0ace7deee0069225fbd,TEMPO WORKLOAD,2025-07-21,0.5,TEM-13
6310a8976856bdd60a9eddae,TEMPO WORKLOAD,2025-07-21,2.5,TEM-14
5f45400afdc3f5003fee080b,TEMPO WORKLOAD,2025-07-21,2.5,TEM-14
5eb2e91b96bbcb0b857bfa58,TEMPO WORKLOAD,2025-07-21,7.25,TEM-14
5dbc42d12757660db6144b56,TEMPO WORKLOAD,2025-07-21,1.0,TEM-36
5c5857d6036b380b84dc8212,TEMPO WORKLOAD,2025-07-21,0.5,TEM-25
6310a8963e578bb3b5feb9f3,TEMPO WORKLOAD,2025-07-21,0.5,TEM-13
6022a0ace7deee0069225fbd,TEMPO WORKLOAD,2025-07-21,1.0,TEM-36
712020:c2d6f64b-7c18-4b58-9189-57c8823f4f64,TEMPO WORKLOAD,2025-07-21,8.0,TEM-5
6310a898316bbc56c4249187,TEMPO WORKLOAD,2025-07-21,0.5,TEM-21
5dea6ce9b95b180d17cfc7df,TEMPO WORKLOAD,2025-07-21,2.0,TEM-28
5c5857d6036b380b84dc8212,TEMPO WORKLOAD,2025-07-21,5.0,TEM-25
712020:6c5881b3-26a9-4223-a18b-14414e7b9d3a,TEMPO WORKLOAD,2025-07-21,8.0,TEM-7
6310a896316bbc56c4249184,TEMPO WORKLOAD,2025-07-21,2.5,TEM-13
712020:f71fff89-9283-4b8c-afc6-a4ccda67573c,TEMPO WORKLOAD,2025-07-21,8.0,TEM-9
5e0de9b99af3650e9e3ffc97,TEMPO WORKLOAD,2025-07-21,3.0,TEM-17
712020:76b2ab6b-f08d-4fef-9ced-52ff15fad7a0,TEMPO WORKLOAD,2025-07-21,0.8333333333333334,TEM-21
712020:a3240ec7-ccb7-4e31-81ed-5338bd11acc2,TEMPO WORKLOAD,2025-07-21,4.0,TEM-8
5c8132a6e6e3160b9b6fd44d,TEMPO WORKLOAD,2025-07-21,2.5,TEM-13
712020:6ad83a3e-a1e9-43e6-a0a2-7931a513de7f,TEMPO WORKLOAD,2025-07-21,2.0,TEM-25
712020:5912aa5b-0476-4091-834a-994381177d1a,TEMPO WORKLOAD,2025-07-21,6.0,TEM-22
613fb43fe6c39d00721944a0,TEMPO WORKLOAD,2025-07-21,1.0,TEM-36
6310a8963e578bb3b5feb9f3,TEMPO WORKLOAD,2025-07-21,2.0,TEM-13
5d6fae7bab129d0c306da857,TEMPO WORKLOAD,2025-07-21,0.5,TEM-13
63b6c257d3aeefa405443cf9,TEMPO WORKLOAD,2025-07-21,6.0,TEM-24
712020:5ee2f3fa-371b-4e6b-b912-594fc836bd92,TEMPO WORKLOAD,2025-07-21,4.0,TEM-30
712020:d8a16146-bc5b-4c61-9c5d-af3eaddace2b,TEMPO WORKLOAD,2025-07-21,8.0,TEM-2
712020:a7ee73c4-a6b3-4a8b-b22b-97aa3edf3ff7,TEMPO WORKLOAD,2025-07-21,4.0,TEM-8
6310a8954fbe9c4bd0edf82a,TEMPO WORKLOAD,2025-07-21,0.5,TEM-19
5dbc42d12757660db6144b56,TEMPO WORKLOAD,2025-07-21,1.25,TEM-13
6310a898316bbc56c4249187,TEMPO WORKLOAD,2025-07-21,1.5,TEM-21
712020:51261fb6-b689-4617-8eae-46a70a19df7c,TEMPO WORKLOAD,2025-07-21,8.0,TEM-9
712020:34c5700f-f485-4468-b4d7-06a7a3e2942b,TEMPO WORKLOAD,2025-07-21,3.5,TEM-7
5d6fae7bab129d0c306da857,TEMPO WORKLOAD,2025-07-21,0.5,TEM-13
6310a8954fbe9c4bd0edf82a,TEMPO WORKLOAD,2025-07-21,0.25,TEM-19
6310a8954fbe9c4bd0edf82a,TEMPO WORKLOAD,2025-07-21,1.0,TEM-19
712020:76b2ab6b-f08d-4fef-9ced-52ff15fad7a0,TEMPO WORKLOAD,2025-07-21,1.1333333333333333,TEM-21
6022a0ace7deee0069225fbd,TEMPO WORKLOAD,2025-07-21,0.5,TEM-14
613fb43fe6c39d00721944a0,TEMPO WORKLOAD,2025-07-21,1.0,TEM-36
5d6fae7bab129d0c306da857,TEMPO WORKLOAD,2025-07-21,1.0,TEM-13
712020:31918087-5a23-4883-b0d2-134f05828b32,TEMPO WORKLOAD,2025-07-21,3.0,TEM-14
6022a0ace7deee0069225fbd,TEMPO WORKLOAD,2025-07-21,0.5,TEM-14
712020:f518f4e7-7314-45a9-a3ef-723ad3fd6d7f,TEMPO WORKLOAD,2025-07-21,8.25,TEM-7
6411cc617222b08f3e70f716,TEMPO WORKLOAD,2025-07-21,0.25,TEM-18
5dbc42d12757660db6144b56,TEMPO WORKLOAD,2025-07-21,0.5,TEM-16
6310a8954fbe9c4bd0edf82a,TEMPO WORKLOAD,2025-07-21,0.25,TEM-23
712020:76b2ab6b-f08d-4fef-9ced-52ff15fad7a0,TEMPO WORKLOAD,2025-07-21,4.483333333333333,TEM-21
6022a0ace7deee0069225fbd,TEMPO WORKLOAD,2025-07-21,1.5,TEM-13
6411cc617222b08f3e70f716,TEMPO WORKLOAD,2025-07-21,0.25,TEM-18
6310a898316bbc56c4249187,TEMPO WORKLOAD,2025-07-21,2.0,TEM-21
6310a8976856bdd60a9eddae,TEMPO WORKLOAD,2025-07-21,2.5,TEM-14
5f45400afdc3f5003fee080b,TEMPO WORKLOAD,2025-07-21,2.5,TEM-14
613fb43fe6c39d00721944a0,TEMPO WORKLOAD,2025-07-21,5.0,TEM-36
6310a8963e578bb3b5feb9f3,TEMPO WORKLOAD,2025-07-21,1.25,TEM-13
5d6fae7bab129d0c306da857,TEMPO WORKLOAD,2025-07-21,1.25,TEM-13
6310a8954fbe9c4bd0edf82a,TEMPO WORKLOAD,2025-07-21,4.0,TEM-19
6411cc617222b08f3e70f716,TEMPO WORKLOAD,2025-07-21,0.5,TEM-18
5dbc42d12757660db6144b56,TEMPO WORKLOAD,2025-07-21,3.0,TEM-16
712020:6ad83a3e-a1e9-43e6-a0a2-7931a513de7f,TEMPO WORKLOAD,2025-07-21,0.5,TEM-17
6310a896316bbc56c4249184,TEMPO WORKLOAD,2025-07-21,1.25,TEM-13
5c8132a6e6e3160b9b6fd44d,TEMPO WORKLOAD,2025-07-21,3.0,TEM-13
6411cc617222b08f3e70f716,TEMPO WORKLOAD,2025-07-21,4.75,TEM-18
6324d3f3ce3e476e42ae2595,TEMPO WORKLOAD,2025-07-21,1.4166666666666667,TEM-18
5dea6ce9b95b180d17cfc7df,TEMPO WORKLOAD,2025-07-21,0.25,TEM-28
712020:c24d4628-d885-44d1-8ec8-dd76d416436a,TEMPO WORKLOAD,2025-07-21,4.0,TEM-15
5e0de9b99af3650e9e3ffc97,TEMPO WORKLOAD,2025-07-21,0.5,TEM-17
5f4d8530d0884f00492507dd,TEMPO WORKLOAD,2025-07-21,2.0,TEM-26
636e3660c383ad842147234a,TEMPO WORKLOAD,2025-07-21,0.25,TEM-26
70121:e997c5d5-1d6e-4973-80cb-28bfe7343a3f,TEMPO WORKLOAD,2025-07-21,0.25,TEM-28
6310a8963e578bb3b5feb9f3,TEMPO WORKLOAD,2025-07-21,3.75,TEM-13
5d6fae7bab129d0c306da857,TEMPO WORKLOAD,2025-07-21,1.25,TEM-13
6022a0ace7deee0069225fbd,TEMPO WORKLOAD,2025-07-21,0.5,TEM-6
5e0de9b99af3650e9e3ffc97,TEMPO WORKLOAD,2025-07-21,3.0,TEM-17
6310a896316bbc56c4249184,TEMPO WORKLOAD,2025-07-21,0.5,TEM-13
712020:a3240ec7-ccb7-4e31-81ed-5338bd11acc2,TEMPO WORKLOAD,2025-07-21,4.0,TEM-8
712020:31918087-5a23-4883-b0d2-134f05828b32,TEMPO WORKLOAD,2025-07-21,2.0,TEM-14
6310a896316bbc56c4249184,TEMPO WORKLOAD,2025-07-21,0.25,TEM-13
6310a896316bbc56c4249184,TEMPO WORKLOAD,2025-07-21,2.0,TEM-13
6310a8976856bdd60a9eddae,TEMPO WORKLOAD,2025-07-21,2.5,TEM-14
5f45400afdc3f5003fee080b,TEMPO WORKLOAD,2025-07-21,2.5,TEM-14
5d6fae7bab129d0c306da857,TEMPO WORKLOAD,2025-07-21,2.0,TEM-13
6324d3f3ce3e476e42ae2595,TEMPO WORKLOAD,2025-07-21,0.75,TEM-18
712020:34c5700f-f485-4468-b4d7-06a7a3e2942b,TEMPO WORKLOAD,2025-07-21,2.0,TEM-7
712020:5ee2f3fa-371b-4e6b-b912-594fc836bd92,TEMPO WORKLOAD,2025-07-21,4.0,TEM-30
712020:a7ee73c4-a6b3-4a8b-b22b-97aa3edf3ff7,TEMPO WORKLOAD,2025-07-21,4.0,TEM-8
5dbc42d12757660db6144b56,TEMPO WORKLOAD,2025-07-21,0.75,TEM-17
5dbc42d12757660db6144b56,TEMPO WORKLOAD,2025-07-21,1.0,TEM-13
6310a8954fbe9c4bd0edf82a,TEMPO WORKLOAD,2025-07-21,0.75,TEM-23
712020:76b2ab6b-f08d-4fef-9ced-52ff15fad7a0,TEMPO WORKLOAD,2025-07-21,1.55,TEM-21
5e0de9b99af3650e9e3ffc97,TEMPO WORKLOAD,2025-07-21,1.0,TEM-17
6310a896316bbc56c4249184,TEMPO WORKLOAD,2025-07-21,1.5,TEM-13
5d6fae7bab129d0c306da857,TEMPO WORKLOAD,2025-07-21,0.5,TEM-13
6310a8954fbe9c4bd0edf82a,TEMPO WORKLOAD,2025-07-21,1.25,TEM-19
5d6fae7bab129d0c306da857,TEMPO WORKLOAD,2025-07-21,1.0,TEM-13
712020:76b2ab6b-f08d-4fef-9ced-52ff15fad7a0,TEMPO WORKLOAD,2025-07-21,2.0,TEM-27
712020:34c5700f-f485-4468-b4d7-06a7a3e2942b,TEMPO WORKLOAD,2025-07-21,2.0,TEM-7
712020:05c80f08-99ab-4608-9ac1-8c3c43fbef01,TEMPO WORKLOAD,2025-07-22,8.0,TEM-25
712020:39d78a45-5732-4153-afaa-dc9227f4dfe3,TEMPO WORKLOAD,2025-07-22,8.0,TEM-2
6411cc617222b08f3e70f716,TEMPO WORKLOAD,2025-07-22,6.0,TEM-18
5c5857d6036b380b84dc8212,TEMPO WORKLOAD,2025-07-22,0.5,TEM-25
557058:c310fa79-8a55-492f-a2fe-6e69a7d7c4eb,TEMPO WORKLOAD,2025-07-22,8.0,TEM-2
61e572d77ae0dc006a8b4e9b,TEMPO WORKLOAD,2025-07-22,10.0,TEM-26
712020:db40572b-4fd3-49a2-b4c1-620d9be82a65,TEMPO WORKLOAD,2025-07-22,8.0,TEM-9
613fb383e057c6006a1ccade,TEMPO WORKLOAD,2025-07-22,8.0,TEM-8
70121:e997c5d5-1d6e-4973-80cb-28bfe7343a3f,TEMPO WORKLOAD,2025-07-22,0.25,TEM-28
6310a8976856bdd60a9eddae,TEMPO WORKLOAD,2025-07-22,2.0,TEM-14
5f45400afdc3f5003fee080b,TEMPO WORKLOAD,2025-07-22,2.0,TEM-14
712020:f50b1e80-f1ef-440b-b954-716fbfdbc927,TEMPO WORKLOAD,2025-07-22,8.0,TEM-9
5c8132a6e6e3160b9b6fd44d,TEMPO WORKLOAD,2025-07-22,1.0,TEM-13
712020:6ad83a3e-a1e9-43e6-a0a2-7931a513de7f,TEMPO WORKLOAD,2025-07-22,1.0,TEM-25
613fb43fe6c39d00721944a0,TEMPO WORKLOAD,2025-07-22,1.0,TEM-36
6310a8963e578bb3b5feb9f3,TEMPO WORKLOAD,2025-07-22,0.5,TEM-13
5dbc42d12757660db6144b56,TEMPO WORKLOAD,2025-07-22,1.0,TEM-36
557058:b0ab43f7-2329-4796-9a63-2abcf978b413,TEMPO WORKLOAD,2025-07-22,0.3333333333333333,TEM-26
712020:d26e58e6-874b-4243-ac4e-1d4cb867a542,TEMPO WORKLOAD,2025-07-22,8.0,TEM-8
5e751b85fad9000c325d9aae,TEMPO WORKLOAD,2025-07-22,3.0,TEM-1
6324d3f3ce3e476e42ae2595,TEMPO WORKLOAD,2025-07-22,2.0,TEM-18
712020:31918087-5a23-4883-b0d2-134f05828b32,TEMPO WORKLOAD,2025-07-22,2.0,TEM-14
712020:ab3c5ef0-a515-47fc-9cdd-3b5d0c219224,TEMPO WORKLOAD,2025-07-22,8.0,TEM-9
70121:e997c5d5-1d6e-4973-80cb-28bfe7343a3f,TEMPO WORKLOAD,2025-07-22,1.05,TEM-28
636e3660c383ad842147234a,TEMPO WORKLOAD,2025-07-22,3.75,TEM-26
6310a896316bbc56c4249184,TEMPO WORKLOAD,2025-07-22,0.5,TEM-13
5c5857d6036b380b84dc8212,TEMPO WORKLOAD,2025-07-22,0.5,TEM-25
6310a8963e578bb3b5feb9f3,TEMPO WORKLOAD,2025-07-22,1.5,TEM-13
5eb2e91b96bbcb0b857bfa58,TEMPO WORKLOAD,2025-07-22,7.25,TEM-14
6310a896316bbc56c4249184,TEMPO WORKLOAD,2025-07-22,0.25,TEM-13
712020:34c5700f-f485-4468-b4d7-06a7a3e2942b,TEMPO WORKLOAD,2025-07-22,4.5,TEM-7
6310a898316bbc56c4249187,TEMPO WORKLOAD,2025-07-22,1.5,TEM-21
5dea6ce9b95b180d17cfc7df,TEMPO WORKLOAD,2025-07-22,1.0,TEM-28
5c5857d6036b380b84dc8212,TEMPO WORKLOAD,2025-07-22,5.0,TEM-25
712020:6c5881b3-26a9-4223-a18b-14414e7b9d3a,TEMPO WORKLOAD,2025-07-22,8.0,TEM-7
6310a896316bbc56c4249184,TEMPO WORKLOAD,2025-07-22,2.0,TEM-13
712020:d8a16146-bc5b-4c61-9c5d-af3eaddace2b,TEMPO WORKLOAD,2025-07-22,8.0,TEM-5
712020:c2d6f64b-7c18-4b58-9189-57c8823f4f64,TEMPO WORKLOAD,2025-07-22,8.0,TEM-5
6022a0ace7deee0069225fbd,TEMPO WORKLOAD,2025-07-22,4.0,TEM-2
712020:3268e7ac-2411-4ef8-a85a-d619f040639c,TEMPO WORKLOAD,2025-07-22,1.0,TEM-36
712020:f71fff89-9283-4b8c-afc6-a4ccda67573c,TEMPO WORKLOAD,2025-07-22,8.0,TEM-9
5e0de9b99af3650e9e3ffc97,TEMPO WORKLOAD,2025-07-22,2.5,TEM-17
712020:76b2ab6b-f08d-4fef-9ced-52ff15fad7a0,TEMPO WORKLOAD,2025-07-22,1.65,TEM-21
712020:a3240ec7-ccb7-4e31-81ed-5338bd11acc2,TEMPO WORKLOAD,2025-07-22,4.0,TEM-8
712020:6ad83a3e-a1e9-43e6-a0a2-7931a513de7f,TEMPO WORKLOAD,2025-07-22,0.5,TEM-25
712020:5912aa5b-0476-4091-834a-994381177d1a,TEMPO WORKLOAD,2025-07-22,5.0,TEM-22
613fb43fe6c39d00721944a0,TEMPO WORKLOAD,2025-07-22,5.0,TEM-36
5d6fae7bab129d0c306da857,TEMPO WORKLOAD,2025-07-22,0.5,TEM-13
5dbc42d12757660db6144b56,TEMPO WORKLOAD,2025-07-22,1.0,TEM-13
63b6c257d3aeefa405443cf9,TEMPO WORKLOAD,2025-07-22,6.0,TEM-24
712020:5ee2f3fa-371b-4e6b-b912-594fc836bd92,TEMPO WORKLOAD,2025-07-22,4.0,TEM-30
712020:a7ee73c4-a6b3-4a8b-b22b-97aa3edf3ff7,TEMPO WORKLOAD,2025-07-22,4.0,TEM-8
6310a8954fbe9c4bd0edf82a,TEMPO WORKLOAD,2025-07-22,0.5,TEM-19
5c8132a6e6e3160b9b6fd44d,TEMPO WORKLOAD,2025-07-22,2.5,TEM-13
70121:e997c5d5-1d6e-4973-80cb-28bfe7343a3f,TEMPO WORKLOAD,2025-07-22,0.5,TEM-15
5d6fae7bab129d0c306da857,TEMPO WORKLOAD,2025-07-22,0.5,TEM-13
6310a8954fbe9c4bd0edf82a,TEMPO WORKLOAD,2025-07-22,0.25,TEM-19
6310a8954fbe9c4bd0edf82a,TEMPO WORKLOAD,2025-07-22,7.25,TEM-19
70121:e997c5d5-1d6e-4973-80cb-28bfe7343a3f,TEMPO WORKLOAD,2025-07-22,2.0,TEM-15
712020:c24d4628-d885-44d1-8ec8-dd76d416436a,TEMPO WORKLOAD,2025-07-22,4.0,TEM-15
5f45400afdc3f5003fee080b,TEMPO WORKLOAD,2025-07-22,0.5,TEM-14
6310a8976856bdd60a9eddae,TEMPO WORKLOAD,2025-07-22,0.5,TEM-14
712020:3268e7ac-2411-4ef8-a85a-d619f040639c,TEMPO WORKLOAD,2025-07-22,2.5,TEM-36
6310a8963e578bb3b5feb9f3,TEMPO WORKLOAD,2025-07-22,1.0,TEM-13
5d6fae7bab129d0c306da857,TEMPO WORKLOAD,2025-07-22,1.0,TEM-13
5dbc42d12757660db6144b56,TEMPO WORKLOAD,2025-07-22,0.5,TEM-13
712020:31918087-5a23-4883-b0d2-134f05828b32,TEMPO WORKLOAD,2025-07-22,3.0,TEM-14
712020:f518f4e7-7314-45a9-a3ef-723ad3fd6d7f,TEMPO WORKLOAD,2025-07-22,8.0,TEM-7
6310a898316bbc56c4249187,TEMPO WORKLOAD,2025-07-22,2.5,TEM-21
712020:51261fb6-b689-4617-8eae-46a70a19df7c,TEMPO WORKLOAD,2025-07-22,6.5,TEM-9
5f45400afdc3f5003fee080b,TEMPO WORKLOAD,2025-07-22,2.75,TEM-14
6310a8976856bdd60a9eddae,TEMPO WORKLOAD,2025-07-22,2.75,TEM-14
5dbc42d12757660db6144b56,TEMPO WORKLOAD,2025-07-22,1.0,TEM-13
712020:76b2ab6b-f08d-4fef-9ced-52ff15fad7a0,TEMPO WORKLOAD,2025-07-22,3.216666666666667,TEM-21
5dea6ce9b95b180d17cfc7df,TEMPO WORKLOAD,2025-07-22,1.0,TEM-28
6310a896316bbc56c4249184,TEMPO WORKLOAD,2025-07-22,0.5,TEM-13
6324d3f3ce3e476e42ae2595,TEMPO WORKLOAD,2025-07-22,1.0,TEM-18
6310a8963e578bb3b5feb9f3,TEMPO WORKLOAD,2025-07-22,1.0,TEM-13
5d6fae7bab129d0c306da857,TEMPO WORKLOAD,2025-07-22,1.0,TEM-13
5e751b85fad9000c325d9aae,TEMPO WORKLOAD,2025-07-22,4.5,TEM-8
5e0de9b99af3650e9e3ffc97,TEMPO WORKLOAD,2025-07-22,3.0,TEM-17
6310a896316bbc56c4249184,TEMPO WORKLOAD,2025-07-22,1.0,TEM-13
5dbc42d12757660db6144b56,TEMPO WORKLOAD,2025-07-22,3.0,TEM-1
5dea6ce9b95b180d17cfc7df,TEMPO WORKLOAD,2025-07-22,0.25,TEM-28
6310a8963e578bb3b5feb9f3,TEMPO WORKLOAD,2025-07-22,4.0,TEM-13
5d6fae7bab129d0c306da857,TEMPO WORKLOAD,2025-07-22,3.0,TEM-13
5f4d8530d0884f00492507dd,TEMPO WORKLOAD,2025-07-22,2.0,TEM-26
636e3660c383ad842147234a,TEMPO WORKLOAD,2025-07-22,0.25,TEM-26
5c8132a6e6e3160b9b6fd44d,TEMPO WORKLOAD,2025-07-22,2.0,TEM-13
6310a896316bbc56c4249184,TEMPO WORKLOAD,2025-07-22,0.5,TEM-13
6324d3f3ce3e476e42ae2595,TEMPO WORKLOAD,2025-07-22,0.5,TEM-18
712020:3268e7ac-2411-4ef8-a85a-d619f040639c,TEMPO WORKLOAD,2025-07-22,1.0,TEM-36
5dea6ce9b95b180d17cfc7df,TEMPO WORKLOAD,2025-07-22,1.0,TEM-28
6310a896316bbc56c4249184,TEMPO WORKLOAD,2025-07-22,0.5,TEM-13
712020:a3240ec7-ccb7-4e31-81ed-5338bd11acc2,TEMPO WORKLOAD,2025-07-22,4.0,TEM-8
6324d3f3ce3e476e42ae2595,TEMPO WORKLOAD,2025-07-22,2.1666666666666665,TEM-18
712020:31918087-5a23-4883-b0d2-134f05828b32,TEMPO WORKLOAD,2025-07-22,1.0,TEM-14
6310a8976856bdd60a9eddae,TEMPO WORKLOAD,2025-07-22,0.75,TEM-14
5f45400afdc3f5003fee080b,TEMPO WORKLOAD,2025-07-22,0.75,TEM-14
6022a0ace7deee0069225fbd,TEMPO WORKLOAD,2025-07-22,0.5,TEM-36
712020:3268e7ac-2411-4ef8-a85a-d619f040639c,TEMPO WORKLOAD,2025-07-22,1.0,TEM-36
712020:76b2ab6b-f08d-4fef-9ced-52ff15fad7a0,TEMPO WORKLOAD,2025-07-22,3.1333333333333333,TEM-21
6411cc617222b08f3e70f716,TEMPO WORKLOAD,2025-07-22,1.0,TEM-18
6022a0ace7deee0069225fbd,TEMPO WORKLOAD,2025-07-22,3.0,TEM-1
6310a8976856bdd60a9eddae,TEMPO WORKLOAD,2025-07-22,2.0,TEM-14
5f45400afdc3f5003fee080b,TEMPO WORKLOAD,2025-07-22,2.0,TEM-14
712020:5912aa5b-0476-4091-834a-994381177d1a,TEMPO WORKLOAD,2025-07-22,0.5,TEM-18
712020:5ee2f3fa-371b-4e6b-b912-594fc836bd92,TEMPO WORKLOAD,2025-07-22,4.0,TEM-30
613fb43fe6c39d00721944a0,TEMPO WORKLOAD,2025-07-22,2.0,TEM-16
5c5857d6036b380b84dc8212,TEMPO WORKLOAD,2025-07-22,1.0,TEM-1
712020:a7ee73c4-a6b3-4a8b-b22b-97aa3edf3ff7,TEMPO WORKLOAD,2025-07-22,4.0,TEM-8
712020:31918087-5a23-4883-b0d2-134f05828b32,TEMPO WORKLOAD,2025-07-22,1.0,TEM-14
6310a896316bbc56c4249184,TEMPO WORKLOAD,2025-07-22,2.0,TEM-13
5c8132a6e6e3160b9b6fd44d,TEMPO WORKLOAD,2025-07-22,1.0,TEM-13
712020:34c5700f-f485-4468-b4d7-06a7a3e2942b,TEMPO WORKLOAD,2025-07-22,3.0,TEM-7
712020:3268e7ac-2411-4ef8-a85a-d619f040639c,TEMPO WORKLOAD,2025-07-22,0.5,TEM-36
5e0de9b99af3650e9e3ffc97,TEMPO WORKLOAD,2025-07-22,1.75,TEM-17
712020:5912aa5b-0476-4091-834a-994381177d1a,TEMPO WORKLOAD,2025-07-22,0.5,TEM-18
5dbc42d12757660db6144b56,TEMPO WORKLOAD,2025-07-22,1.0,TEM-13
6411cc617222b08f3e70f716,TEMPO WORKLOAD,2025-07-22,0.25,TEM-18
6324d3f3ce3e476e42ae2595,TEMPO WORKLOAD,2025-07-22,0.5,TEM-18
6411cc617222b08f3e70f716,TEMPO WORKLOAD,2025-07-22,0.75,TEM-18
5c8132a6e6e3160b9b6fd44d,TEMPO WORKLOAD,2025-07-22,1.5,TEM-13
6324d3f3ce3e476e42ae2595,TEMPO WORKLOAD,2025-07-22,2.0,TEM-18
5dbc42d12757660db6144b56,TEMPO WORKLOAD,2025-07-22,0.5,TEM-13
712020:3268e7ac-2411-4ef8-a85a-d619f040639c,TEMPO WORKLOAD,2025-07-22,2.0,TEM-36
5d6fae7bab129d0c306da857,TEMPO WORKLOAD,2025-07-22,2.0,TEM-13
6310a896316bbc56c4249184,TEMPO WORKLOAD,2025-07-22,0.75,TEM-13
6022a0ace7deee0069225fbd,TEMPO WORKLOAD,2025-07-22,0.5,TEM-13
712020:76b2ab6b-f08d-4fef-9ced-52ff15fad7a0,TEMPO WORKLOAD,2025-07-22,2.0,TEM-27
712020:05c80f08-99ab-4608-9ac1-8c3c43fbef01,TEMPO WORKLOAD,2025-07-23,0.25,TEM-25
712020:05c80f08-99ab-4608-9ac1-8c3c43fbef01,TEMPO WORKLOAD,2025-07-23,8.0,TEM-25
712020:39d78a45-5732-4153-afaa-dc9227f4dfe3,TEMPO WORKLOAD,2025-07-23,8.0,TEM-2
5c5857d6036b380b84dc8212,TEMPO WORKLOAD,2025-07-23,0.5,TEM-25
557058:c310fa79-8a55-492f-a2fe-6e69a7d7c4eb,TEMPO WORKLOAD,2025-07-23,8.0,TEM-2
6411cc617222b08f3e70f716,TEMPO WORKLOAD,2025-07-23,1.0,TEM-18
70121:e997c5d5-1d6e-4973-80cb-28bfe7343a3f,TEMPO WORKLOAD,2025-07-23,1.0,TEM-15
61e572d77ae0dc006a8b4e9b,TEMPO WORKLOAD,2025-07-23,10.0,TEM-26
6310a8976856bdd60a9eddae,TEMPO WORKLOAD,2025-07-23,1.0,TEM-14
5f45400afdc3f5003fee080b,TEMPO WORKLOAD,2025-07-23,1.0,TEM-14
712020:f50b1e80-f1ef-440b-b954-716fbfdbc927,TEMPO WORKLOAD,2025-07-23,8.0,TEM-9
5c8132a6e6e3160b9b6fd44d,TEMPO WORKLOAD,2025-07-23,1.0,TEM-13
712020:6ad83a3e-a1e9-43e6-a0a2-7931a513de7f,TEMPO WORKLOAD,2025-07-23,0.5,TEM-17
6310a8963e578bb3b5feb9f3,TEMPO WORKLOAD,2025-07-23,0.5,TEM-13
712020:db40572b-4fd3-49a2-b4c1-620d9be82a65,TEMPO WORKLOAD,2025-07-23,8.0,TEM-9
5eb2e91b96bbcb0b857bfa58,TEMPO WORKLOAD,2025-07-23,1.0,TEM-14
5dbc42d12757660db6144b56,TEMPO WORKLOAD,2025-07-23,1.5,TEM-36
557058:b0ab43f7-2329-4796-9a63-2abcf978b413,TEMPO WORKLOAD,2025-07-23,0.3333333333333333,TEM-26
712020:d26e58e6-874b-4243-ac4e-1d4cb867a542,TEMPO WORKLOAD,2025-07-23,8.0,TEM-8
5e751b85fad9000c325d9aae,TEMPO WORKLOAD,2025-07-23,8.0,TEM-8
613fb43fe6c39d00721944a0,TEMPO WORKLOAD,2025-07-23,4.0,TEM-36
712020:31918087-5a23-4883-b0d2-134f05828b32,TEMPO WORKLOAD,2025-07-23,2.5,TEM-14
712020:ab3c5ef0-a515-47fc-9cdd-3b5d0c219224,TEMPO WORKLOAD,2025-07-23,8.0,TEM-9
636e3660c383ad842147234a,TEMPO WORKLOAD,2025-07-23,3.75,TEM-26
557058:b0ab43f7-2329-4796-9a63-2abcf978b413,TEMPO WORKLOAD,2025-07-23,0.5,TEM-26
5c5857d6036b380b84dc8212,TEMPO WORKLOAD,2025-07-23,0.5,TEM-25
6022a0ace7deee0069225fbd,TEMPO WORKLOAD,2025-07-23,0.5,TEM-36
712020:6ad83a3e-a1e9-43e6-a0a2-7931a513de7f,TEMPO WORKLOAD,2025-07-23,0.5,TEM-25
6310a8963e578bb3b5feb9f3,TEMPO WORKLOAD,2025-07-23,2.5,TEM-13
5eb2e91b96bbcb0b857bfa58,TEMPO WORKLOAD,2025-07-23,6.25,TEM-14
557058:b0ab43f7-2329-4796-9a63-2abcf978b413,TEMPO WORKLOAD,2025-07-23,2.0,TEM-26
712020:34c5700f-f485-4468-b4d7-06a7a3e2942b,TEMPO WORKLOAD,2025-07-23,6.0,TEM-2
5c5857d6036b380b84dc8212,TEMPO WORKLOAD,2025-07-23,5.0,TEM-25
712020:6c5881b3-26a9-4223-a18b-14414e7b9d3a,TEMPO WORKLOAD,2025-07-23,8.0,TEM-7
6411cc617222b08f3e70f716,TEMPO WORKLOAD,2025-07-23,0.25,TEM-18
70121:e997c5d5-1d6e-4973-80cb-28bfe7343a3f,TEMPO WORKLOAD,2025-07-23,0.25,TEM-28
6022a0ace7deee0069225fbd,TEMPO WORKLOAD,2025-07-23,0.5,TEM-36
5e0de9b99af3650e9e3ffc97,TEMPO WORKLOAD,2025-07-23,0.5,TEM-25
62fbd97aeec8d4a478d41a3b,TEMPO WORKLOAD,2025-07-23,1.0,TEM-17
712020:3268e7ac-2411-4ef8-a85a-d619f040639c,TEMPO WORKLOAD,2025-07-23,0.5,TEM-36
712020:6ad83a3e-a1e9-43e6-a0a2-7931a513de7f,TEMPO WORKLOAD,2025-07-23,0.5,TEM-17
712020:c2d6f64b-7c18-4b58-9189-57c8823f4f64,TEMPO WORKLOAD,2025-07-23,8.0,TEM-5
712020:f71fff89-9283-4b8c-afc6-a4ccda67573c,TEMPO WORKLOAD,2025-07-23,8.0,TEM-9
6310a896316bbc56c4249184,TEMPO WORKLOAD,2025-07-23,0.5,TEM-13
63b6c257d3aeefa405443cf9,TEMPO WORKLOAD,2025-07-23,6.0,TEM-24
712020:5ee2f3fa-371b-4e6b-b912-594fc836bd92,TEMPO WORKLOAD,2025-07-23,4.0,TEM-30
712020:a7ee73c4-a6b3-4a8b-b22b-97aa3edf3ff7,TEMPO WORKLOAD,2025-07-23,4.0,TEM-8
5f45400afdc3f5003fee080b,TEMPO WORKLOAD,2025-07-23,2.0,TEM-14
6310a8976856bdd60a9eddae,TEMPO WORKLOAD,2025-07-23,2.0,TEM-14
712020:5912aa5b-0476-4091-834a-994381177d1a,TEMPO WORKLOAD,2025-07-23,2.0,TEM-18
6310a8954fbe9c4bd0edf82a,TEMPO WORKLOAD,2025-07-23,0.5,TEM-19
5d6fae7bab129d0c306da857,TEMPO WORKLOAD,2025-07-23,0.5,TEM-13
6411cc617222b08f3e70f716,TEMPO WORKLOAD,2025-07-23,6.25,TEM-18
5c8132a6e6e3160b9b6fd44d,TEMPO WORKLOAD,2025-07-23,3.0,TEM-13
70121:e997c5d5-1d6e-4973-80cb-28bfe7343a3f,TEMPO WORKLOAD,2025-07-23,2.0,TEM-1
6324d3f3ce3e476e42ae2595,TEMPO WORKLOAD,2025-07-23,1.0,TEM-18
6022a0ace7deee0069225fbd,TEMPO WORKLOAD,2025-07-23,0.5,TEM-36
712020:6ad83a3e-a1e9-43e6-a0a2-7931a513de7f,TEMPO WORKLOAD,2025-07-23,0.5,TEM-17
6310a896316bbc56c4249184,TEMPO WORKLOAD,2025-07-23,1.5,TEM-13
712020:3268e7ac-2411-4ef8-a85a-d619f040639c,TEMPO WORKLOAD,2025-07-23,2.0,TEM-36
5dbc42d12757660db6144b56,TEMPO WORKLOAD,2025-07-23,0.75,TEM-36
6310a8954fbe9c4bd0edf82a,TEMPO WORKLOAD,2025-07-23,0.25,TEM-19
5d6fae7bab129d0c306da857,TEMPO WORKLOAD,2025-07-23,1.5,TEM-13
6310a8954fbe9c4bd0edf82a,TEMPO WORKLOAD,2025-07-23,3.25,TEM-19
712020:c24d4628-d885-44d1-8ec8-dd76d416436a,TEMPO WORKLOAD,2025-07-23,4.0,TEM-15
6022a0ace7deee0069225fbd,TEMPO WORKLOAD,2025-07-23,1.0,TEM-14
62fbd97aeec8d4a478d41a3b,TEMPO WORKLOAD,2025-07-23,4.0,TEM-18
712020:f518f4e7-7314-45a9-a3ef-723ad3fd6d7f,TEMPO WORKLOAD,2025-07-23,12.75,TEM-7
5dbc42d12757660db6144b56,TEMPO WORKLOAD,2025-07-23,0.75,TEM-13
6324d3f3ce3e476e42ae2595,TEMPO WORKLOAD,2025-07-23,4.0,TEM-18
712020:31918087-5a23-4883-b0d2-134f05828b32,TEMPO WORKLOAD,2025-07-23,1.0,TEM-14
6022a0ace7deee0069225fbd,TEMPO WORKLOAD,2025-07-23,1.0,TEM-13
5d6fae7bab129d0c306da857,TEMPO WORKLOAD,2025-07-23,1.0,TEM-13
712020:5912aa5b-0476-4091-834a-994381177d1a,TEMPO WORKLOAD,2025-07-23,1.0,TEM-18
6310a8963e578bb3b5feb9f3,TEMPO WORKLOAD,2025-07-23,1.0,TEM-13
5dbc42d12757660db6144b56,TEMPO WORKLOAD,2025-07-23,0.75,TEM-16
5f45400afdc3f5003fee080b,TEMPO WORKLOAD,2025-07-23,3.0,TEM-14
6310a8976856bdd60a9eddae,TEMPO WORKLOAD,2025-07-23,2.0,TEM-14
6310a896316bbc56c4249184,TEMPO WORKLOAD,2025-07-23,1.0,TEM-13
712020:51261fb6-b689-4617-8eae-46a70a19df7c,TEMPO WORKLOAD,2025-07-23,7.0,TEM-9
70121:e997c5d5-1d6e-4973-80cb-28bfe7343a3f,TEMPO WORKLOAD,2025-07-23,0.75,TEM-15
712020:3268e7ac-2411-4ef8-a85a-d619f040639c,TEMPO WORKLOAD,2025-07-23,2.5,TEM-36
712020:31918087-5a23-4883-b0d2-134f05828b32,TEMPO WORKLOAD,2025-07-23,2.0,TEM-14
5dbc42d12757660db6144b56,TEMPO WORKLOAD,2025-07-23,1.25,TEM-13
6310a896316bbc56c4249184,TEMPO WORKLOAD,2025-07-23,0.5,TEM-13
6022a0ace7deee0069225fbd,TEMPO WORKLOAD,2025-07-23,0.5,TEM-28
5d6fae7bab129d0c306da857,TEMPO WORKLOAD,2025-07-23,1.0,TEM-13
613fb43fe6c39d00721944a0,TEMPO WORKLOAD,2025-07-23,0.5,TEM-36
6310a8963e578bb3b5feb9f3,TEMPO WORKLOAD,2025-07-23,2.0,TEM-13
5f4d8530d0884f00492507dd,TEMPO WORKLOAD,2025-07-23,2.0,TEM-26
712020:5912aa5b-0476-4091-834a-994381177d1a,TEMPO WORKLOAD,2025-07-23,3.0,TEM-22
636e3660c383ad842147234a,TEMPO WORKLOAD,2025-07-23,0.25,TEM-26
6310a896316bbc56c4249184,TEMPO WORKLOAD,2025-07-23,0.25,TEM-13
6022a0ace7deee0069225fbd,TEMPO WORKLOAD,2025-07-23,0.5,TEM-28
613fb43fe6c39d00721944a0,TEMPO WORKLOAD,2025-07-23,3.5,TEM-16
6310a896316bbc56c4249184,TEMPO WORKLOAD,2025-07-23,1.5,TEM-13
5c8132a6e6e3160b9b6fd44d,TEMPO WORKLOAD,2025-07-23,1.5,TEM-13
5d6fae7bab129d0c306da857,TEMPO WORKLOAD,2025-07-23,1.5,TEM-13
5dbc42d12757660db6144b56,TEMPO WORKLOAD,2025-07-23,0.5,TEM-13
6310a8954fbe9c4bd0edf82a,TEMPO WORKLOAD,2025-07-23,0.75,TEM-19
6310a8976856bdd60a9eddae,TEMPO WORKLOAD,2025-07-23,0.75,TEM-14
5dbc42d12757660db6144b56,TEMPO WORKLOAD,2025-07-23,0.5,TEM-36
712020:31918087-5a23-4883-b0d2-134f05828b32,TEMPO WORKLOAD,2025-07-23,1.0,TEM-14
6310a8954fbe9c4bd0edf82a,TEMPO WORKLOAD,2025-07-23,1.5,TEM-19
6022a0ace7deee0069225fbd,TEMPO WORKLOAD,2025-07-23,0.5,TEM-13
6310a8963e578bb3b5feb9f3,TEMPO WORKLOAD,2025-07-23,2.0,TEM-13
5dbc42d12757660db6144b56,TEMPO WORKLOAD,2025-07-23,1.0,TEM-17
712020:5ee2f3fa-371b-4e6b-b912-594fc836bd92,TEMPO WORKLOAD,2025-07-23,4.0,TEM-30
5c5857d6036b380b84dc8212,TEMPO WORKLOAD,2025-07-23,1.0,TEM-1
712020:a7ee73c4-a6b3-4a8b-b22b-97aa3edf3ff7,TEMPO WORKLOAD,2025-07-23,4.0,TEM-8
6310a8976856bdd60a9eddae,TEMPO WORKLOAD,2025-07-23,0.25,TEM-14
5f45400afdc3f5003fee080b,TEMPO WORKLOAD,2025-07-23,0.75,TEM-14
6310a896316bbc56c4249184,TEMPO WORKLOAD,2025-07-23,1.0,TEM-13
6310a8976856bdd60a9eddae,TEMPO WORKLOAD,2025-07-23,1.0,TEM-14
6022a0ace7deee0069225fbd,TEMPO WORKLOAD,2025-07-23,1.5,TEM-28
5d6fae7bab129d0c306da857,TEMPO WORKLOAD,2025-07-23,1.5,TEM-13
6324d3f3ce3e476e42ae2595,TEMPO WORKLOAD,2025-07-23,2.0,TEM-18
5c8132a6e6e3160b9b6fd44d,TEMPO WORKLOAD,2025-07-23,1.5,TEM-13
5f45400afdc3f5003fee080b,TEMPO WORKLOAD,2025-07-23,1.25,TEM-14
712020:3268e7ac-2411-4ef8-a85a-d619f040639c,TEMPO WORKLOAD,2025-07-23,0.5,TEM-36
5dbc42d12757660db6144b56,TEMPO WORKLOAD,2025-07-23,0.5,TEM-13
6310a896316bbc56c4249184,TEMPO WORKLOAD,2025-07-23,0.5,TEM-13
6310a8954fbe9c4bd0edf82a,TEMPO WORKLOAD,2025-07-23,1.75,TEM-19
712020:3268e7ac-2411-4ef8-a85a-d619f040639c,TEMPO WORKLOAD,2025-07-23,1.5,TEM-36
6411cc617222b08f3e70f716,TEMPO WORKLOAD,2025-07-23,0.5,TEM-18
5dbc42d12757660db6144b56,TEMPO WORKLOAD,2025-07-23,0.5,TEM-17
6310a896316bbc56c4249184,TEMPO WORKLOAD,2025-07-23,2.25,TEM-13
6022a0ace7deee0069225fbd,TEMPO WORKLOAD,2025-07-23,0.5,TEM-13
5d6fae7bab129d0c306da857,TEMPO WORKLOAD,2025-07-23,1.0,TEM-13
6324d3f3ce3e476e42ae2595,TEMPO WORKLOAD,2025-07-23,1.0,TEM-18
712020:3268e7ac-2411-4ef8-a85a-d619f040639c,TEMPO WORKLOAD,2025-07-23,1.0,TEM-36
712020:05c80f08-99ab-4608-9ac1-8c3c43fbef01,TEMPO WORKLOAD,2025-07-24,0.25,TEM-25
712020:05c80f08-99ab-4608-9ac1-8c3c43fbef01,TEMPO WORKLOAD,2025-07-24,8.0,TEM-25
712020:39d78a45-5732-4153-afaa-dc9227f4dfe3,TEMPO WORKLOAD,2025-07-24,8.0,TEM-2
5c5857d6036b380b84dc8212,TEMPO WORKLOAD,2025-07-24,0.5,TEM-25
557058:c310fa79-8a55-492f-a2fe-6e69a7d7c4eb,TEMPO WORKLOAD,2025-07-24,8.0,TEM-2
61e572d77ae0dc006a8b4e9b,TEMPO WORKLOAD,2025-07-24,8.0,TEM-26
6310a896316bbc56c4249184,TEMPO WORKLOAD,2025-07-24,0.5,TEM-13
5dbc42d12757660db6144b56,TEMPO WORKLOAD,2025-07-24,1.0,TEM-13
557058:b0ab43f7-2329-4796-9a63-2abcf978b413,TEMPO WORKLOAD,2025-07-24,0.3333333333333333,TEM-26
70121:e997c5d5-1d6e-4973-80cb-28bfe7343a3f,TEMPO WORKLOAD,2025-07-24,1.5,TEM-15
613fb43fe6c39d00721944a0,TEMPO WORKLOAD,2025-07-24,5.0,TEM-13
712020:d26e58e6-874b-4243-ac4e-1d4cb867a542,TEMPO WORKLOAD,2025-07-24,8.0,TEM-8
712020:6ad83a3e-a1e9-43e6-a0a2-7931a513de7f,TEMPO WORKLOAD,2025-07-24,2.5,TEM-17
5c8132a6e6e3160b9b6fd44d,TEMPO WORKLOAD,2025-07-24,5.0,TEM-13
6411cc617222b08f3e70f716,TEMPO WORKLOAD,2025-07-24,0.75,TEM-18
5e751b85fad9000c325d9aae,TEMPO WORKLOAD,2025-07-24,7.666666666666667,TEM-8
5eb2e91b96bbcb0b857bfa58,TEMPO WORKLOAD,2025-07-24,1.0,TEM-14
5f45400afdc3f5003fee080b,TEMPO WORKLOAD,2025-07-24,1.0,TEM-14
6310a8976856bdd60a9eddae,TEMPO WORKLOAD,2025-07-24,0.5,TEM-14
6324d3f3ce3e476e42ae2595,TEMPO WORKLOAD,2025-07-24,1.0,TEM-18
712020:31918087-5a23-4883-b0d2-134f05828b32,TEMPO WORKLOAD,2025-07-24,1.0,TEM-14
6310a8963e578bb3b5feb9f3,TEMPO WORKLOAD,2025-07-24,4.0,TEM-13
712020:ab3c5ef0-a515-47fc-9cdd-3b5d0c219224,TEMPO WORKLOAD,2025-07-24,8.0,TEM-9
636e3660c383ad842147234a,TEMPO WORKLOAD,2025-07-24,3.75,TEM-26
557058:b0ab43f7-2329-4796-9a63-2abcf978b413,TEMPO WORKLOAD,2025-07-24,2.0,TEM-26
5c5857d6036b380b84dc8212,TEMPO WORKLOAD,2025-07-24,0.5,TEM-25
6310a896316bbc56c4249184,TEMPO WORKLOAD,2025-07-24,0.25,TEM-13
5c5857d6036b380b84dc8212,TEMPO WORKLOAD,2025-07-24,1.0,TEM-31
5eb2e91b96bbcb0b857bfa58,TEMPO WORKLOAD,2025-07-24,2.25,TEM-14
5eb2e91b96bbcb0b857bfa58,TEMPO WORKLOAD,2025-07-24,4.0,TEM-14
6310a8976856bdd60a9eddae,TEMPO WORKLOAD,2025-07-24,1.0,TEM-14
6411cc617222b08f3e70f716,TEMPO WORKLOAD,2025-07-24,0.5,TEM-6
6310a896316bbc56c4249184,TEMPO WORKLOAD,2025-07-24,7.25,TEM-13
5c5857d6036b380b84dc8212,TEMPO WORKLOAD,2025-07-24,5.0,TEM-25
712020:6c5881b3-26a9-4223-a18b-14414e7b9d3a,TEMPO WORKLOAD,2025-07-24,8.0,TEM-7
712020:5912aa5b-0476-4091-834a-994381177d1a,TEMPO WORKLOAD,2025-07-24,4.5,TEM-22
6022a0ace7deee0069225fbd,TEMPO WORKLOAD,2025-07-24,0.5,TEM-36
63b6c257d3aeefa405443cf9,TEMPO WORKLOAD,2025-07-24,6.0,TEM-24
712020:5ee2f3fa-371b-4e6b-b912-594fc836bd92,TEMPO WORKLOAD,2025-07-24,4.0,TEM-30
62fbd97aeec8d4a478d41a3b,TEMPO WORKLOAD,2025-07-24,1.0,TEM-18
5c8132a6e6e3160b9b6fd44d,TEMPO WORKLOAD,2025-07-24,0.6666666666666666,TEM-13
712020:f71fff89-9283-4b8c-afc6-a4ccda67573c,TEMPO WORKLOAD,2025-07-24,8.0,TEM-9
712020:a7ee73c4-a6b3-4a8b-b22b-97aa3edf3ff7,TEMPO WORKLOAD,2025-07-24,4.0,TEM-8
5f45400afdc3f5003fee080b,TEMPO WORKLOAD,2025-07-24,0.5,TEM-14
5dbc42d12757660db6144b56,TEMPO WORKLOAD,2025-07-24,1.0,TEM-17
712020:c2d6f64b-7c18-4b58-9189-57c8823f4f64,TEMPO WORKLOAD,2025-07-24,8.0,TEM-5
6324d3f3ce3e476e42ae2595,TEMPO WORKLOAD,2025-07-24,1.25,TEM-18
712020:3268e7ac-2411-4ef8-a85a-d619f040639c,TEMPO WORKLOAD,2025-07-24,4.0,TEM-36
6310a8954fbe9c4bd0edf82a,TEMPO WORKLOAD,2025-07-24,0.5,TEM-19
5d6fae7bab129d0c306da857,TEMPO WORKLOAD,2025-07-24,0.5,TEM-13
712020:31918087-5a23-4883-b0d2-134f05828b32,TEMPO WORKLOAD,2025-07-24,1.0,TEM-14
6411cc617222b08f3e70f716,TEMPO WORKLOAD,2025-07-24,1.0,TEM-18
6022a0ace7deee0069225fbd,TEMPO WORKLOAD,2025-07-24,1.0,TEM-14
70121:e997c5d5-1d6e-4973-80cb-28bfe7343a3f,TEMPO WORKLOAD,2025-07-24,0.25,TEM-28
5f45400afdc3f5003fee080b,TEMPO WORKLOAD,2025-07-24,1.0,TEM-14
6310a8976856bdd60a9eddae,TEMPO WORKLOAD,2025-07-24,0.5,TEM-14
6310a8954fbe9c4bd0edf82a,TEMPO WORKLOAD,2025-07-24,0.25,TEM-19
5d6fae7bab129d0c306da857,TEMPO WORKLOAD,2025-07-24,0.75,TEM-13
6310a8954fbe9c4bd0edf82a,TEMPO WORKLOAD,2025-07-24,7.25,TEM-19
70121:e997c5d5-1d6e-4973-80cb-28bfe7343a3f,TEMPO WORKLOAD,2025-07-24,2.0,TEM-1
712020:c24d4628-d885-44d1-8ec8-dd76d416436a,TEMPO WORKLOAD,2025-07-24,4.0,TEM-15
6310a8976856bdd60a9eddae,TEMPO WORKLOAD,2025-07-24,1.0,TEM-14
5dbc42d12757660db6144b56,TEMPO WORKLOAD,2025-07-24,1.5,TEM-28
712020:31918087-5a23-4883-b0d2-134f05828b32,TEMPO WORKLOAD,2025-07-24,1.5,TEM-14
6411cc617222b08f3e70f716,TEMPO WORKLOAD,2025-07-24,0.75,TEM-18
5d6fae7bab129d0c306da857,TEMPO WORKLOAD,2025-07-24,0.75,TEM-13
712020:f518f4e7-7314-45a9-a3ef-723ad3fd6d7f,TEMPO WORKLOAD,2025-07-24,10.5,TEM-7
6022a0ace7deee0069225fbd,TEMPO WORKLOAD,2025-07-24,0.5,TEM-14
712020:6ad83a3e-a1e9-43e6-a0a2-7931a513de7f,TEMPO WORKLOAD,2025-07-24,1.0,TEM-17
5f45400afdc3f5003fee080b,TEMPO WORKLOAD,2025-07-24,1.0,TEM-14
6324d3f3ce3e476e42ae2595,TEMPO WORKLOAD,2025-07-24,0.5,TEM-18
6411cc617222b08f3e70f716,TEMPO WORKLOAD,2025-07-24,5.0,TEM-18
6022a0ace7deee0069225fbd,TEMPO WORKLOAD,2025-07-24,0.5,TEM-13
6310a8976856bdd60a9eddae,TEMPO WORKLOAD,2025-07-24,1.0,TEM-14
6324d3f3ce3e476e42ae2595,TEMPO WORKLOAD,2025-07-24,0.5,TEM-6
5d6fae7bab129d0c306da857,TEMPO WORKLOAD,2025-07-24,1.0,TEM-13
712020:51261fb6-b689-4617-8eae-46a70a19df7c,TEMPO WORKLOAD,2025-07-24,6.0,TEM-9
6022a0ace7deee0069225fbd,TEMPO WORKLOAD,2025-07-24,0.5,TEM-14
712020:6ad83a3e-a1e9-43e6-a0a2-7931a513de7f,TEMPO WORKLOAD,2025-07-24,0.5,TEM-25
6324d3f3ce3e476e42ae2595,TEMPO WORKLOAD,2025-07-24,1.0,TEM-18
5dbc42d12757660db6144b56,TEMPO WORKLOAD,2025-07-24,0.5,TEM-28
5f45400afdc3f5003fee080b,TEMPO WORKLOAD,2025-07-24,0.5,TEM-14
712020:31918087-5a23-4883-b0d2-134f05828b32,TEMPO WORKLOAD,2025-07-24,1.0,TEM-14
5f4d8530d0884f00492507dd,TEMPO WORKLOAD,2025-07-24,2.0,TEM-26
6022a0ace7deee0069225fbd,TEMPO WORKLOAD,2025-07-24,1.5,TEM-28
5dbc42d12757660db6144b56,TEMPO WORKLOAD,2025-07-24,3.0,TEM-13
636e3660c383ad842147234a,TEMPO WORKLOAD,2025-07-24,0.25,TEM-26
5f45400afdc3f5003fee080b,TEMPO WORKLOAD,2025-07-24,1.0,TEM-14
6310a8976856bdd60a9eddae,TEMPO WORKLOAD,2025-07-24,4.0,TEM-14
5d6fae7bab129d0c306da857,TEMPO WORKLOAD,2025-07-24,1.5,TEM-13
6310a8963e578bb3b5feb9f3,TEMPO WORKLOAD,2025-07-24,0.5,TEM-13
6324d3f3ce3e476e42ae2595,TEMPO WORKLOAD,2025-07-24,0.25,TEM-18
712020:31918087-5a23-4883-b0d2-134f05828b32,TEMPO WORKLOAD,2025-07-24,1.5,TEM-14
6310a8963e578bb3b5feb9f3,TEMPO WORKLOAD,2025-07-24,2.5,TEM-13
6324d3f3ce3e476e42ae2595,TEMPO WORKLOAD,2025-07-24,4.0,TEM-18
613fb43fe6c39d00721944a0,TEMPO WORKLOAD,2025-07-24,1.0,TEM-13
5f45400afdc3f5003fee080b,TEMPO WORKLOAD,2025-07-24,3.0,TEM-14
712020:3268e7ac-2411-4ef8-a85a-d619f040639c,TEMPO WORKLOAD,2025-07-24,2.0,TEM-36
5d6fae7bab129d0c306da857,TEMPO WORKLOAD,2025-07-24,1.5,TEM-13
712020:5912aa5b-0476-4091-834a-994381177d1a,TEMPO WORKLOAD,2025-07-24,1.0,TEM-18
5c5857d6036b380b84dc8212,TEMPO WORKLOAD,2025-07-24,1.0,TEM-28
712020:5ee2f3fa-371b-4e6b-b912-594fc836bd92,TEMPO WORKLOAD,2025-07-24,7.0,TEM-30
712020:a7ee73c4-a6b3-4a8b-b22b-97aa3edf3ff7,TEMPO WORKLOAD,2025-07-24,4.0,TEM-8
613fb43fe6c39d00721944a0,TEMPO WORKLOAD,2025-07-24,2.0,TEM-36
5dbc42d12757660db6144b56,TEMPO WORKLOAD,2025-07-24,0.5,TEM-28
6310a8963e578bb3b5feb9f3,TEMPO WORKLOAD,2025-07-24,1.0,TEM-13
712020:5912aa5b-0476-4091-834a-994381177d1a,TEMPO WORKLOAD,2025-07-24,0.5,TEM-18
5dbc42d12757660db6144b56,TEMPO WORKLOAD,2025-07-24,0.5,TEM-13
5d6fae7bab129d0c306da857,TEMPO WORKLOAD,2025-07-24,1.0,TEM-13
6411cc617222b08f3e70f716,TEMPO WORKLOAD,2025-07-24,0.5,TEM-18
5d6fae7bab129d0c306da857,TEMPO WORKLOAD,2025-07-24,1.0,TEM-13
5d6fae7bab129d0c306da857,TEMPO WORKLOAD,2025-07-24,1.0,TEM-13
712020:05c80f08-99ab-4608-9ac1-8c3c43fbef01,TEMPO WORKLOAD,2025-07-25,0.25,TEM-25
712020:05c80f08-99ab-4608-9ac1-8c3c43fbef01,TEMPO WORKLOAD,2025-07-25,8.0,TEM-25
6324d3f3ce3e476e42ae2595,TEMPO WORKLOAD,2025-07-25,1.5,TEM-18
613fb43fe6c39d00721944a0,TEMPO WORKLOAD,2025-07-25,4.0,TEM-36
712020:39d78a45-5732-4153-afaa-dc9227f4dfe3,TEMPO WORKLOAD,2025-07-25,8.0,TEM-2
557058:c310fa79-8a55-492f-a2fe-6e69a7d7c4eb,TEMPO WORKLOAD,2025-07-25,8.0,TEM-2
712020:f50b1e80-f1ef-440b-b954-716fbfdbc927,TEMPO WORKLOAD,2025-07-25,8.0,TEM-2
61e572d77ae0dc006a8b4e9b,TEMPO WORKLOAD,2025-07-25,8.0,TEM-26
557058:b0ab43f7-2329-4796-9a63-2abcf978b413,TEMPO WORKLOAD,2025-07-25,0.3333333333333333,TEM-26
6411cc617222b08f3e70f716,TEMPO WORKLOAD,2025-07-25,1.25,TEM-18
5f45400afdc3f5003fee080b,TEMPO WORKLOAD,2025-07-25,0.5,TEM-14
6310a896316bbc56c4249184,TEMPO WORKLOAD,2025-07-25,0.5,TEM-13
5c8132a6e6e3160b9b6fd44d,TEMPO WORKLOAD,2025-07-25,5.0,TEM-13
70121:e997c5d5-1d6e-4973-80cb-28bfe7343a3f,TEMPO WORKLOAD,2025-07-25,2.0,TEM-1
6310a8976856bdd60a9eddae,TEMPO WORKLOAD,2025-07-25,1.0,TEM-14
712020:31918087-5a23-4883-b0d2-134f05828b32,TEMPO WORKLOAD,2025-07-25,3.75,TEM-14
6310a8963e578bb3b5feb9f3,TEMPO WORKLOAD,2025-07-25,4.0,TEM-13
712020:ab3c5ef0-a515-47fc-9cdd-3b5d0c219224,TEMPO WORKLOAD,2025-07-25,8.0,TEM-9
636e3660c383ad842147234a,TEMPO WORKLOAD,2025-07-25,3.75,TEM-26
557058:b0ab43f7-2329-4796-9a63-2abcf978b413,TEMPO WORKLOAD,2025-07-25,3.0,TEM-26
6310a896316bbc56c4249184,TEMPO WORKLOAD,2025-07-25,0.5,TEM-13
5f45400afdc3f5003fee080b,TEMPO WORKLOAD,2025-07-25,1.0,TEM-14
712020:6c5881b3-26a9-4223-a18b-14414e7b9d3a,TEMPO WORKLOAD,2025-07-25,8.0,TEM-7
5d6fae7bab129d0c306da857,TEMPO WORKLOAD,2025-07-25,0.5,TEM-13
712020:5ee2f3fa-371b-4e6b-b912-594fc836bd92,TEMPO WORKLOAD,2025-07-25,4.0,TEM-30
712020:a7ee73c4-a6b3-4a8b-b22b-97aa3edf3ff7,TEMPO WORKLOAD,2025-07-25,4.0,TEM-8
6022a0ace7deee0069225fbd,TEMPO WORKLOAD,2025-07-25,0.5,TEM-14
712020:c2d6f64b-7c18-4b58-9189-57c8823f4f64,TEMPO WORKLOAD,2025-07-25,8.0,TEM-5
6310a896316bbc56c4249184,TEMPO WORKLOAD,2025-07-25,0.5,TEM-13
6324d3f3ce3e476e42ae2595,TEMPO WORKLOAD,2025-07-25,2.5,TEM-18
6310a8954fbe9c4bd0edf82a,TEMPO WORKLOAD,2025-07-25,0.5,TEM-19
6310a8976856bdd60a9eddae,TEMPO WORKLOAD,2025-07-25,4.0,TEM-14
712020:f71fff89-9283-4b8c-afc6-a4ccda67573c,TEMPO WORKLOAD,2025-07-25,8.0,TEM-9
6411cc617222b08f3e70f716,TEMPO WORKLOAD,2025-07-25,0.5,TEM-18
6022a0ace7deee0069225fbd,TEMPO WORKLOAD,2025-07-25,0.5,TEM-36
712020:5912aa5b-0476-4091-834a-994381177d1a,TEMPO WORKLOAD,2025-07-25,0.5,TEM-18
6310a8954fbe9c4bd0edf82a,TEMPO WORKLOAD,2025-07-25,0.25,TEM-19
6310a896316bbc56c4249184,TEMPO WORKLOAD,2025-07-25,2.0,TEM-13
5d6fae7bab129d0c306da857,TEMPO WORKLOAD,2025-07-25,2.5,TEM-13
6411cc617222b08f3e70f716,TEMPO WORKLOAD,2025-07-25,0.5,TEM-18
6310a8954fbe9c4bd0edf82a,TEMPO WORKLOAD,2025-07-25,1.75,TEM-19
712020:c24d4628-d885-44d1-8ec8-dd76d416436a,TEMPO WORKLOAD,2025-07-25,4.0,TEM-15
6022a0ace7deee0069225fbd,TEMPO WORKLOAD,2025-07-25,1.0,TEM-13
712020:5912aa5b-0476-4091-834a-994381177d1a,TEMPO WORKLOAD,2025-07-25,0.5,TEM-18
70121:e997c5d5-1d6e-4973-80cb-28bfe7343a3f,TEMPO WORKLOAD,2025-07-25,2.0,TEM-15
6411cc617222b08f3e70f716,TEMPO WORKLOAD,2025-07-25,0.5,TEM-18
712020:f518f4e7-7314-45a9-a3ef-723ad3fd6d7f,TEMPO WORKLOAD,2025-07-25,10.0,TEM-7
6411cc617222b08f3e70f716,TEMPO WORKLOAD,2025-07-25,2.75,TEM-18
6022a0ace7deee0069225fbd,TEMPO WORKLOAD,2025-07-25,0.6666666666666666,TEM-13
712020:51261fb6-b689-4617-8eae-46a70a19df7c,TEMPO WORKLOAD,2025-07-25,6.0,TEM-9
712020:5912aa5b-0476-4091-834a-994381177d1a,TEMPO WORKLOAD,2025-07-25,0.25,TEM-18
557058:b0ab43f7-2329-4796-9a63-2abcf978b413,TEMPO WORKLOAD,2025-07-25,1.0,TEM-26
6310a8954fbe9c4bd0edf82a,TEMPO WORKLOAD,2025-07-25,4.5,TEM-19
6310a896316bbc56c4249184,TEMPO WORKLOAD,2025-07-25,0.5,TEM-13
6022a0ace7deee0069225fbd,TEMPO WORKLOAD,2025-07-25,0.3333333333333333,TEM-13
712020:31918087-5a23-4883-b0d2-134f05828b32,TEMPO WORKLOAD,2025-07-25,1.0,TEM-14
6310a896316bbc56c4249184,TEMPO WORKLOAD,2025-07-25,1.0,TEM-13
5f4d8530d0884f00492507dd,TEMPO WORKLOAD,2025-07-25,2.0,TEM-26
636e3660c383ad842147234a,TEMPO WORKLOAD,2025-07-25,0.25,TEM-26
6022a0ace7deee0069225fbd,TEMPO WORKLOAD,2025-07-25,1.0,TEM-36
5c8132a6e6e3160b9b6fd44d,TEMPO WORKLOAD,2025-07-25,1.0,TEM-13
712020:3268e7ac-2411-4ef8-a85a-d619f040639c,TEMPO WORKLOAD,2025-07-25,1.0,TEM-36
70121:e997c5d5-1d6e-4973-80cb-28bfe7343a3f,TEMPO WORKLOAD,2025-07-25,1.0,TEM-15
5d6fae7bab129d0c306da857,TEMPO WORKLOAD,2025-07-25,1.0,TEM-13
6310a8963e578bb3b5feb9f3,TEMPO WORKLOAD,2025-07-25,1.0,TEM-13
712020:5912aa5b-0476-4091-834a-994381177d1a,TEMPO WORKLOAD,2025-07-25,0.5,TEM-18
6324d3f3ce3e476e42ae2595,TEMPO WORKLOAD,2025-07-25,4.0,TEM-2
712020:31918087-5a23-4883-b0d2-134f05828b32,TEMPO WORKLOAD,2025-07-25,2.25,TEM-14
5d6fae7bab129d0c306da857,TEMPO WORKLOAD,2025-07-25,1.0,TEM-13
6310a896316bbc56c4249184,TEMPO WORKLOAD,2025-07-25,0.25,TEM-13
712020:5912aa5b-0476-4091-834a-994381177d1a,TEMPO WORKLOAD,2025-07-25,0.5,TEM-18
70121:e997c5d5-1d6e-4973-80cb-28bfe7343a3f,TEMPO WORKLOAD,2025-07-25,0.25,TEM-28
6310a8976856bdd60a9eddae,TEMPO WORKLOAD,2025-07-25,0.75,TEM-14
6310a8963e578bb3b5feb9f3,TEMPO WORKLOAD,2025-07-25,4.5,TEM-13
6310a896316bbc56c4249184,TEMPO WORKLOAD,2025-07-25,0.75,TEM-13
5c8132a6e6e3160b9b6fd44d,TEMPO WORKLOAD,2025-07-25,2.0,TEM-13
712020:5912aa5b-0476-4091-834a-994381177d1a,TEMPO WORKLOAD,2025-07-25,2.0,TEM-22
6411cc617222b08f3e70f716,TEMPO WORKLOAD,2025-07-25,0.5,TEM-18
6310a8976856bdd60a9eddae,TEMPO WORKLOAD,2025-07-25,0.25,TEM-14
712020:5ee2f3fa-371b-4e6b-b912-594fc836bd92,TEMPO WORKLOAD,2025-07-25,6.0,TEM-30
712020:a7ee73c4-a6b3-4a8b-b22b-97aa3edf3ff7,TEMPO WORKLOAD,2025-07-25,4.0,TEM-8
6411cc617222b08f3e70f716,TEMPO WORKLOAD,2025-07-25,3.75,TEM-18
5d6fae7bab129d0c306da857,TEMPO WORKLOAD,2025-07-25,3.0,TEM-13
6310a896316bbc56c4249184,TEMPO WORKLOAD,2025-07-25,0.5,TEM-13
6310a8976856bdd60a9eddae,TEMPO WORKLOAD,2025-07-25,1.0,TEM-14
6310a896316bbc56c4249184,TEMPO WORKLOAD,2025-07-25,1.0,TEM-13
6022a0ace7deee0069225fbd,TEMPO WORKLOAD,2025-07-25,2.0,TEM-28
6310a896316bbc56c4249184,TEMPO WORKLOAD,2025-07-25,2.25,TEM-13
6022a0ace7deee0069225fbd,TEMPO WORKLOAD,2025-07-25,30.0,TEM-13
712020:05c80f08-99ab-4608-9ac1-8c3c43fbef01,TEMPO WORKLOAD,2025-07-28,0.25,TEM-25
61e572d77ae0dc006a8b4e9b,TEMPO WORKLOAD,2025-07-28,8.0,TEM-26
557058:b0ab43f7-2329-4796-9a63-2abcf978b413,TEMPO WORKLOAD,2025-07-28,0.3333333333333333,TEM-26
636e3660c383ad842147234a,TEMPO WORKLOAD,2025-07-28,3.75,TEM-26
6411cc617222b08f3e70f716,TEMPO WORKLOAD,2025-07-28,0.25,TEM-18
6411cc617222b08f3e70f716,TEMPO WORKLOAD,2025-07-28,0.25,TEM-18
557058:b0ab43f7-2329-4796-9a63-2abcf978b413,TEMPO WORKLOAD,2025-07-28,3.0,TEM-15
712020:6c5881b3-26a9-4223-a18b-14414e7b9d3a,TEMPO WORKLOAD,2025-07-28,8.0,TEM-7
712020:c24d4628-d885-44d1-8ec8-dd76d416436a,TEMPO WORKLOAD,2025-07-28,4.0,TEM-26
712020:5ee2f3fa-371b-4e6b-b912-594fc836bd92,TEMPO WORKLOAD,2025-07-28,8.0,TEM-2
5f4d8530d0884f00492507dd,TEMPO WORKLOAD,2025-07-28,2.0,TEM-26
636e3660c383ad842147234a,TEMPO WORKLOAD,2025-07-28,0.25,TEM-26
